#
# There is insufficient memory for the Java Runtime Environment to continue.
# Native memory allocation (malloc) failed to allocate 556496 bytes for Chunk::new
# Possible reasons:
#   The system is out of physical RAM or swap space
#   The process is running with CompressedOops enabled, and the Java Heap may be blocking the growth of the native heap
# Possible solutions:
#   Reduce memory load on the system
#   Increase physical memory or swap space
#   Check if swap backing store is full
#   Decrease Java heap size (-Xmx/-Xms)
#   Decrease number of Java threads
#   Decrease Java thread stack sizes (-Xss)
#   Set larger code cache with -XX:ReservedCodeCacheSize=
#   JVM is running with Zero Based Compressed Oops mode in which the Java heap is
#     placed in the first 32GB address space. The Java Heap base address is the
#     maximum limit for the native heap growth. Please use -XX:HeapBaseMinAddress
#     to set the Java Heap base and to place the Java Heap above 32GB virtual address.
# This output file may be truncated or incomplete.
#
#  Out of Memory Error (arena.cpp:184), pid=85068, tid=80328
#
# JRE version: Java(TM) SE Runtime Environment (19.0.2+7) (build 19.0.2+7-44)
# Java VM: Java HotSpot(TM) 64-Bit Server VM (19.0.2+7-44, mixed mode, sharing, tiered, compressed oops, compressed class ptrs, g1 gc, windows-amd64)
# No core dump will be written. Minidumps are not enabled by default on client versions of Windows
#

---------------  S U M M A R Y ------------

Command Line: -XX:+ShowCodeDetailsInExceptionMessages gradle.App

Host: Intel(R) Core(TM) i7-10750H CPU @ 2.60GHz, 12 cores, 15G,  Windows 11 , 64 bit Build 22000 (10.0.22000.2538)
Time: Sat Jul 20 22:27:31 2024 Iran Standard Time elapsed time: 15.652977 seconds (0d 0h 0m 15s)

---------------  T H R E A D  ---------------

Current thread (0x0000024dd19c3530):  JavaThread "C2 CompilerThread0" daemon [_thread_in_native, id=80328, stack(0x000000d0d7c00000,0x000000d0d7d00000)]


Current CompileTask:
C2:  15653 3031   !   4       javax.swing.RepaintManager::addDirtyRegion0 (205 bytes)

Stack: [0x000000d0d7c00000,0x000000d0d7d00000]
Native frames: (J=compiled Java code, j=interpreted, Vv=VM code, C=native code)
V  [jvm.dll+0x6ee21a]
V  [jvm.dll+0x85765e]
V  [jvm.dll+0x85904e]
V  [jvm.dll+0x859703]
V  [jvm.dll+0x28298f]
V  [jvm.dll+0xc9adf]
V  [jvm.dll+0xc9e65]
V  [jvm.dll+0x2f7caf]
V  [jvm.dll+0x5f076b]
V  [jvm.dll+0x255483]
V  [jvm.dll+0x24da11]
V  [jvm.dll+0x24b673]
V  [jvm.dll+0x1d6ce1]
V  [jvm.dll+0x25b25a]
V  [jvm.dll+0x2596e8]
V  [jvm.dll+0x807588]
V  [jvm.dll+0x80125a]
V  [jvm.dll+0x6ecf0b]
C  [ucrtbase.dll+0x26c0c]
C  [KERNEL32.DLL+0x153e0]
C  [ntdll.dll+0x485b]


---------------  P R O C E S S  ---------------

Threads class SMR info:
_java_thread_list=0x0000024dd84d0190, length=714, elements={
0x0000024dd1984970, 0x0000024dd1987710, 0x0000024dd1988720, 0x0000024dd198a060,
0x0000024dd1993160, 0x0000024dd199e050, 0x0000024dd19c3530, 0x0000024dd19c4040,
0x0000024dd19c69c0, 0x0000024dd5d158d0, 0x0000024dd5d1e2b0, 0x0000024dd5f7b4b0,
0x0000024dd5f7bbe0, 0x0000024dd5f7c3d0, 0x0000024dd5f86390, 0x0000024dac1c2440,
0x0000024dd5ff4b90, 0x0000024dd6634e80, 0x0000024dd6982cc0, 0x0000024dd6984750,
0x0000024dd6984200, 0x0000024dd6983210, 0x0000024dd69861e0, 0x0000024dd6983760,
0x0000024dd6985740, 0x0000024dd6983cb0, 0x0000024dd69851f0, 0x0000024dd6984ca0,
0x0000024dd6985c90, 0x0000024dd69fcfd0, 0x0000024dd6a00a40, 0x0000024dd69faff0,
0x0000024dd69fda70, 0x0000024dd69fc530, 0x0000024dd6a024d0, 0x0000024dd69ff500,
0x0000024dd6a014e0, 0x0000024dd69ffa50, 0x0000024dd69fea60, 0x0000024dd6a01f80,
0x0000024dd69fffa0, 0x0000024dd6a02a20, 0x0000024dd69fd520, 0x0000024dd69fba90,
0x0000024dd69fefb0, 0x0000024dd6a00f90, 0x0000024dd69fdfc0, 0x0000024dd69fb540,
0x0000024dd6a004f0, 0x0000024dd69fca80, 0x0000024dd69fbfe0, 0x0000024dd6a01a30,
0x0000024dd69fe510, 0x0000024dd6726bd0, 0x0000024dd6728bb0, 0x0000024dd672b0e0,
0x0000024dd6729650, 0x0000024dd672d0c0, 0x0000024dd6727bc0, 0x0000024dd672cb70,
0x0000024dd672db60, 0x0000024dd6726130, 0x0000024dd6728660, 0x0000024dd672d610,
0x0000024dd6729100, 0x0000024dd6727670, 0x0000024dd672a640, 0x0000024dd6729ba0,
0x0000024dd672ab90, 0x0000024dd672b630, 0x0000024dd672bb80, 0x0000024dd672c0d0,
0x0000024dd672c620, 0x0000024dd672a0f0, 0x0000024dd6726680, 0x0000024dd6727120,
0x0000024dd6728110, 0x0000024dd816cdb0, 0x0000024dd8171810, 0x0000024dd816c860,
0x0000024dd816c310, 0x0000024dd8172d50, 0x0000024dd816dda0, 0x0000024dd81712c0,
0x0000024dd81732a0, 0x0000024dd816d300, 0x0000024dd816d850, 0x0000024dd81737f0,
0x0000024dd8173d40, 0x0000024dd816e2f0, 0x0000024dd816e840, 0x0000024dd8171d60,
0x0000024dd816ed90, 0x0000024dd81722b0, 0x0000024dd8172800, 0x0000024dd816f2e0,
0x0000024dd816f830, 0x0000024dd816fd80, 0x0000024dd81702d0, 0x0000024dd8170820,
0x0000024dd8170d70, 0x0000024dd6d261e0, 0x0000024dd6d25740, 0x0000024dd6d2c6d0,
0x0000024dd6d29c50, 0x0000024dd6d2c180, 0x0000024dd6d28710, 0x0000024dd6d25c90,
0x0000024dd6d2cc20, 0x0000024dd6d2d170, 0x0000024dd6d26730, 0x0000024dd6d26c80,
0x0000024dd6d2ac40, 0x0000024dd6d271d0, 0x0000024dd6d27720, 0x0000024dd6d27c70,
0x0000024dd6d281c0, 0x0000024dd6d2b6e0, 0x0000024dd6d2b190, 0x0000024dd6d28c60,
0x0000024dd6d291b0, 0x0000024dd6d29700, 0x0000024dd6d2bc30, 0x0000024dd6d2a1a0,
0x0000024dd6d2a6f0, 0x0000024dd85febb0, 0x0000024dd85fd670, 0x0000024dd85fb690,
0x0000024dd85fb140, 0x0000024dd85fbbe0, 0x0000024dd85fe660, 0x0000024dd85fcbd0,
0x0000024dd85ffba0, 0x0000024dd85fc130, 0x0000024dd8600640, 0x0000024dd86000f0,
0x0000024dd86020d0, 0x0000024dd85fc680, 0x0000024dd85fe110, 0x0000024dd85fd120,
0x0000024dd85fdbc0, 0x0000024dd86010e0, 0x0000024dd8601b80, 0x0000024dd8601630,
0x0000024dd85ff100, 0x0000024dd85ff650, 0x0000024dd8600b90, 0x0000024dd85fa6a0,
0x0000024dd85fabf0, 0x0000024dda963120, 0x0000024dda960bf0, 0x0000024dda968620,
0x0000024dda963670, 0x0000024dda961be0, 0x0000024dda962680, 0x0000024dda966640,
0x0000024dda963bc0, 0x0000024dda964110, 0x0000024dda964660, 0x0000024dda967630,
0x0000024dda9680d0, 0x0000024dda965100, 0x0000024dda961140, 0x0000024dda967b80,
0x0000024dda961690, 0x0000024dda964bb0, 0x0000024dda965650, 0x0000024dda962130,
0x0000024dda962bd0, 0x0000024dda965ba0, 0x0000024dda9660f0, 0x0000024dda966b90,
0x0000024dda9670e0, 0x0000024dd6da7c90, 0x0000024dd6da0d00, 0x0000024dd6da1cf0,
0x0000024dd6da4770, 0x0000024dd6da4cc0, 0x0000024dd6da3cd0, 0x0000024dd6da71f0,
0x0000024dd6da2240, 0x0000024dd6da2790, 0x0000024dd6da3780, 0x0000024dd6da5210,
0x0000024dd6da1250, 0x0000024dd6da6ca0, 0x0000024dd6da2ce0, 0x0000024dd6da3230,
0x0000024dd6da4220, 0x0000024dd6da5760, 0x0000024dd6da8730, 0x0000024dd6da17a0,
0x0000024dd6da7740, 0x0000024dd6da5cb0, 0x0000024dd6da81e0, 0x0000024dd6da6200,
0x0000024dd6da6750, 0x0000024dd6cf8030, 0x0000024dd6cfb000, 0x0000024dd6cfaab0,
0x0000024dd6cf9570, 0x0000024dd6cf55b0, 0x0000024dd6cfa010, 0x0000024dd6cf9020,
0x0000024dd6cfca90, 0x0000024dd6cfa560, 0x0000024dd6cf5b00, 0x0000024dd6cf8ad0,
0x0000024dd6cfb550, 0x0000024dd6cfbaa0, 0x0000024dd6cfc540, 0x0000024dd6cf8580,
0x0000024dd6cf7040, 0x0000024dd6cf6050, 0x0000024dd6cf5060, 0x0000024dd6cfbff0,
0x0000024dd6cf6af0, 0x0000024dd6cf65a0, 0x0000024dd6cf9ac0, 0x0000024dd6cf7590,
0x0000024dd6cf7ae0, 0x0000024dda78baa0, 0x0000024dda78a560, 0x0000024dda789ac0,
0x0000024dda78b000, 0x0000024dda789020, 0x0000024dda788030, 0x0000024dda78aab0,
0x0000024dda787590, 0x0000024dda784b10, 0x0000024dda7845c0, 0x0000024dda7865a0,
0x0000024dda78a010, 0x0000024dda78b550, 0x0000024dda786af0, 0x0000024dda787040,
0x0000024dda784070, 0x0000024dda787ae0, 0x0000024dda785060, 0x0000024dda788580,
0x0000024dda78bff0, 0x0000024dda78c540, 0x0000024dda788ad0, 0x0000024dda7855b0,
0x0000024dda789570, 0x0000024dda78ca90, 0x0000024dda78cfe0, 0x0000024dda78d530,
0x0000024dda785b00, 0x0000024dda78da80, 0x0000024dda786050, 0x0000024dda78e520,
0x0000024dda791a40, 0x0000024dda7934d0, 0x0000024dda78dfd0, 0x0000024dda78ea70,
0x0000024dda78efc0, 0x0000024dda792f80, 0x0000024dda78f510, 0x0000024dda790500,
0x0000024dda7914f0, 0x0000024dda793a20, 0x0000024dda791f90, 0x0000024dda78ffb0,
0x0000024dda790a50, 0x0000024dda7924e0, 0x0000024dda78fa60, 0x0000024dda790fa0,
0x0000024dda792a30, 0x0000024dd5cc1fd0, 0x0000024dd5cc6f80, 0x0000024dd5cc74d0,
0x0000024dd5cc4500, 0x0000024dd5cc2fc0, 0x0000024dd5cc3510, 0x0000024dd5cc54f0,
0x0000024dd5cc4fa0, 0x0000024dd5cc64e0, 0x0000024dd5cc6a30, 0x0000024dd5cc1a80,
0x0000024dd5cc2520, 0x0000024dd5cc3a60, 0x0000024dd5cc0a90, 0x0000024dd5cc7a20,
0x0000024dd5cc1530, 0x0000024dd5cc3fb0, 0x0000024dd5cc7f70, 0x0000024dd5cc4a50,
0x0000024dd5cc2a70, 0x0000024dd5cc5a40, 0x0000024dd5cc5f90, 0x0000024dd5cc84c0,
0x0000024dd5cc8a10, 0x0000024dd5cc0fe0, 0x0000024dd5ccb9e0, 0x0000024dd5cc8f60,
0x0000024dd5ccf9a0, 0x0000024dd5ccc9d0, 0x0000024dd5cccf20, 0x0000024dd5cca4a0,
0x0000024dd5cc94b0, 0x0000024dd5ccfef0, 0x0000024dd5cce9b0, 0x0000024dd5cd0440,
0x0000024dd5ccd9c0, 0x0000024dd5cce460, 0x0000024dd5cc9f50, 0x0000024dd5ccd470,
0x0000024dd5cca9f0, 0x0000024dd5ccdf10, 0x0000024dd5cc9a00, 0x0000024dd5ccaf40,
0x0000024dd5ccb490, 0x0000024dd5ccef00, 0x0000024dd5ccbf30, 0x0000024dd5ccc480,
0x0000024dd5ccf450, 0x0000024dd88a7d80, 0x0000024dd88ab2a0, 0x0000024dd88a8820,
0x0000024dd88a6840, 0x0000024dd88a9810, 0x0000024dd88ab7f0, 0x0000024dd88a82d0,
0x0000024dd88aad50, 0x0000024dd88abd40, 0x0000024dd88a62f0, 0x0000024dd88a6d90,
0x0000024dd88a72e0, 0x0000024dd88a8d70, 0x0000024dd88aa800, 0x0000024dd88ac290,
0x0000024dd88ac7e0, 0x0000024dd88a4db0, 0x0000024dd88a92c0, 0x0000024dd88a9d60,
0x0000024dd88a7830, 0x0000024dd88aa2b0, 0x0000024dd88a5850, 0x0000024dd88acd30,
0x0000024dd88a5300, 0x0000024dd88ad280, 0x0000024dd88ad7d0, 0x0000024dd88a5da0,
0x0000024dd88b3770, 0x0000024dd88b4760, 0x0000024dd88b1790, 0x0000024dd88b2cd0,
0x0000024dd88b2780, 0x0000024dd88b0250, 0x0000024dd88ae270, 0x0000024dd88ae7c0,
0x0000024dd88b07a0, 0x0000024dd88b0cf0, 0x0000024dd88b3cc0, 0x0000024dd88af260,
0x0000024dd88add20, 0x0000024dd88aed10, 0x0000024dd88b1240, 0x0000024dd88b2230,
0x0000024dd88b3220, 0x0000024dd88af7b0, 0x0000024dd88afd00, 0x0000024dd88b4210,
0x0000024dd88b1ce0, 0x0000024dd86d9b00, 0x0000024dd86df000, 0x0000024dd86dc030,
0x0000024dd86da050, 0x0000024dd86dc580, 0x0000024dd86d9060, 0x0000024dd86db040,
0x0000024dd86e0540, 0x0000024dd86de560, 0x0000024dd86dbae0, 0x0000024dd86daaf0,
0x0000024dd86da5a0, 0x0000024dd86dfff0, 0x0000024dd86dcad0, 0x0000024dd86db590,
0x0000024dd86dd020, 0x0000024dd86de010, 0x0000024dd86deab0, 0x0000024dd86df550,
0x0000024dd86dd570, 0x0000024dd86ddac0, 0x0000024dd86dfaa0, 0x0000024dd86d95b0,
0x0000024dd86e2fc0, 0x0000024dd86e4500, 0x0000024dd86e2a70, 0x0000024dd86e3fb0,
0x0000024dd86e3510, 0x0000024dd86e4a50, 0x0000024dd86e84c0, 0x0000024dd86e6a30,
0x0000024dd86e5f90, 0x0000024dd86e4fa0, 0x0000024dd86e6f80, 0x0000024dd86e54f0,
0x0000024dd86e5a40, 0x0000024dd86e7f70, 0x0000024dd86e74d0, 0x0000024dd86e64e0,
0x0000024dd86e7a20, 0x0000024dd86e1530, 0x0000024dd86e0a90, 0x0000024dd86e8a10,
0x0000024dd86e1fd0, 0x0000024dd86e0fe0, 0x0000024dd86e1a80, 0x0000024dd86e2520,
0x0000024dd86e3a60, 0x0000024dd8860180, 0x0000024dd8861c10, 0x0000024dd8862c00,
0x0000024dd88636a0, 0x0000024dd88606d0, 0x0000024dd88616c0, 0x0000024dd885ec40,
0x0000024dd8864140, 0x0000024dd88626b0, 0x0000024dd8864690, 0x0000024dd8861170,
0x0000024dd8863150, 0x0000024dd885f6e0, 0x0000024dd885fc30, 0x0000024dd885f190,
0x0000024dd8865680, 0x0000024dd8863bf0, 0x0000024dd8860c20, 0x0000024dd8864be0,
0x0000024dd8865130, 0x0000024dd8865bd0, 0x0000024dd885e1a0, 0x0000024dd8866120,
0x0000024dd885e6f0, 0x0000024dd886e0a0, 0x0000024dd886d0b0, 0x0000024dd886c0c0,
0x0000024dd8867110, 0x0000024dd8866bc0, 0x0000024dd8868100, 0x0000024dd886b620,
0x0000024dd8866670, 0x0000024dd886a630, 0x0000024dd886ab80, 0x0000024dd886f090,
0x0000024dd886bb70, 0x0000024dd886eb40, 0x0000024dd886d600, 0x0000024dd886e5f0,
0x0000024dd8868ba0, 0x0000024dd886db50, 0x0000024dd886a0e0, 0x0000024dd886b0d0,
0x0000024dd8867660, 0x0000024dd886f5e0, 0x0000024dd8867bb0, 0x0000024dd886c610,
0x0000024dd886fb30, 0x0000024dd886cb60, 0x0000024dd8870080, 0x0000024dd8868650,
0x0000024dd88705d0, 0x0000024dd8870b20, 0x0000024dd88690f0, 0x0000024dd8871070,
0x0000024dd8869640, 0x0000024dd88715c0, 0x0000024dd8869b90, 0x0000024dd8871b10,
0x0000024dd8872060, 0x0000024dd88725b0, 0x0000024dd8872b00, 0x0000024dd8873050,
0x0000024dd8877560, 0x0000024dd8873af0, 0x0000024dd8876570, 0x0000024dd8878ff0,
0x0000024dd8876020, 0x0000024dd8878550, 0x0000024dd8878aa0, 0x0000024dd8879540,
0x0000024dd887afd0, 0x0000024dd8879a90, 0x0000024dd8876ac0, 0x0000024dd887a530,
0x0000024dd8877ab0, 0x0000024dd8875580, 0x0000024dd8877010, 0x0000024dd8874040,
0x0000024dd88735a0, 0x0000024dd8875030, 0x0000024dd8875ad0, 0x0000024dd8878000,
0x0000024dd887ba70, 0x0000024dd8879fe0, 0x0000024dd887aa80, 0x0000024dd887b520,
0x0000024dd887bfc0, 0x0000024dd8874590, 0x0000024dd887c510, 0x0000024dd8874ae0,
0x0000024dd887ca60, 0x0000024dd887da50, 0x0000024dd887cfb0, 0x0000024dd887d500,
0x0000024ddabf1f80, 0x0000024ddabf3f60, 0x0000024ddabf44b0, 0x0000024ddabed520,
0x0000024ddabf1a30, 0x0000024ddabf24d0, 0x0000024ddabeea60, 0x0000024ddabf2a20,
0x0000024ddabf3a10, 0x0000024ddabf2f70, 0x0000024ddabf34c0, 0x0000024ddabf4a00,
0x0000024ddabee510, 0x0000024ddabecfd0, 0x0000024ddabf0a40, 0x0000024ddabf4f50,
0x0000024ddabf54a0, 0x0000024ddabeda70, 0x0000024ddabf0f90, 0x0000024ddabf59f0,
0x0000024ddabeffa0, 0x0000024ddabefa50, 0x0000024ddabf14e0, 0x0000024ddabedfc0,
0x0000024ddabf5f40, 0x0000024ddabeefb0, 0x0000024ddabf6490, 0x0000024ddabf6f30,
0x0000024ddabf69e0, 0x0000024ddabef500, 0x0000024ddabf7480, 0x0000024ddabf79d0,
0x0000024ddabf7f20, 0x0000024ddabf04f0, 0x0000024ddabf89c0, 0x0000024ddabfa450,
0x0000024ddabf9f00, 0x0000024ddabfced0, 0x0000024ddabff400, 0x0000024ddabfa9a0,
0x0000024ddabff950, 0x0000024ddabf8470, 0x0000024ddabfc430, 0x0000024ddabfd420,
0x0000024ddabfbee0, 0x0000024ddabfaef0, 0x0000024ddabfd970, 0x0000024ddabfe410,
0x0000024ddabfe960, 0x0000024ddabffea0, 0x0000024ddabfb440, 0x0000024ddac003f0,
0x0000024ddabf8f10, 0x0000024ddac00940, 0x0000024ddabfdec0, 0x0000024ddabfeeb0,
0x0000024ddabfb990, 0x0000024ddac00e90, 0x0000024ddabf9460, 0x0000024ddac013e0,
0x0000024ddabf99b0, 0x0000024ddac01930, 0x0000024ddac01e80, 0x0000024ddabfc980,
0x0000024ddac058f0, 0x0000024ddac02e70, 0x0000024ddac04e50, 0x0000024ddac023d0,
0x0000024ddac09e00, 0x0000024ddac04900, 0x0000024ddac07e20, 0x0000024ddac043b0,
0x0000024ddac02920, 0x0000024ddac06e30, 0x0000024ddac033c0, 0x0000024ddac0a350,
0x0000024ddac08e10, 0x0000024ddac0a8a0, 0x0000024ddac05e40, 0x0000024ddac088c0,
0x0000024ddac068e0, 0x0000024ddac08370, 0x0000024ddac06390, 0x0000024ddac07380,
0x0000024ddac0adf0, 0x0000024ddac03910, 0x0000024ddac053a0, 0x0000024ddac098b0,
0x0000024ddac09360, 0x0000024ddac0b340, 0x0000024ddac078d0, 0x0000024ddac0b890,
0x0000024ddac03e60, 0x0000024ddac0bde0, 0x0000024ddac0c330, 0x0000024ddac0c880,
0x0000024de5a489b0, 0x0000024de5a47f10, 0x0000024de5a499a0, 0x0000024de5a4e400,
0x0000024de5a4a990, 0x0000024de5a4deb0, 0x0000024de5a4c420, 0x0000024de5a4bed0,
0x0000024de5a4cec0, 0x0000024de5a49ef0, 0x0000024de5a47470, 0x0000024de5a4a440,
0x0000024de5a4aee0, 0x0000024de5a4d410, 0x0000024de5a4b430, 0x0000024de5a4d960,
0x0000024de5a4e950, 0x0000024de5a4eea0, 0x0000024de5a4f3f0, 0x0000024de5a479c0,
0x0000024de5a49450, 0x0000024de5a4f940, 0x0000024de5a4b980, 0x0000024de5a4c970,
0x0000024de5a4fe90, 0x0000024de5a48460, 0x0000024de5a503e0, 0x0000024de5a50930,
0x0000024de5a48f00, 0x0000024de5a50e80, 0x0000024de5a513d0, 0x0000024de5a51920,
0x0000024de5a39550, 0x0000024de5a325c0, 0x0000024de5a37570, 0x0000024de5a37ac0,
0x0000024de5a36580, 0x0000024de5a33b00, 0x0000024de5a38010, 0x0000024de5a38560,
0x0000024de5a39000, 0x0000024de5a36030, 0x0000024de5a39aa0, 0x0000024de5a32070,
0x0000024de5a39ff0, 0x0000024de5a38ab0, 0x0000024de5a3a540, 0x0000024de5a32b10,
0x0000024de5a3aa90, 0x0000024de5a33060, 0x0000024de5a35040, 0x0000024de5a3afe0,
0x0000024de5a335b0, 0x0000024de5a3b530, 0x0000024de5a3ba80, 0x0000024de5a35ae0,
0x0000024de5a36ad0, 0x0000024de5a37020, 0x0000024de5a34050, 0x0000024de5a3bfd0,
0x0000024de5a35590, 0x0000024de5a345a0, 0x0000024de5a3c520, 0x0000024de5a34af0,
0x0000024de5a3fa40, 0x0000024de5a40f80, 0x0000024de5a434b0, 0x0000024de5a3dfb0,
0x0000024de5a3e500, 0x0000024de5a414d0, 0x0000024de5a3efa0, 0x0000024de5a41f70,
0x0000024de5a43f50, 0x0000024de5a3ff90, 0x0000024de5a3f4f0, 0x0000024de5a42a10,
0x0000024de5a444a0, 0x0000024de5a42f60, 0x0000024de5a3ca70, 0x0000024de5a3ea50,
0x0000024de5a404e0, 0x0000024de5a41a20, 0x0000024de5a40a30, 0x0000024de5a43a00,
0x0000024de5a449f0, 0x0000024de5a3cfc0, 0x0000024de5a44f40, 0x0000024de5a424c0,
0x0000024de5a3d510, 0x0000024de5a45490, 0x0000024de5a3da60, 0x0000024de5a459e0,
0x0000024de5a45f30, 0x0000024de5a46480, 0x0000024de5a469d0, 0x0000024de5a46f20,
0x0000024ddac9bc80, 0x0000024ddac9cc70, 0x0000024ddac9b730, 0x0000024ddac9dc60,
0x0000024ddac99750, 0x0000024ddac9a1f0, 0x0000024ddac9f1a0, 0x0000024ddac98210,
0x0000024ddac9b1e0, 0x0000024ddac99ca0, 0x0000024ddac9e700, 0x0000024ddac9ec50,
0x0000024ddac9c1d0, 0x0000024ddac98760
}

Java Threads: ( => current thread )
  0x0000024dd1984970 JavaThread "Reference Handler" daemon [_thread_blocked, id=87160, stack(0x000000d0d7600000,0x000000d0d7700000)]
  0x0000024dd1987710 JavaThread "Finalizer" daemon [_thread_blocked, id=84008, stack(0x000000d0d7700000,0x000000d0d7800000)]
  0x0000024dd1988720 JavaThread "Signal Dispatcher" daemon [_thread_blocked, id=82980, stack(0x000000d0d7800000,0x000000d0d7900000)]
  0x0000024dd198a060 JavaThread "Attach Listener" daemon [_thread_blocked, id=84016, stack(0x000000d0d7900000,0x000000d0d7a00000)]
  0x0000024dd1993160 JavaThread "Service Thread" daemon [_thread_blocked, id=86892, stack(0x000000d0d7a00000,0x000000d0d7b00000)]
  0x0000024dd199e050 JavaThread "Monitor Deflation Thread" daemon [_thread_blocked, id=84772, stack(0x000000d0d7b00000,0x000000d0d7c00000)]
=>0x0000024dd19c3530 JavaThread "C2 CompilerThread0" daemon [_thread_in_native, id=80328, stack(0x000000d0d7c00000,0x000000d0d7d00000)]
  0x0000024dd19c4040 JavaThread "C1 CompilerThread0" daemon [_thread_blocked, id=87680, stack(0x000000d0d7d00000,0x000000d0d7e00000)]
  0x0000024dd19c69c0 JavaThread "Sweeper thread" daemon [_thread_blocked, id=86868, stack(0x000000d0d7e00000,0x000000d0d7f00000)]
  0x0000024dd5d158d0 JavaThread "Notification Thread" daemon [_thread_blocked, id=80584, stack(0x000000d0d7f00000,0x000000d0d8000000)]
  0x0000024dd5d1e2b0 JavaThread "Common-Cleaner" daemon [_thread_blocked, id=86128, stack(0x000000d0d8100000,0x000000d0d8200000)]
  0x0000024dd5f7b4b0 JavaThread "Java2D Disposer" daemon [_thread_blocked, id=87148, stack(0x000000d0d8200000,0x000000d0d8300000)]
  0x0000024dd5f7bbe0 JavaThread "AWT-Shutdown" [_thread_blocked, id=83964, stack(0x000000d0d8300000,0x000000d0d8400000)]
  0x0000024dd5f7c3d0 JavaThread "AWT-Windows" daemon [_thread_in_native, id=86072, stack(0x000000d0d8400000,0x000000d0d8500000)]
  0x0000024dd5f86390 JavaThread "AWT-EventQueue-0" [_thread_blocked, id=86036, stack(0x000000d0d8500000,0x000000d0d8600000)]
  0x0000024dac1c2440 JavaThread "DestroyJavaVM" [_thread_blocked, id=86816, stack(0x000000d0d6f00000,0x000000d0d7000000)]
  0x0000024dd5ff4b90 JavaThread "Java Sound Event Dispatcher" daemon [_thread_blocked, id=84384, stack(0x000000d0d8800000,0x000000d0d8900000)]
  0x0000024dd6634e80 JavaThread "Direct Clip" daemon [_thread_blocked, id=86428, stack(0x000000d0d8c00000,0x000000d0d8d00000)]
  0x0000024dd6982cc0 JavaThread "TimerQueue" daemon [_thread_blocked, id=78600, stack(0x000000d0d9000000,0x000000d0d9100000)]
  0x0000024dd6984750 JavaThread "Thread-0" [_thread_blocked, id=86132, stack(0x000000d0d9100000,0x000000d0d9200000)]
  0x0000024dd6984200 JavaThread "Thread-1" [_thread_blocked, id=87564, stack(0x000000d0d9200000,0x000000d0d9300000)]
  0x0000024dd6983210 JavaThread "Thread-2" [_thread_blocked, id=86220, stack(0x000000d0d9300000,0x000000d0d9400000)]
  0x0000024dd69861e0 JavaThread "Thread-3" [_thread_blocked, id=87380, stack(0x000000d0d9400000,0x000000d0d9500000)]
  0x0000024dd6983760 JavaThread "Thread-4" [_thread_blocked, id=87452, stack(0x000000d0d9500000,0x000000d0d9600000)]
  0x0000024dd6985740 JavaThread "Thread-5" [_thread_blocked, id=82008, stack(0x000000d0d9600000,0x000000d0d9700000)]
  0x0000024dd6983cb0 JavaThread "Thread-6" [_thread_blocked, id=83048, stack(0x000000d0d9700000,0x000000d0d9800000)]
  0x0000024dd69851f0 JavaThread "Thread-7" [_thread_blocked, id=81176, stack(0x000000d0d9800000,0x000000d0d9900000)]
  0x0000024dd6984ca0 JavaThread "Thread-8" [_thread_blocked, id=80488, stack(0x000000d0d9900000,0x000000d0d9a00000)]
  0x0000024dd6985c90 JavaThread "Thread-9" [_thread_blocked, id=86116, stack(0x000000d0d9a00000,0x000000d0d9b00000)]
  0x0000024dd69fcfd0 JavaThread "Thread-10" [_thread_blocked, id=86624, stack(0x000000d0d9b00000,0x000000d0d9c00000)]
  0x0000024dd6a00a40 JavaThread "Thread-11" [_thread_blocked, id=78564, stack(0x000000d0d9c00000,0x000000d0d9d00000)]
  0x0000024dd69faff0 JavaThread "Thread-12" [_thread_blocked, id=86916, stack(0x000000d0d9d00000,0x000000d0d9e00000)]
  0x0000024dd69fda70 JavaThread "pool-1-thread-1" [_thread_blocked, id=87600, stack(0x000000d0d9e00000,0x000000d0d9f00000)]
  0x0000024dd69fc530 JavaThread "Direct Clip" daemon [_thread_blocked, id=71244, stack(0x000000d0da900000,0x000000d0daa00000)]
  0x0000024dd6a024d0 JavaThread "Direct Clip" daemon [_thread_blocked, id=85380, stack(0x000000d0daa00000,0x000000d0dab00000)]
  0x0000024dd69ff500 JavaThread "Direct Clip" daemon [_thread_blocked, id=83192, stack(0x000000d0dab00000,0x000000d0dac00000)]
  0x0000024dd6a014e0 JavaThread "Direct Clip" daemon [_thread_blocked, id=78356, stack(0x000000d0da800000,0x000000d0da900000)]
  0x0000024dd69ffa50 JavaThread "Direct Clip" daemon [_thread_blocked, id=64860, stack(0x000000d0dac00000,0x000000d0dad00000)]
  0x0000024dd69fea60 JavaThread "Direct Clip" daemon [_thread_blocked, id=83624, stack(0x000000d0dad00000,0x000000d0dae00000)]
  0x0000024dd6a01f80 JavaThread "Direct Clip" daemon [_thread_blocked, id=85884, stack(0x000000d0dae00000,0x000000d0daf00000)]
  0x0000024dd69fffa0 JavaThread "Direct Clip" daemon [_thread_blocked, id=86524, stack(0x000000d0daf00000,0x000000d0db000000)]
  0x0000024dd6a02a20 JavaThread "Direct Clip" daemon [_thread_blocked, id=80928, stack(0x000000d0db000000,0x000000d0db100000)]
  0x0000024dd69fd520 JavaThread "Direct Clip" daemon [_thread_blocked, id=85712, stack(0x000000d0db100000,0x000000d0db200000)]
  0x0000024dd69fba90 JavaThread "Direct Clip" daemon [_thread_blocked, id=85780, stack(0x000000d0db200000,0x000000d0db300000)]
  0x0000024dd69fefb0 JavaThread "Direct Clip" daemon [_thread_blocked, id=87352, stack(0x000000d0db300000,0x000000d0db400000)]
  0x0000024dd6a00f90 JavaThread "Direct Clip" daemon [_thread_blocked, id=77384, stack(0x000000d0db400000,0x000000d0db500000)]
  0x0000024dd69fdfc0 JavaThread "Direct Clip" daemon [_thread_blocked, id=87476, stack(0x000000d0db500000,0x000000d0db600000)]
  0x0000024dd69fb540 JavaThread "Direct Clip" daemon [_thread_blocked, id=87276, stack(0x000000d0db600000,0x000000d0db700000)]
  0x0000024dd6a004f0 JavaThread "Direct Clip" daemon [_thread_blocked, id=60696, stack(0x000000d0db700000,0x000000d0db800000)]
  0x0000024dd69fca80 JavaThread "Direct Clip" daemon [_thread_blocked, id=87976, stack(0x000000d0db800000,0x000000d0db900000)]
  0x0000024dd69fbfe0 JavaThread "Direct Clip" daemon [_thread_blocked, id=78104, stack(0x000000d0db900000,0x000000d0dba00000)]
  0x0000024dd6a01a30 JavaThread "Direct Clip" daemon [_thread_blocked, id=87548, stack(0x000000d0dba00000,0x000000d0dbb00000)]
  0x0000024dd69fe510 JavaThread "Direct Clip" daemon [_thread_blocked, id=3996, stack(0x000000d0dbb00000,0x000000d0dbc00000)]
  0x0000024dd6726bd0 JavaThread "Direct Clip" daemon [_thread_blocked, id=75968, stack(0x000000d0dbc00000,0x000000d0dbd00000)]
  0x0000024dd6728bb0 JavaThread "Direct Clip" daemon [_thread_blocked, id=87240, stack(0x000000d0dbd00000,0x000000d0dbe00000)]
  0x0000024dd672b0e0 JavaThread "Direct Clip" daemon [_thread_blocked, id=87608, stack(0x000000d0dbe00000,0x000000d0dbf00000)]
  0x0000024dd6729650 JavaThread "Direct Clip" daemon [_thread_blocked, id=79260, stack(0x000000d0dbf00000,0x000000d0dc000000)]
  0x0000024dd672d0c0 JavaThread "Direct Clip" daemon [_thread_blocked, id=86000, stack(0x000000d0dc000000,0x000000d0dc100000)]
  0x0000024dd6727bc0 JavaThread "Direct Clip" daemon [_thread_blocked, id=85464, stack(0x000000d0dc100000,0x000000d0dc200000)]
  0x0000024dd672cb70 JavaThread "Direct Clip" daemon [_thread_blocked, id=83356, stack(0x000000d0dc200000,0x000000d0dc300000)]
  0x0000024dd672db60 JavaThread "Direct Clip" daemon [_thread_blocked, id=87800, stack(0x000000d0dc300000,0x000000d0dc400000)]
  0x0000024dd6726130 JavaThread "Direct Clip" daemon [_thread_blocked, id=63484, stack(0x000000d0dc400000,0x000000d0dc500000)]
  0x0000024dd6728660 JavaThread "Direct Clip" daemon [_thread_blocked, id=79836, stack(0x000000d0dc500000,0x000000d0dc600000)]
  0x0000024dd672d610 JavaThread "Direct Clip" daemon [_thread_blocked, id=87584, stack(0x000000d0dc600000,0x000000d0dc700000)]
  0x0000024dd6729100 JavaThread "Direct Clip" daemon [_thread_blocked, id=87508, stack(0x000000d0dc700000,0x000000d0dc800000)]
  0x0000024dd6727670 JavaThread "Direct Clip" daemon [_thread_blocked, id=85260, stack(0x000000d0dc800000,0x000000d0dc900000)]
  0x0000024dd672a640 JavaThread "Direct Clip" daemon [_thread_blocked, id=84528, stack(0x000000d0dc900000,0x000000d0dca00000)]
  0x0000024dd6729ba0 JavaThread "Direct Clip" daemon [_thread_blocked, id=76392, stack(0x000000d0dca00000,0x000000d0dcb00000)]
  0x0000024dd672ab90 JavaThread "Direct Clip" daemon [_thread_blocked, id=85832, stack(0x000000d0dcb00000,0x000000d0dcc00000)]
  0x0000024dd672b630 JavaThread "Direct Clip" daemon [_thread_blocked, id=86632, stack(0x000000d0dcc00000,0x000000d0dcd00000)]
  0x0000024dd672bb80 JavaThread "Direct Clip" daemon [_thread_blocked, id=81532, stack(0x000000d0dcd00000,0x000000d0dce00000)]
  0x0000024dd672c0d0 JavaThread "Direct Clip" daemon [_thread_blocked, id=78484, stack(0x000000d0dce00000,0x000000d0dcf00000)]
  0x0000024dd672c620 JavaThread "Direct Clip" daemon [_thread_blocked, id=87736, stack(0x000000d0dcf00000,0x000000d0dd000000)]
  0x0000024dd672a0f0 JavaThread "Direct Clip" daemon [_thread_blocked, id=85224, stack(0x000000d0dd000000,0x000000d0dd100000)]
  0x0000024dd6726680 JavaThread "Direct Clip" daemon [_thread_blocked, id=83236, stack(0x000000d0dd100000,0x000000d0dd200000)]
  0x0000024dd6727120 JavaThread "Direct Clip" daemon [_thread_blocked, id=85460, stack(0x000000d0dd200000,0x000000d0dd300000)]
  0x0000024dd6728110 JavaThread "Direct Clip" daemon [_thread_blocked, id=82488, stack(0x000000d0dd300000,0x000000d0dd400000)]
  0x0000024dd816cdb0 JavaThread "Direct Clip" daemon [_thread_blocked, id=80556, stack(0x000000d0dd400000,0x000000d0dd500000)]
  0x0000024dd8171810 JavaThread "Direct Clip" daemon [_thread_blocked, id=78660, stack(0x000000d0dd500000,0x000000d0dd600000)]
  0x0000024dd816c860 JavaThread "Direct Clip" daemon [_thread_blocked, id=78224, stack(0x000000d0dd600000,0x000000d0dd700000)]
  0x0000024dd816c310 JavaThread "Direct Clip" daemon [_thread_blocked, id=85796, stack(0x000000d0dd700000,0x000000d0dd800000)]
  0x0000024dd8172d50 JavaThread "Direct Clip" daemon [_thread_blocked, id=84332, stack(0x000000d0dd800000,0x000000d0dd900000)]
  0x0000024dd816dda0 JavaThread "Direct Clip" daemon [_thread_blocked, id=85720, stack(0x000000d0dd900000,0x000000d0dda00000)]
  0x0000024dd81712c0 JavaThread "Direct Clip" daemon [_thread_blocked, id=86236, stack(0x000000d0dda00000,0x000000d0ddb00000)]
  0x0000024dd81732a0 JavaThread "Direct Clip" daemon [_thread_blocked, id=77968, stack(0x000000d0ddb00000,0x000000d0ddc00000)]
  0x0000024dd816d300 JavaThread "Direct Clip" daemon [_thread_blocked, id=85184, stack(0x000000d0ddc00000,0x000000d0ddd00000)]
  0x0000024dd816d850 JavaThread "Direct Clip" daemon [_thread_blocked, id=84908, stack(0x000000d0ddd00000,0x000000d0dde00000)]
  0x0000024dd81737f0 JavaThread "Direct Clip" daemon [_thread_blocked, id=86560, stack(0x000000d0dde00000,0x000000d0ddf00000)]
  0x0000024dd8173d40 JavaThread "Direct Clip" daemon [_thread_blocked, id=85992, stack(0x000000d0ddf00000,0x000000d0de000000)]
  0x0000024dd816e2f0 JavaThread "Direct Clip" daemon [_thread_blocked, id=81968, stack(0x000000d0de000000,0x000000d0de100000)]
  0x0000024dd816e840 JavaThread "Direct Clip" daemon [_thread_blocked, id=82400, stack(0x000000d0de100000,0x000000d0de200000)]
  0x0000024dd8171d60 JavaThread "Direct Clip" daemon [_thread_blocked, id=84024, stack(0x000000d0de200000,0x000000d0de300000)]
  0x0000024dd816ed90 JavaThread "Direct Clip" daemon [_thread_blocked, id=86596, stack(0x000000d0de300000,0x000000d0de400000)]
  0x0000024dd81722b0 JavaThread "Direct Clip" daemon [_thread_blocked, id=86060, stack(0x000000d0de400000,0x000000d0de500000)]
  0x0000024dd8172800 JavaThread "Direct Clip" daemon [_thread_blocked, id=72092, stack(0x000000d0de500000,0x000000d0de600000)]
  0x0000024dd816f2e0 JavaThread "Direct Clip" daemon [_thread_blocked, id=81688, stack(0x000000d0de600000,0x000000d0de700000)]
  0x0000024dd816f830 JavaThread "Direct Clip" daemon [_thread_blocked, id=75416, stack(0x000000d0de700000,0x000000d0de800000)]
  0x0000024dd816fd80 JavaThread "Direct Clip" daemon [_thread_blocked, id=87724, stack(0x000000d0de800000,0x000000d0de900000)]
  0x0000024dd81702d0 JavaThread "Direct Clip" daemon [_thread_blocked, id=86644, stack(0x000000d0de900000,0x000000d0dea00000)]
  0x0000024dd8170820 JavaThread "Direct Clip" daemon [_thread_blocked, id=74744, stack(0x000000d0dea00000,0x000000d0deb00000)]
  0x0000024dd8170d70 JavaThread "Direct Clip" daemon [_thread_blocked, id=86020, stack(0x000000d0deb00000,0x000000d0dec00000)]
  0x0000024dd6d261e0 JavaThread "Direct Clip" daemon [_thread_blocked, id=87052, stack(0x000000d0dec00000,0x000000d0ded00000)]
  0x0000024dd6d25740 JavaThread "Direct Clip" daemon [_thread_blocked, id=86268, stack(0x000000d0ded00000,0x000000d0dee00000)]
  0x0000024dd6d2c6d0 JavaThread "Direct Clip" daemon [_thread_blocked, id=76528, stack(0x000000d0dee00000,0x000000d0def00000)]
  0x0000024dd6d29c50 JavaThread "Direct Clip" daemon [_thread_blocked, id=86420, stack(0x000000d0def00000,0x000000d0df000000)]
  0x0000024dd6d2c180 JavaThread "Direct Clip" daemon [_thread_blocked, id=84848, stack(0x000000d0df000000,0x000000d0df100000)]
  0x0000024dd6d28710 JavaThread "Direct Clip" daemon [_thread_blocked, id=87064, stack(0x000000d0df100000,0x000000d0df200000)]
  0x0000024dd6d25c90 JavaThread "Direct Clip" daemon [_thread_blocked, id=87168, stack(0x000000d0df200000,0x000000d0df300000)]
  0x0000024dd6d2cc20 JavaThread "Direct Clip" daemon [_thread_blocked, id=81660, stack(0x000000d0df300000,0x000000d0df400000)]
  0x0000024dd6d2d170 JavaThread "Direct Clip" daemon [_thread_blocked, id=83088, stack(0x000000d0df400000,0x000000d0df500000)]
  0x0000024dd6d26730 JavaThread "Direct Clip" daemon [_thread_blocked, id=86792, stack(0x000000d0df500000,0x000000d0df600000)]
  0x0000024dd6d26c80 JavaThread "Direct Clip" daemon [_thread_blocked, id=87480, stack(0x000000d0df600000,0x000000d0df700000)]
  0x0000024dd6d2ac40 JavaThread "Direct Clip" daemon [_thread_blocked, id=76664, stack(0x000000d0df700000,0x000000d0df800000)]
  0x0000024dd6d271d0 JavaThread "Direct Clip" daemon [_thread_blocked, id=87164, stack(0x000000d0df800000,0x000000d0df900000)]
  0x0000024dd6d27720 JavaThread "Direct Clip" daemon [_thread_blocked, id=79784, stack(0x000000d0df900000,0x000000d0dfa00000)]
  0x0000024dd6d27c70 JavaThread "Direct Clip" daemon [_thread_blocked, id=64228, stack(0x000000d0dfa00000,0x000000d0dfb00000)]
  0x0000024dd6d281c0 JavaThread "Direct Clip" daemon [_thread_blocked, id=86508, stack(0x000000d0dfb00000,0x000000d0dfc00000)]
  0x0000024dd6d2b6e0 JavaThread "Direct Clip" daemon [_thread_blocked, id=85868, stack(0x000000d0dfc00000,0x000000d0dfd00000)]
  0x0000024dd6d2b190 JavaThread "Direct Clip" daemon [_thread_blocked, id=78384, stack(0x000000d0dfd00000,0x000000d0dfe00000)]
  0x0000024dd6d28c60 JavaThread "Direct Clip" daemon [_thread_blocked, id=86064, stack(0x000000d0dfe00000,0x000000d0dff00000)]
  0x0000024dd6d291b0 JavaThread "Direct Clip" daemon [_thread_blocked, id=88040, stack(0x000000d0dff00000,0x000000d0e0000000)]
  0x0000024dd6d29700 JavaThread "Direct Clip" daemon [_thread_blocked, id=84396, stack(0x000000d0e0000000,0x000000d0e0100000)]
  0x0000024dd6d2bc30 JavaThread "Direct Clip" daemon [_thread_blocked, id=78008, stack(0x000000d0e0100000,0x000000d0e0200000)]
  0x0000024dd6d2a1a0 JavaThread "Direct Clip" daemon [_thread_blocked, id=85632, stack(0x000000d0e0200000,0x000000d0e0300000)]
  0x0000024dd6d2a6f0 JavaThread "Direct Clip" daemon [_thread_blocked, id=84968, stack(0x000000d0e0300000,0x000000d0e0400000)]
  0x0000024dd85febb0 JavaThread "Direct Clip" daemon [_thread_blocked, id=75652, stack(0x000000d0e0400000,0x000000d0e0500000)]
  0x0000024dd85fd670 JavaThread "Direct Clip" daemon [_thread_blocked, id=86360, stack(0x000000d0e0500000,0x000000d0e0600000)]
  0x0000024dd85fb690 JavaThread "Direct Clip" daemon [_thread_blocked, id=85472, stack(0x000000d0e0600000,0x000000d0e0700000)]
  0x0000024dd85fb140 JavaThread "Direct Clip" daemon [_thread_blocked, id=86388, stack(0x000000d0e0700000,0x000000d0e0800000)]
  0x0000024dd85fbbe0 JavaThread "Direct Clip" daemon [_thread_blocked, id=79764, stack(0x000000d0e0800000,0x000000d0e0900000)]
  0x0000024dd85fe660 JavaThread "Direct Clip" daemon [_thread_blocked, id=86772, stack(0x000000d0e0900000,0x000000d0e0a00000)]
  0x0000024dd85fcbd0 JavaThread "Direct Clip" daemon [_thread_blocked, id=80528, stack(0x000000d0e0a00000,0x000000d0e0b00000)]
  0x0000024dd85ffba0 JavaThread "Direct Clip" daemon [_thread_blocked, id=87784, stack(0x000000d0e0b00000,0x000000d0e0c00000)]
  0x0000024dd85fc130 JavaThread "Direct Clip" daemon [_thread_blocked, id=73396, stack(0x000000d0d8f00000,0x000000d0d9000000)]
  0x0000024dd8600640 JavaThread "Direct Clip" daemon [_thread_blocked, id=87684, stack(0x000000d0e0c00000,0x000000d0e0d00000)]
  0x0000024dd86000f0 JavaThread "Direct Clip" daemon [_thread_blocked, id=84208, stack(0x000000d0e0d00000,0x000000d0e0e00000)]
  0x0000024dd86020d0 JavaThread "Direct Clip" daemon [_thread_blocked, id=80964, stack(0x000000d0e0e00000,0x000000d0e0f00000)]
  0x0000024dd85fc680 JavaThread "Direct Clip" daemon [_thread_blocked, id=87368, stack(0x000000d0e0f00000,0x000000d0e1000000)]
  0x0000024dd85fe110 JavaThread "Direct Clip" daemon [_thread_blocked, id=76100, stack(0x000000d0e1000000,0x000000d0e1100000)]
  0x0000024dd85fd120 JavaThread "Direct Clip" daemon [_thread_blocked, id=84632, stack(0x000000d0e1100000,0x000000d0e1200000)]
  0x0000024dd85fdbc0 JavaThread "Direct Clip" daemon [_thread_blocked, id=84480, stack(0x000000d0e1200000,0x000000d0e1300000)]
  0x0000024dd86010e0 JavaThread "Direct Clip" daemon [_thread_blocked, id=87968, stack(0x000000d0e1300000,0x000000d0e1400000)]
  0x0000024dd8601b80 JavaThread "Direct Clip" daemon [_thread_blocked, id=87204, stack(0x000000d0e1400000,0x000000d0e1500000)]
  0x0000024dd8601630 JavaThread "Direct Clip" daemon [_thread_blocked, id=83724, stack(0x000000d0e1500000,0x000000d0e1600000)]
  0x0000024dd85ff100 JavaThread "Direct Clip" daemon [_thread_blocked, id=88044, stack(0x000000d0e1600000,0x000000d0e1700000)]
  0x0000024dd85ff650 JavaThread "Direct Clip" daemon [_thread_blocked, id=83476, stack(0x000000d0e1700000,0x000000d0e1800000)]
  0x0000024dd8600b90 JavaThread "Direct Clip" daemon [_thread_blocked, id=86100, stack(0x000000d0e1800000,0x000000d0e1900000)]
  0x0000024dd85fa6a0 JavaThread "Direct Clip" daemon [_thread_blocked, id=75496, stack(0x000000d0e1900000,0x000000d0e1a00000)]
  0x0000024dd85fabf0 JavaThread "Direct Clip" daemon [_thread_blocked, id=87516, stack(0x000000d0e1a00000,0x000000d0e1b00000)]
  0x0000024dda963120 JavaThread "Direct Clip" daemon [_thread_blocked, id=87400, stack(0x000000d0e1b00000,0x000000d0e1c00000)]
  0x0000024dda960bf0 JavaThread "Direct Clip" daemon [_thread_blocked, id=83772, stack(0x000000d0e1c00000,0x000000d0e1d00000)]
  0x0000024dda968620 JavaThread "Direct Clip" daemon [_thread_blocked, id=38176, stack(0x000000d0e1d00000,0x000000d0e1e00000)]
  0x0000024dda963670 JavaThread "Direct Clip" daemon [_thread_blocked, id=86052, stack(0x000000d0e1e00000,0x000000d0e1f00000)]
  0x0000024dda961be0 JavaThread "Direct Clip" daemon [_thread_blocked, id=82832, stack(0x000000d0e1f00000,0x000000d0e2000000)]
  0x0000024dda962680 JavaThread "Direct Clip" daemon [_thread_blocked, id=86288, stack(0x000000d0e2000000,0x000000d0e2100000)]
  0x0000024dda966640 JavaThread "Direct Clip" daemon [_thread_blocked, id=31036, stack(0x000000d0e2100000,0x000000d0e2200000)]
  0x0000024dda963bc0 JavaThread "Direct Clip" daemon [_thread_blocked, id=87528, stack(0x000000d0e2200000,0x000000d0e2300000)]
  0x0000024dda964110 JavaThread "Direct Clip" daemon [_thread_blocked, id=87048, stack(0x000000d0e2300000,0x000000d0e2400000)]
  0x0000024dda964660 JavaThread "Direct Clip" daemon [_thread_blocked, id=78400, stack(0x000000d0e2400000,0x000000d0e2500000)]
  0x0000024dda967630 JavaThread "Direct Clip" daemon [_thread_blocked, id=85340, stack(0x000000d0e2500000,0x000000d0e2600000)]
  0x0000024dda9680d0 JavaThread "Direct Clip" daemon [_thread_blocked, id=86324, stack(0x000000d0e2600000,0x000000d0e2700000)]
  0x0000024dda965100 JavaThread "Direct Clip" daemon [_thread_blocked, id=29676, stack(0x000000d0e2700000,0x000000d0e2800000)]
  0x0000024dda961140 JavaThread "Direct Clip" daemon [_thread_blocked, id=87312, stack(0x000000d0e2800000,0x000000d0e2900000)]
  0x0000024dda967b80 JavaThread "Direct Clip" daemon [_thread_blocked, id=79032, stack(0x000000d0e2900000,0x000000d0e2a00000)]
  0x0000024dda961690 JavaThread "Direct Clip" daemon [_thread_blocked, id=86760, stack(0x000000d0e2a00000,0x000000d0e2b00000)]
  0x0000024dda964bb0 JavaThread "Direct Clip" daemon [_thread_blocked, id=75444, stack(0x000000d0e2b00000,0x000000d0e2c00000)]
  0x0000024dda965650 JavaThread "Direct Clip" daemon [_thread_blocked, id=85984, stack(0x000000d0e2c00000,0x000000d0e2d00000)]
  0x0000024dda962130 JavaThread "Direct Clip" daemon [_thread_blocked, id=86448, stack(0x000000d0e2d00000,0x000000d0e2e00000)]
  0x0000024dda962bd0 JavaThread "Direct Clip" daemon [_thread_blocked, id=82356, stack(0x000000d0e2e00000,0x000000d0e2f00000)]
  0x0000024dda965ba0 JavaThread "Direct Clip" daemon [_thread_blocked, id=84796, stack(0x000000d0e2f00000,0x000000d0e3000000)]
  0x0000024dda9660f0 JavaThread "Direct Clip" daemon [_thread_blocked, id=87848, stack(0x000000d0e3000000,0x000000d0e3100000)]
  0x0000024dda966b90 JavaThread "Direct Clip" daemon [_thread_blocked, id=86488, stack(0x000000d0e3100000,0x000000d0e3200000)]
  0x0000024dda9670e0 JavaThread "Direct Clip" daemon [_thread_blocked, id=87948, stack(0x000000d0e3200000,0x000000d0e3300000)]
  0x0000024dd6da7c90 JavaThread "Direct Clip" daemon [_thread_blocked, id=83856, stack(0x000000d0e3300000,0x000000d0e3400000)]
  0x0000024dd6da0d00 JavaThread "Direct Clip" daemon [_thread_blocked, id=88024, stack(0x000000d0e3400000,0x000000d0e3500000)]
  0x0000024dd6da1cf0 JavaThread "Direct Clip" daemon [_thread_blocked, id=55084, stack(0x000000d0e3500000,0x000000d0e3600000)]
  0x0000024dd6da4770 JavaThread "Direct Clip" daemon [_thread_blocked, id=53432, stack(0x000000d0e3600000,0x000000d0e3700000)]
  0x0000024dd6da4cc0 JavaThread "Direct Clip" daemon [_thread_blocked, id=87416, stack(0x000000d0e3700000,0x000000d0e3800000)]
  0x0000024dd6da3cd0 JavaThread "Direct Clip" daemon [_thread_blocked, id=79036, stack(0x000000d0e3800000,0x000000d0e3900000)]
  0x0000024dd6da71f0 JavaThread "Direct Clip" daemon [_thread_blocked, id=87180, stack(0x000000d0e3900000,0x000000d0e3a00000)]
  0x0000024dd6da2240 JavaThread "Direct Clip" daemon [_thread_blocked, id=69592, stack(0x000000d0e3a00000,0x000000d0e3b00000)]
  0x0000024dd6da2790 JavaThread "Direct Clip" daemon [_thread_blocked, id=80572, stack(0x000000d0e3b00000,0x000000d0e3c00000)]
  0x0000024dd6da3780 JavaThread "Direct Clip" daemon [_thread_blocked, id=86864, stack(0x000000d0e3c00000,0x000000d0e3d00000)]
  0x0000024dd6da5210 JavaThread "Direct Clip" daemon [_thread_blocked, id=83428, stack(0x000000d0e3d00000,0x000000d0e3e00000)]
  0x0000024dd6da1250 JavaThread "Direct Clip" daemon [_thread_blocked, id=86248, stack(0x000000d0e3e00000,0x000000d0e3f00000)]
  0x0000024dd6da6ca0 JavaThread "Direct Clip" daemon [_thread_blocked, id=73304, stack(0x000000d0e3f00000,0x000000d0e4000000)]
  0x0000024dd6da2ce0 JavaThread "Direct Clip" daemon [_thread_blocked, id=87012, stack(0x000000d0e4000000,0x000000d0e4100000)]
  0x0000024dd6da3230 JavaThread "Direct Clip" daemon [_thread_blocked, id=76708, stack(0x000000d0e4100000,0x000000d0e4200000)]
  0x0000024dd6da4220 JavaThread "Direct Clip" daemon [_thread_blocked, id=15264, stack(0x000000d0e4200000,0x000000d0e4300000)]
  0x0000024dd6da5760 JavaThread "Direct Clip" daemon [_thread_blocked, id=84216, stack(0x000000d0e4300000,0x000000d0e4400000)]
  0x0000024dd6da8730 JavaThread "Direct Clip" daemon [_thread_blocked, id=79000, stack(0x000000d0e4400000,0x000000d0e4500000)]
  0x0000024dd6da17a0 JavaThread "Direct Clip" daemon [_thread_blocked, id=86192, stack(0x000000d0e4500000,0x000000d0e4600000)]
  0x0000024dd6da7740 JavaThread "Direct Clip" daemon [_thread_blocked, id=12076, stack(0x000000d0e4600000,0x000000d0e4700000)]
  0x0000024dd6da5cb0 JavaThread "Direct Clip" daemon [_thread_blocked, id=83868, stack(0x000000d0e4700000,0x000000d0e4800000)]
  0x0000024dd6da81e0 JavaThread "Direct Clip" daemon [_thread_blocked, id=85320, stack(0x000000d0e4800000,0x000000d0e4900000)]
  0x0000024dd6da6200 JavaThread "Direct Clip" daemon [_thread_blocked, id=86484, stack(0x000000d0e4900000,0x000000d0e4a00000)]
  0x0000024dd6da6750 JavaThread "Direct Clip" daemon [_thread_blocked, id=84012, stack(0x000000d0e4a00000,0x000000d0e4b00000)]
  0x0000024dd6cf8030 JavaThread "Direct Clip" daemon [_thread_blocked, id=81936, stack(0x000000d0e4b00000,0x000000d0e4c00000)]
  0x0000024dd6cfb000 JavaThread "Direct Clip" daemon [_thread_blocked, id=59904, stack(0x000000d0e4c00000,0x000000d0e4d00000)]
  0x0000024dd6cfaab0 JavaThread "Direct Clip" daemon [_thread_blocked, id=78520, stack(0x000000d0e4d00000,0x000000d0e4e00000)]
  0x0000024dd6cf9570 JavaThread "Direct Clip" daemon [_thread_blocked, id=85552, stack(0x000000d0e4e00000,0x000000d0e4f00000)]
  0x0000024dd6cf55b0 JavaThread "Direct Clip" daemon [_thread_blocked, id=83700, stack(0x000000d0e4f00000,0x000000d0e5000000)]
  0x0000024dd6cfa010 JavaThread "Direct Clip" daemon [_thread_blocked, id=84200, stack(0x000000d0e5000000,0x000000d0e5100000)]
  0x0000024dd6cf9020 JavaThread "Direct Clip" daemon [_thread_blocked, id=83752, stack(0x000000d0e5100000,0x000000d0e5200000)]
  0x0000024dd6cfca90 JavaThread "Direct Clip" daemon [_thread_blocked, id=86628, stack(0x000000d0e5200000,0x000000d0e5300000)]
  0x0000024dd6cfa560 JavaThread "Direct Clip" daemon [_thread_blocked, id=86616, stack(0x000000d0e5300000,0x000000d0e5400000)]
  0x0000024dd6cf5b00 JavaThread "Direct Clip" daemon [_thread_blocked, id=87560, stack(0x000000d0e5400000,0x000000d0e5500000)]
  0x0000024dd6cf8ad0 JavaThread "Direct Clip" daemon [_thread_blocked, id=83212, stack(0x000000d0e5500000,0x000000d0e5600000)]
  0x0000024dd6cfb550 JavaThread "Direct Clip" daemon [_thread_blocked, id=67588, stack(0x000000d0e5600000,0x000000d0e5700000)]
  0x0000024dd6cfbaa0 JavaThread "Direct Clip" daemon [_thread_blocked, id=85148, stack(0x000000d0e5700000,0x000000d0e5800000)]
  0x0000024dd6cfc540 JavaThread "Direct Clip" daemon [_thread_blocked, id=83576, stack(0x000000d0e5800000,0x000000d0e5900000)]
  0x0000024dd6cf8580 JavaThread "Direct Clip" daemon [_thread_blocked, id=85532, stack(0x000000d0e5900000,0x000000d0e5a00000)]
  0x0000024dd6cf7040 JavaThread "Direct Clip" daemon [_thread_blocked, id=1424, stack(0x000000d0e5a00000,0x000000d0e5b00000)]
  0x0000024dd6cf6050 JavaThread "Direct Clip" daemon [_thread_blocked, id=87980, stack(0x000000d0e5b00000,0x000000d0e5c00000)]
  0x0000024dd6cf5060 JavaThread "Direct Clip" daemon [_thread_blocked, id=87444, stack(0x000000d0e5c00000,0x000000d0e5d00000)]
  0x0000024dd6cfbff0 JavaThread "Direct Clip" daemon [_thread_blocked, id=87140, stack(0x000000d0e5d00000,0x000000d0e5e00000)]
  0x0000024dd6cf6af0 JavaThread "Direct Clip" daemon [_thread_blocked, id=79232, stack(0x000000d0e6000000,0x000000d0e6100000)]
  0x0000024dd6cf65a0 JavaThread "Direct Clip" daemon [_thread_blocked, id=60280, stack(0x000000d0e6100000,0x000000d0e6200000)]
  0x0000024dd6cf9ac0 JavaThread "Direct Clip" daemon [_thread_blocked, id=87060, stack(0x000000d0e6200000,0x000000d0e6300000)]
  0x0000024dd6cf7590 JavaThread "Direct Clip" daemon [_thread_blocked, id=86208, stack(0x000000d0e6300000,0x000000d0e6400000)]
  0x0000024dd6cf7ae0 JavaThread "Direct Clip" daemon [_thread_blocked, id=84412, stack(0x000000d0e6400000,0x000000d0e6500000)]
  0x0000024dda78baa0 JavaThread "Direct Clip" daemon [_thread_blocked, id=69348, stack(0x000000d0e6500000,0x000000d0e6600000)]
  0x0000024dda78a560 JavaThread "Direct Clip" daemon [_thread_blocked, id=84500, stack(0x000000d0e6600000,0x000000d0e6700000)]
  0x0000024dda789ac0 JavaThread "Direct Clip" daemon [_thread_blocked, id=78332, stack(0x000000d0e6700000,0x000000d0e6800000)]
  0x0000024dda78b000 JavaThread "Direct Clip" daemon [_thread_blocked, id=84564, stack(0x000000d0e6800000,0x000000d0e6900000)]
  0x0000024dda789020 JavaThread "Direct Clip" daemon [_thread_blocked, id=79712, stack(0x000000d0e6900000,0x000000d0e6a00000)]
  0x0000024dda788030 JavaThread "Direct Clip" daemon [_thread_blocked, id=78496, stack(0x000000d0e6a00000,0x000000d0e6b00000)]
  0x0000024dda78aab0 JavaThread "Direct Clip" daemon [_thread_blocked, id=83432, stack(0x000000d0e6b00000,0x000000d0e6c00000)]
  0x0000024dda787590 JavaThread "Direct Clip" daemon [_thread_blocked, id=77512, stack(0x000000d0e6e00000,0x000000d0e6f00000)]
  0x0000024dda784b10 JavaThread "Direct Clip" daemon [_thread_blocked, id=66436, stack(0x000000d0e6f00000,0x000000d0e7000000)]
  0x0000024dda7845c0 JavaThread "Direct Clip" daemon [_thread_blocked, id=86852, stack(0x000000d0e7000000,0x000000d0e7100000)]
  0x0000024dda7865a0 JavaThread "Direct Clip" daemon [_thread_blocked, id=78464, stack(0x000000d0e7100000,0x000000d0e7200000)]
  0x0000024dda78a010 JavaThread "Direct Clip" daemon [_thread_blocked, id=80912, stack(0x000000d0e7200000,0x000000d0e7300000)]
  0x0000024dda78b550 JavaThread "Direct Clip" daemon [_thread_blocked, id=86232, stack(0x000000d0e7300000,0x000000d0e7400000)]
  0x0000024dda786af0 JavaThread "Direct Clip" daemon [_thread_blocked, id=84792, stack(0x000000d0e7400000,0x000000d0e7500000)]
  0x0000024dda787040 JavaThread "Direct Clip" daemon [_thread_blocked, id=82532, stack(0x000000d0e7500000,0x000000d0e7600000)]
  0x0000024dda784070 JavaThread "Direct Clip" daemon [_thread_blocked, id=85588, stack(0x000000d0e7600000,0x000000d0e7700000)]
  0x0000024dda787ae0 JavaThread "Direct Clip" daemon [_thread_blocked, id=87832, stack(0x000000d0e7700000,0x000000d0e7800000)]
  0x0000024dda785060 JavaThread "Direct Clip" daemon [_thread_blocked, id=87620, stack(0x000000d0e7800000,0x000000d0e7900000)]
  0x0000024dda788580 JavaThread "Direct Clip" daemon [_thread_blocked, id=71716, stack(0x000000d0e7900000,0x000000d0e7a00000)]
  0x0000024dda78bff0 JavaThread "Direct Clip" daemon [_thread_blocked, id=85248, stack(0x000000d0e7a00000,0x000000d0e7b00000)]
  0x0000024dda78c540 JavaThread "Direct Clip" daemon [_thread_blocked, id=87292, stack(0x000000d0e7b00000,0x000000d0e7c00000)]
  0x0000024dda788ad0 JavaThread "Direct Clip" daemon [_thread_blocked, id=87364, stack(0x000000d0e7c00000,0x000000d0e7d00000)]
  0x0000024dda7855b0 JavaThread "Direct Clip" daemon [_thread_blocked, id=29688, stack(0x000000d0e7d00000,0x000000d0e7e00000)]
  0x0000024dda789570 JavaThread "Direct Clip" daemon [_thread_blocked, id=86768, stack(0x000000d0e7e00000,0x000000d0e7f00000)]
  0x0000024dda78ca90 JavaThread "Direct Clip" daemon [_thread_blocked, id=85396, stack(0x000000d0e7f00000,0x000000d0e8000000)]
  0x0000024dda78cfe0 JavaThread "Direct Clip" daemon [_thread_blocked, id=79936, stack(0x000000d0e8000000,0x000000d0e8100000)]
  0x0000024dda78d530 JavaThread "Direct Clip" daemon [_thread_blocked, id=85364, stack(0x000000d0e8100000,0x000000d0e8200000)]
  0x0000024dda785b00 JavaThread "Direct Clip" daemon [_thread_blocked, id=87676, stack(0x000000d0e8200000,0x000000d0e8300000)]
  0x0000024dda78da80 JavaThread "Direct Clip" daemon [_thread_blocked, id=79016, stack(0x000000d0e8300000,0x000000d0e8400000)]
  0x0000024dda786050 JavaThread "Direct Clip" daemon [_thread_blocked, id=83676, stack(0x000000d0e8400000,0x000000d0e8500000)]
  0x0000024dda78e520 JavaThread "Direct Clip" daemon [_thread_blocked, id=79476, stack(0x000000d0e8500000,0x000000d0e8600000)]
  0x0000024dda791a40 JavaThread "Direct Clip" daemon [_thread_blocked, id=81616, stack(0x000000d0e8600000,0x000000d0e8700000)]
  0x0000024dda7934d0 JavaThread "Direct Clip" daemon [_thread_blocked, id=80216, stack(0x000000d0e8700000,0x000000d0e8800000)]
  0x0000024dda78dfd0 JavaThread "Direct Clip" daemon [_thread_blocked, id=55476, stack(0x000000d0e8800000,0x000000d0e8900000)]
  0x0000024dda78ea70 JavaThread "Direct Clip" daemon [_thread_blocked, id=84020, stack(0x000000d0e8900000,0x000000d0e8a00000)]
  0x0000024dda78efc0 JavaThread "Direct Clip" daemon [_thread_blocked, id=84496, stack(0x000000d0e8a00000,0x000000d0e8b00000)]
  0x0000024dda792f80 JavaThread "Direct Clip" daemon [_thread_blocked, id=40392, stack(0x000000d0e8b00000,0x000000d0e8c00000)]
  0x0000024dda78f510 JavaThread "Direct Clip" daemon [_thread_blocked, id=84940, stack(0x000000d0e8c00000,0x000000d0e8d00000)]
  0x0000024dda790500 JavaThread "Direct Clip" daemon [_thread_blocked, id=56444, stack(0x000000d0e8d00000,0x000000d0e8e00000)]
  0x0000024dda7914f0 JavaThread "Direct Clip" daemon [_thread_blocked, id=80096, stack(0x000000d0e8e00000,0x000000d0e8f00000)]
  0x0000024dda793a20 JavaThread "Direct Clip" daemon [_thread_blocked, id=86400, stack(0x000000d0e8f00000,0x000000d0e9000000)]
  0x0000024dda791f90 JavaThread "Direct Clip" daemon [_thread_blocked, id=84536, stack(0x000000d0e9000000,0x000000d0e9100000)]
  0x0000024dda78ffb0 JavaThread "Direct Clip" daemon [_thread_blocked, id=83416, stack(0x000000d0e9100000,0x000000d0e9200000)]
  0x0000024dda790a50 JavaThread "Direct Clip" daemon [_thread_blocked, id=81144, stack(0x000000d0e9200000,0x000000d0e9300000)]
  0x0000024dda7924e0 JavaThread "Direct Clip" daemon [_thread_blocked, id=87624, stack(0x000000d0e9300000,0x000000d0e9400000)]
  0x0000024dda78fa60 JavaThread "Direct Clip" daemon [_thread_blocked, id=87540, stack(0x000000d0e9400000,0x000000d0e9500000)]
  0x0000024dda790fa0 JavaThread "Direct Clip" daemon [_thread_blocked, id=84128, stack(0x000000d0e9500000,0x000000d0e9600000)]
  0x0000024dda792a30 JavaThread "Direct Clip" daemon [_thread_blocked, id=87700, stack(0x000000d0e9600000,0x000000d0e9700000)]
  0x0000024dd5cc1fd0 JavaThread "Direct Clip" daemon [_thread_blocked, id=87288, stack(0x000000d0e9700000,0x000000d0e9800000)]
  0x0000024dd5cc6f80 JavaThread "Direct Clip" daemon [_thread_blocked, id=87492, stack(0x000000d0e9800000,0x000000d0e9900000)]
  0x0000024dd5cc74d0 JavaThread "Direct Clip" daemon [_thread_blocked, id=86408, stack(0x000000d0e9900000,0x000000d0e9a00000)]
  0x0000024dd5cc4500 JavaThread "Direct Clip" daemon [_thread_blocked, id=87272, stack(0x000000d0e9a00000,0x000000d0e9b00000)]
  0x0000024dd5cc2fc0 JavaThread "Direct Clip" daemon [_thread_blocked, id=86156, stack(0x000000d0e9b00000,0x000000d0e9c00000)]
  0x0000024dd5cc3510 JavaThread "Direct Clip" daemon [_thread_blocked, id=13000, stack(0x000000d0e9c00000,0x000000d0e9d00000)]
  0x0000024dd5cc54f0 JavaThread "Direct Clip" daemon [_thread_blocked, id=87092, stack(0x000000d0e9d00000,0x000000d0e9e00000)]
  0x0000024dd5cc4fa0 JavaThread "Direct Clip" daemon [_thread_blocked, id=84232, stack(0x000000d0e9e00000,0x000000d0e9f00000)]
  0x0000024dd5cc64e0 JavaThread "Direct Clip" daemon [_thread_blocked, id=69832, stack(0x000000d0e9f00000,0x000000d0ea000000)]
  0x0000024dd5cc6a30 JavaThread "Direct Clip" daemon [_thread_blocked, id=82252, stack(0x000000d0ea000000,0x000000d0ea100000)]
  0x0000024dd5cc1a80 JavaThread "Direct Clip" daemon [_thread_blocked, id=83756, stack(0x000000d0ea100000,0x000000d0ea200000)]
  0x0000024dd5cc2520 JavaThread "Direct Clip" daemon [_thread_blocked, id=87152, stack(0x000000d0ea200000,0x000000d0ea300000)]
  0x0000024dd5cc3a60 JavaThread "Direct Clip" daemon [_thread_blocked, id=85232, stack(0x000000d0ea300000,0x000000d0ea400000)]
  0x0000024dd5cc0a90 JavaThread "Direct Clip" daemon [_thread_blocked, id=23636, stack(0x000000d0ea400000,0x000000d0ea500000)]
  0x0000024dd5cc7a20 JavaThread "Direct Clip" daemon [_thread_blocked, id=85520, stack(0x000000d0ea500000,0x000000d0ea600000)]
  0x0000024dd5cc1530 JavaThread "Direct Clip" daemon [_thread_blocked, id=82948, stack(0x000000d0ea600000,0x000000d0ea700000)]
  0x0000024dd5cc3fb0 JavaThread "Direct Clip" daemon [_thread_blocked, id=86188, stack(0x000000d0ea700000,0x000000d0ea800000)]
  0x0000024dd5cc7f70 JavaThread "Direct Clip" daemon [_thread_blocked, id=87116, stack(0x000000d0ea800000,0x000000d0ea900000)]
  0x0000024dd5cc4a50 JavaThread "Direct Clip" daemon [_thread_blocked, id=86832, stack(0x000000d0ea900000,0x000000d0eaa00000)]
  0x0000024dd5cc2a70 JavaThread "Direct Clip" daemon [_thread_blocked, id=79724, stack(0x000000d0eaa00000,0x000000d0eab00000)]
  0x0000024dd5cc5a40 JavaThread "Direct Clip" daemon [_thread_blocked, id=87668, stack(0x000000d0eab00000,0x000000d0eac00000)]
  0x0000024dd5cc5f90 JavaThread "Direct Clip" daemon [_thread_blocked, id=71612, stack(0x000000d0eac00000,0x000000d0ead00000)]
  0x0000024dd5cc84c0 JavaThread "Direct Clip" daemon [_thread_blocked, id=23236, stack(0x000000d0ead00000,0x000000d0eae00000)]
  0x0000024dd5cc8a10 JavaThread "Direct Clip" daemon [_thread_blocked, id=85308, stack(0x000000d0eae00000,0x000000d0eaf00000)]
  0x0000024dd5cc0fe0 JavaThread "Direct Clip" daemon [_thread_blocked, id=83944, stack(0x000000d0eaf00000,0x000000d0eb000000)]
  0x0000024dd5ccb9e0 JavaThread "Direct Clip" daemon [_thread_blocked, id=87576, stack(0x000000d0eb000000,0x000000d0eb100000)]
  0x0000024dd5cc8f60 JavaThread "Direct Clip" daemon [_thread_blocked, id=84448, stack(0x000000d0eb100000,0x000000d0eb200000)]
  0x0000024dd5ccf9a0 JavaThread "Direct Clip" daemon [_thread_blocked, id=80156, stack(0x000000d0eb200000,0x000000d0eb300000)]
  0x0000024dd5ccc9d0 JavaThread "Direct Clip" daemon [_thread_blocked, id=19752, stack(0x000000d0eb300000,0x000000d0eb400000)]
  0x0000024dd5cccf20 JavaThread "Direct Clip" daemon [_thread_blocked, id=83644, stack(0x000000d0eb400000,0x000000d0eb500000)]
  0x0000024dd5cca4a0 JavaThread "Direct Clip" daemon [_thread_blocked, id=86200, stack(0x000000d0eb500000,0x000000d0eb600000)]
  0x0000024dd5cc94b0 JavaThread "Direct Clip" daemon [_thread_blocked, id=86152, stack(0x000000d0eb600000,0x000000d0eb700000)]
  0x0000024dd5ccfef0 JavaThread "Direct Clip" daemon [_thread_blocked, id=86544, stack(0x000000d0eb700000,0x000000d0eb800000)]
  0x0000024dd5cce9b0 JavaThread "Direct Clip" daemon [_thread_blocked, id=87384, stack(0x000000d0eb800000,0x000000d0eb900000)]
  0x0000024dd5cd0440 JavaThread "Direct Clip" daemon [_thread_blocked, id=84712, stack(0x000000d0eb900000,0x000000d0eba00000)]
  0x0000024dd5ccd9c0 JavaThread "Direct Clip" daemon [_thread_blocked, id=70092, stack(0x000000d0eba00000,0x000000d0ebb00000)]
  0x0000024dd5cce460 JavaThread "Direct Clip" daemon [_thread_blocked, id=77116, stack(0x000000d0ebb00000,0x000000d0ebc00000)]
  0x0000024dd5cc9f50 JavaThread "Direct Clip" daemon [_thread_blocked, id=70248, stack(0x000000d0ebc00000,0x000000d0ebd00000)]
  0x0000024dd5ccd470 JavaThread "Direct Clip" daemon [_thread_blocked, id=86700, stack(0x000000d0ebd00000,0x000000d0ebe00000)]
  0x0000024dd5cca9f0 JavaThread "Direct Clip" daemon [_thread_blocked, id=77636, stack(0x000000d0ebe00000,0x000000d0ebf00000)]
  0x0000024dd5ccdf10 JavaThread "Direct Clip" daemon [_thread_blocked, id=87988, stack(0x000000d0ebf00000,0x000000d0ec000000)]
  0x0000024dd5cc9a00 JavaThread "Direct Clip" daemon [_thread_blocked, id=60148, stack(0x000000d0ec000000,0x000000d0ec100000)]
  0x0000024dd5ccaf40 JavaThread "Direct Clip" daemon [_thread_blocked, id=73708, stack(0x000000d0ec100000,0x000000d0ec200000)]
  0x0000024dd5ccb490 JavaThread "Direct Clip" daemon [_thread_blocked, id=83844, stack(0x000000d0ec200000,0x000000d0ec300000)]
  0x0000024dd5ccef00 JavaThread "Direct Clip" daemon [_thread_blocked, id=73600, stack(0x000000d0ec300000,0x000000d0ec400000)]
  0x0000024dd5ccbf30 JavaThread "Direct Clip" daemon [_thread_blocked, id=87612, stack(0x000000d0ec400000,0x000000d0ec500000)]
  0x0000024dd5ccc480 JavaThread "Direct Clip" daemon [_thread_blocked, id=87648, stack(0x000000d0ec500000,0x000000d0ec600000)]
  0x0000024dd5ccf450 JavaThread "Direct Clip" daemon [_thread_blocked, id=85696, stack(0x000000d0ec600000,0x000000d0ec700000)]
  0x0000024dd88a7d80 JavaThread "Direct Clip" daemon [_thread_blocked, id=87908, stack(0x000000d0ec700000,0x000000d0ec800000)]
  0x0000024dd88ab2a0 JavaThread "Direct Clip" daemon [_thread_blocked, id=86800, stack(0x000000d0ec800000,0x000000d0ec900000)]
  0x0000024dd88a8820 JavaThread "Direct Clip" daemon [_thread_blocked, id=86180, stack(0x000000d0ec900000,0x000000d0eca00000)]
  0x0000024dd88a6840 JavaThread "Direct Clip" daemon [_thread_blocked, id=86364, stack(0x000000d0eca00000,0x000000d0ecb00000)]
  0x0000024dd88a9810 JavaThread "Direct Clip" daemon [_thread_blocked, id=87432, stack(0x000000d0ecb00000,0x000000d0ecc00000)]
  0x0000024dd88ab7f0 JavaThread "Direct Clip" daemon [_thread_blocked, id=83812, stack(0x000000d0ecc00000,0x000000d0ecd00000)]
  0x0000024dd88a82d0 JavaThread "Direct Clip" daemon [_thread_blocked, id=87200, stack(0x000000d0ecd00000,0x000000d0ece00000)]
  0x0000024dd88aad50 JavaThread "Direct Clip" daemon [_thread_blocked, id=87484, stack(0x000000d0ece00000,0x000000d0ecf00000)]
  0x0000024dd88abd40 JavaThread "Direct Clip" daemon [_thread_blocked, id=87692, stack(0x000000d0ecf00000,0x000000d0ed000000)]
  0x0000024dd88a62f0 JavaThread "Direct Clip" daemon [_thread_blocked, id=67924, stack(0x000000d0ed000000,0x000000d0ed100000)]
  0x0000024dd88a6d90 JavaThread "Direct Clip" daemon [_thread_blocked, id=86264, stack(0x000000d0ed100000,0x000000d0ed200000)]
  0x0000024dd88a72e0 JavaThread "Direct Clip" daemon [_thread_blocked, id=78236, stack(0x000000d0ed200000,0x000000d0ed300000)]
  0x0000024dd88a8d70 JavaThread "Direct Clip" daemon [_thread_blocked, id=78428, stack(0x000000d0ed300000,0x000000d0ed400000)]
  0x0000024dd88aa800 JavaThread "Direct Clip" daemon [_thread_blocked, id=71420, stack(0x000000d0ed400000,0x000000d0ed500000)]
  0x0000024dd88ac290 JavaThread "Direct Clip" daemon [_thread_blocked, id=86308, stack(0x000000d0ed500000,0x000000d0ed600000)]
  0x0000024dd88ac7e0 JavaThread "Direct Clip" daemon [_thread_blocked, id=79620, stack(0x000000d0ed600000,0x000000d0ed700000)]
  0x0000024dd88a4db0 JavaThread "Direct Clip" daemon [_thread_blocked, id=83240, stack(0x000000d0ed700000,0x000000d0ed800000)]
  0x0000024dd88a92c0 JavaThread "Direct Clip" daemon [_thread_blocked, id=83736, stack(0x000000d0ed800000,0x000000d0ed900000)]
  0x0000024dd88a9d60 JavaThread "Direct Clip" daemon [_thread_blocked, id=54388, stack(0x000000d0ed900000,0x000000d0eda00000)]
  0x0000024dd88a7830 JavaThread "Direct Clip" daemon [_thread_blocked, id=81844, stack(0x000000d0eda00000,0x000000d0edb00000)]
  0x0000024dd88aa2b0 JavaThread "Direct Clip" daemon [_thread_blocked, id=86972, stack(0x000000d0edb00000,0x000000d0edc00000)]
  0x0000024dd88a5850 JavaThread "Direct Clip" daemon [_thread_blocked, id=87812, stack(0x000000d0edc00000,0x000000d0edd00000)]
  0x0000024dd88acd30 JavaThread "Direct Clip" daemon [_thread_blocked, id=83508, stack(0x000000d0edd00000,0x000000d0ede00000)]
  0x0000024dd88a5300 JavaThread "Direct Clip" daemon [_thread_blocked, id=86040, stack(0x000000d0ede00000,0x000000d0edf00000)]
  0x0000024dd88ad280 JavaThread "Direct Clip" daemon [_thread_blocked, id=77468, stack(0x000000d0edf00000,0x000000d0ee000000)]
  0x0000024dd88ad7d0 JavaThread "Direct Clip" daemon [_thread_blocked, id=87824, stack(0x000000d0ee000000,0x000000d0ee100000)]
  0x0000024dd88a5da0 JavaThread "Direct Clip" daemon [_thread_blocked, id=85680, stack(0x000000d0ee100000,0x000000d0ee200000)]
  0x0000024dd88b3770 JavaThread "Direct Clip" daemon [_thread_blocked, id=86924, stack(0x000000d0ee200000,0x000000d0ee300000)]
  0x0000024dd88b4760 JavaThread "Direct Clip" daemon [_thread_blocked, id=85548, stack(0x000000d0ee300000,0x000000d0ee400000)]
  0x0000024dd88b1790 JavaThread "Direct Clip" daemon [_thread_blocked, id=87472, stack(0x000000d0ee400000,0x000000d0ee500000)]
  0x0000024dd88b2cd0 JavaThread "Direct Clip" daemon [_thread_blocked, id=84156, stack(0x000000d0ee500000,0x000000d0ee600000)]
  0x0000024dd88b2780 JavaThread "Direct Clip" daemon [_thread_blocked, id=83852, stack(0x000000d0ee600000,0x000000d0ee700000)]
  0x0000024dd88b0250 JavaThread "Direct Clip" daemon [_thread_blocked, id=70436, stack(0x000000d0ee700000,0x000000d0ee800000)]
  0x0000024dd88ae270 JavaThread "Direct Clip" daemon [_thread_blocked, id=80460, stack(0x000000d0ee800000,0x000000d0ee900000)]
  0x0000024dd88ae7c0 JavaThread "Direct Clip" daemon [_thread_blocked, id=85204, stack(0x000000d0ee900000,0x000000d0eea00000)]
  0x0000024dd88b07a0 JavaThread "Direct Clip" daemon [_thread_blocked, id=87072, stack(0x000000d0eea00000,0x000000d0eeb00000)]
  0x0000024dd88b0cf0 JavaThread "Direct Clip" daemon [_thread_blocked, id=87440, stack(0x000000d0eeb00000,0x000000d0eec00000)]
  0x0000024dd88b3cc0 JavaThread "Direct Clip" daemon [_thread_blocked, id=86636, stack(0x000000d0eec00000,0x000000d0eed00000)]
  0x0000024dd88af260 JavaThread "Direct Clip" daemon [_thread_blocked, id=83928, stack(0x000000d0eed00000,0x000000d0eee00000)]
  0x0000024dd88add20 JavaThread "Direct Clip" daemon [_thread_blocked, id=78840, stack(0x000000d0eee00000,0x000000d0eef00000)]
  0x0000024dd88aed10 JavaThread "Direct Clip" daemon [_thread_blocked, id=86828, stack(0x000000d0eef00000,0x000000d0ef000000)]
  0x0000024dd88b1240 JavaThread "Direct Clip" daemon [_thread_blocked, id=81912, stack(0x000000d0ef000000,0x000000d0ef100000)]
  0x0000024dd88b2230 JavaThread "Direct Clip" daemon [_thread_blocked, id=82124, stack(0x000000d0ef100000,0x000000d0ef200000)]
  0x0000024dd88b3220 JavaThread "Direct Clip" daemon [_thread_blocked, id=71084, stack(0x000000d0ef200000,0x000000d0ef300000)]
  0x0000024dd88af7b0 JavaThread "Direct Clip" daemon [_thread_blocked, id=77964, stack(0x000000d0ef300000,0x000000d0ef400000)]
  0x0000024dd88afd00 JavaThread "Direct Clip" daemon [_thread_blocked, id=84100, stack(0x000000d0ef400000,0x000000d0ef500000)]
  0x0000024dd88b4210 JavaThread "Direct Clip" daemon [_thread_blocked, id=87448, stack(0x000000d0ef500000,0x000000d0ef600000)]
  0x0000024dd88b1ce0 JavaThread "Direct Clip" daemon [_thread_blocked, id=86536, stack(0x000000d0ef600000,0x000000d0ef700000)]
  0x0000024dd86d9b00 JavaThread "Direct Clip" daemon [_thread_blocked, id=86256, stack(0x000000d0ef700000,0x000000d0ef800000)]
  0x0000024dd86df000 JavaThread "Direct Clip" daemon [_thread_blocked, id=73548, stack(0x000000d0ef800000,0x000000d0ef900000)]
  0x0000024dd86dc030 JavaThread "Direct Clip" daemon [_thread_blocked, id=55536, stack(0x000000d0ef900000,0x000000d0efa00000)]
  0x0000024dd86da050 JavaThread "Direct Clip" daemon [_thread_blocked, id=85652, stack(0x000000d0efa00000,0x000000d0efb00000)]
  0x0000024dd86dc580 JavaThread "Direct Clip" daemon [_thread_blocked, id=77988, stack(0x000000d0efb00000,0x000000d0efc00000)]
  0x0000024dd86d9060 JavaThread "Direct Clip" daemon [_thread_blocked, id=74016, stack(0x000000d0efc00000,0x000000d0efd00000)]
  0x0000024dd86db040 JavaThread "Direct Clip" daemon [_thread_blocked, id=73032, stack(0x000000d0efd00000,0x000000d0efe00000)]
  0x0000024dd86e0540 JavaThread "Direct Clip" daemon [_thread_blocked, id=86688, stack(0x000000d0efe00000,0x000000d0eff00000)]
  0x0000024dd86de560 JavaThread "Direct Clip" daemon [_thread_blocked, id=83124, stack(0x000000d0eff00000,0x000000d0f0000000)]
  0x0000024dd86dbae0 JavaThread "Direct Clip" daemon [_thread_blocked, id=85812, stack(0x000000d0f0000000,0x000000d0f0100000)]
  0x0000024dd86daaf0 JavaThread "Direct Clip" daemon [_thread_blocked, id=80752, stack(0x000000d0f0100000,0x000000d0f0200000)]
  0x0000024dd86da5a0 JavaThread "Direct Clip" daemon [_thread_blocked, id=84700, stack(0x000000d0f0200000,0x000000d0f0300000)]
  0x0000024dd86dfff0 JavaThread "Direct Clip" daemon [_thread_blocked, id=80772, stack(0x000000d0f0300000,0x000000d0f0400000)]
  0x0000024dd86dcad0 JavaThread "Direct Clip" daemon [_thread_blocked, id=73144, stack(0x000000d0f0400000,0x000000d0f0500000)]
  0x0000024dd86db590 JavaThread "Direct Clip" daemon [_thread_blocked, id=86272, stack(0x000000d0f0500000,0x000000d0f0600000)]
  0x0000024dd86dd020 JavaThread "Direct Clip" daemon [_thread_blocked, id=79392, stack(0x000000d0f0600000,0x000000d0f0700000)]
  0x0000024dd86de010 JavaThread "Direct Clip" daemon [_thread_blocked, id=86032, stack(0x000000d0f0700000,0x000000d0f0800000)]
  0x0000024dd86deab0 JavaThread "Direct Clip" daemon [_thread_blocked, id=87552, stack(0x000000d0f0800000,0x000000d0f0900000)]
  0x0000024dd86df550 JavaThread "Direct Clip" daemon [_thread_blocked, id=82240, stack(0x000000d0f0900000,0x000000d0f0a00000)]
  0x0000024dd86dd570 JavaThread "Direct Clip" daemon [_thread_blocked, id=87308, stack(0x000000d0f0a00000,0x000000d0f0b00000)]
  0x0000024dd86ddac0 JavaThread "Direct Clip" daemon [_thread_blocked, id=84516, stack(0x000000d0f0b00000,0x000000d0f0c00000)]
  0x0000024dd86dfaa0 JavaThread "Direct Clip" daemon [_thread_blocked, id=86580, stack(0x000000d0f0c00000,0x000000d0f0d00000)]
  0x0000024dd86d95b0 JavaThread "Direct Clip" daemon [_thread_blocked, id=78424, stack(0x000000d0f0d00000,0x000000d0f0e00000)]
  0x0000024dd86e2fc0 JavaThread "Direct Clip" daemon [_thread_blocked, id=87880, stack(0x000000d0f0e00000,0x000000d0f0f00000)]
  0x0000024dd86e4500 JavaThread "Direct Clip" daemon [_thread_blocked, id=88020, stack(0x000000d0f0f00000,0x000000d0f1000000)]
  0x0000024dd86e2a70 JavaThread "Direct Clip" daemon [_thread_blocked, id=85792, stack(0x000000d0f1000000,0x000000d0f1100000)]
  0x0000024dd86e3fb0 JavaThread "Direct Clip" daemon [_thread_blocked, id=86568, stack(0x000000d0f1100000,0x000000d0f1200000)]
  0x0000024dd86e3510 JavaThread "Direct Clip" daemon [_thread_blocked, id=78212, stack(0x000000d0f1200000,0x000000d0f1300000)]
  0x0000024dd86e4a50 JavaThread "Direct Clip" daemon [_thread_blocked, id=87172, stack(0x000000d0f1300000,0x000000d0f1400000)]
  0x0000024dd86e84c0 JavaThread "Direct Clip" daemon [_thread_blocked, id=76484, stack(0x000000d0f1400000,0x000000d0f1500000)]
  0x0000024dd86e6a30 JavaThread "Direct Clip" daemon [_thread_blocked, id=82920, stack(0x000000d0f1500000,0x000000d0f1600000)]
  0x0000024dd86e5f90 JavaThread "Direct Clip" daemon [_thread_blocked, id=81960, stack(0x000000d0f1600000,0x000000d0f1700000)]
  0x0000024dd86e4fa0 JavaThread "Direct Clip" daemon [_thread_blocked, id=76948, stack(0x000000d0f1700000,0x000000d0f1800000)]
  0x0000024dd86e6f80 JavaThread "Direct Clip" daemon [_thread_blocked, id=86164, stack(0x000000d0f1800000,0x000000d0f1900000)]
  0x0000024dd86e54f0 JavaThread "Direct Clip" daemon [_thread_blocked, id=79980, stack(0x000000d0f1900000,0x000000d0f1a00000)]
  0x0000024dd86e5a40 JavaThread "Direct Clip" daemon [_thread_blocked, id=86808, stack(0x000000d0f1a00000,0x000000d0f1b00000)]
  0x0000024dd86e7f70 JavaThread "Direct Clip" daemon [_thread_blocked, id=87340, stack(0x000000d0f1b00000,0x000000d0f1c00000)]
  0x0000024dd86e74d0 JavaThread "Direct Clip" daemon [_thread_blocked, id=80948, stack(0x000000d0f1c00000,0x000000d0f1d00000)]
  0x0000024dd86e64e0 JavaThread "Direct Clip" daemon [_thread_blocked, id=83420, stack(0x000000d0f1d00000,0x000000d0f1e00000)]
  0x0000024dd86e7a20 JavaThread "Direct Clip" daemon [_thread_blocked, id=87236, stack(0x000000d0f1e00000,0x000000d0f1f00000)]
  0x0000024dd86e1530 JavaThread "Direct Clip" daemon [_thread_blocked, id=83288, stack(0x000000d0f1f00000,0x000000d0f2000000)]
  0x0000024dd86e0a90 JavaThread "Direct Clip" daemon [_thread_blocked, id=86376, stack(0x000000d0f2000000,0x000000d0f2100000)]
  0x0000024dd86e8a10 JavaThread "Direct Clip" daemon [_thread_blocked, id=83292, stack(0x000000d0f2100000,0x000000d0f2200000)]
  0x0000024dd86e1fd0 JavaThread "Direct Clip" daemon [_thread_blocked, id=87996, stack(0x000000d0f2200000,0x000000d0f2300000)]
  0x0000024dd86e0fe0 JavaThread "Direct Clip" daemon [_thread_blocked, id=86176, stack(0x000000d0f2300000,0x000000d0f2400000)]
  0x0000024dd86e1a80 JavaThread "Direct Clip" daemon [_thread_blocked, id=61348, stack(0x000000d0f2400000,0x000000d0f2500000)]
  0x0000024dd86e2520 JavaThread "Direct Clip" daemon [_thread_blocked, id=84956, stack(0x000000d0f2500000,0x000000d0f2600000)]
  0x0000024dd86e3a60 JavaThread "Direct Clip" daemon [_thread_blocked, id=86440, stack(0x000000d0f2600000,0x000000d0f2700000)]
  0x0000024dd8860180 JavaThread "Direct Clip" daemon [_thread_blocked, id=87076, stack(0x000000d0f2700000,0x000000d0f2800000)]
  0x0000024dd8861c10 JavaThread "Direct Clip" daemon [_thread_blocked, id=85264, stack(0x000000d0f2800000,0x000000d0f2900000)]
  0x0000024dd8862c00 JavaThread "Direct Clip" daemon [_thread_blocked, id=87460, stack(0x000000d0f2900000,0x000000d0f2a00000)]
  0x0000024dd88636a0 JavaThread "Direct Clip" daemon [_thread_blocked, id=84520, stack(0x000000d0f2a00000,0x000000d0f2b00000)]
  0x0000024dd88606d0 JavaThread "Direct Clip" daemon [_thread_blocked, id=82836, stack(0x000000d0f2b00000,0x000000d0f2c00000)]
  0x0000024dd88616c0 JavaThread "Direct Clip" daemon [_thread_blocked, id=77952, stack(0x000000d0f2c00000,0x000000d0f2d00000)]
  0x0000024dd885ec40 JavaThread "Direct Clip" daemon [_thread_blocked, id=74940, stack(0x000000d0f2d00000,0x000000d0f2e00000)]
  0x0000024dd8864140 JavaThread "Direct Clip" daemon [_thread_blocked, id=86876, stack(0x000000d0f2e00000,0x000000d0f2f00000)]
  0x0000024dd88626b0 JavaThread "Direct Clip" daemon [_thread_blocked, id=87588, stack(0x000000d0f2f00000,0x000000d0f3000000)]
  0x0000024dd8864690 JavaThread "Direct Clip" daemon [_thread_blocked, id=84724, stack(0x000000d0f3000000,0x000000d0f3100000)]
  0x0000024dd8861170 JavaThread "Direct Clip" daemon [_thread_blocked, id=69080, stack(0x000000d0f3100000,0x000000d0f3200000)]
  0x0000024dd8863150 JavaThread "Direct Clip" daemon [_thread_blocked, id=81524, stack(0x000000d0f3200000,0x000000d0f3300000)]
  0x0000024dd885f6e0 JavaThread "Direct Clip" daemon [_thread_blocked, id=87520, stack(0x000000d0f3300000,0x000000d0f3400000)]
  0x0000024dd885fc30 JavaThread "Direct Clip" daemon [_thread_blocked, id=83892, stack(0x000000d0f3400000,0x000000d0f3500000)]
  0x0000024dd885f190 JavaThread "Direct Clip" daemon [_thread_blocked, id=86404, stack(0x000000d0f3500000,0x000000d0f3600000)]
  0x0000024dd8865680 JavaThread "Direct Clip" daemon [_thread_blocked, id=82052, stack(0x000000d0f3600000,0x000000d0f3700000)]
  0x0000024dd8863bf0 JavaThread "Direct Clip" daemon [_thread_blocked, id=84784, stack(0x000000d0f3700000,0x000000d0f3800000)]
  0x0000024dd8860c20 JavaThread "Direct Clip" daemon [_thread_blocked, id=86960, stack(0x000000d0f3800000,0x000000d0f3900000)]
  0x0000024dd8864be0 JavaThread "Direct Clip" daemon [_thread_blocked, id=76564, stack(0x000000d0f3900000,0x000000d0f3a00000)]
  0x0000024dd8865130 JavaThread "Direct Clip" daemon [_thread_blocked, id=83372, stack(0x000000d0f3a00000,0x000000d0f3b00000)]
  0x0000024dd8865bd0 JavaThread "Direct Clip" daemon [_thread_blocked, id=76924, stack(0x000000d0f3b00000,0x000000d0f3c00000)]
  0x0000024dd885e1a0 JavaThread "Direct Clip" daemon [_thread_blocked, id=80628, stack(0x000000d0f3c00000,0x000000d0f3d00000)]
  0x0000024dd8866120 JavaThread "Direct Clip" daemon [_thread_blocked, id=87740, stack(0x000000d0f3d00000,0x000000d0f3e00000)]
  0x0000024dd885e6f0 JavaThread "Direct Clip" daemon [_thread_blocked, id=84140, stack(0x000000d0f3e00000,0x000000d0f3f00000)]
  0x0000024dd886e0a0 JavaThread "Direct Clip" daemon [_thread_blocked, id=87964, stack(0x000000d0f3f00000,0x000000d0f4000000)]
  0x0000024dd886d0b0 JavaThread "Direct Clip" daemon [_thread_blocked, id=85968, stack(0x000000d0f4000000,0x000000d0f4100000)]
  0x0000024dd886c0c0 JavaThread "Direct Clip" daemon [_thread_blocked, id=84596, stack(0x000000d0f4100000,0x000000d0f4200000)]
  0x0000024dd8867110 JavaThread "Direct Clip" daemon [_thread_blocked, id=72204, stack(0x000000d0f4200000,0x000000d0f4300000)]
  0x0000024dd8866bc0 JavaThread "Direct Clip" daemon [_thread_blocked, id=86976, stack(0x000000d0f4300000,0x000000d0f4400000)]
  0x0000024dd8868100 JavaThread "Direct Clip" daemon [_thread_blocked, id=83168, stack(0x000000d0f4400000,0x000000d0f4500000)]
  0x0000024dd886b620 JavaThread "Direct Clip" daemon [_thread_blocked, id=87036, stack(0x000000d0f4500000,0x000000d0f4600000)]
  0x0000024dd8866670 JavaThread "Direct Clip" daemon [_thread_blocked, id=85280, stack(0x000000d0f4600000,0x000000d0f4700000)]
  0x0000024dd886a630 JavaThread "Direct Clip" daemon [_thread_blocked, id=71108, stack(0x000000d0f4700000,0x000000d0f4800000)]
  0x0000024dd886ab80 JavaThread "Direct Clip" daemon [_thread_blocked, id=85356, stack(0x000000d0f4800000,0x000000d0f4900000)]
  0x0000024dd886f090 JavaThread "Direct Clip" daemon [_thread_blocked, id=86216, stack(0x000000d0f4900000,0x000000d0f4a00000)]
  0x0000024dd886bb70 JavaThread "Direct Clip" daemon [_thread_blocked, id=85156, stack(0x000000d0f4a00000,0x000000d0f4b00000)]
  0x0000024dd886eb40 JavaThread "Direct Clip" daemon [_thread_blocked, id=81608, stack(0x000000d0f4b00000,0x000000d0f4c00000)]
  0x0000024dd886d600 JavaThread "Direct Clip" daemon [_thread_blocked, id=55212, stack(0x000000d0f4c00000,0x000000d0f4d00000)]
  0x0000024dd886e5f0 JavaThread "Direct Clip" daemon [_thread_blocked, id=68620, stack(0x000000d0f4d00000,0x000000d0f4e00000)]
  0x0000024dd8868ba0 JavaThread "Direct Clip" daemon [_thread_blocked, id=85500, stack(0x000000d0f4e00000,0x000000d0f4f00000)]
  0x0000024dd886db50 JavaThread "Direct Clip" daemon [_thread_blocked, id=81904, stack(0x000000d0f4f00000,0x000000d0f5000000)]
  0x0000024dd886a0e0 JavaThread "Direct Clip" daemon [_thread_blocked, id=83656, stack(0x000000d0f5000000,0x000000d0f5100000)]
  0x0000024dd886b0d0 JavaThread "Direct Clip" daemon [_thread_blocked, id=26880, stack(0x000000d0f5100000,0x000000d0f5200000)]
  0x0000024dd8867660 JavaThread "Direct Clip" daemon [_thread_blocked, id=82624, stack(0x000000d0f5200000,0x000000d0f5300000)]
  0x0000024dd886f5e0 JavaThread "Direct Clip" daemon [_thread_blocked, id=82776, stack(0x000000d0f5300000,0x000000d0f5400000)]
  0x0000024dd8867bb0 JavaThread "Direct Clip" daemon [_thread_blocked, id=83628, stack(0x000000d0f5400000,0x000000d0f5500000)]
  0x0000024dd886c610 JavaThread "Direct Clip" daemon [_thread_blocked, id=85168, stack(0x000000d0f5500000,0x000000d0f5600000)]
  0x0000024dd886fb30 JavaThread "Direct Clip" daemon [_thread_blocked, id=85692, stack(0x000000d0f5600000,0x000000d0f5700000)]
  0x0000024dd886cb60 JavaThread "Direct Clip" daemon [_thread_blocked, id=76832, stack(0x000000d0f5700000,0x000000d0f5800000)]
  0x0000024dd8870080 JavaThread "Direct Clip" daemon [_thread_blocked, id=87360, stack(0x000000d0f5800000,0x000000d0f5900000)]
  0x0000024dd8868650 JavaThread "Direct Clip" daemon [_thread_blocked, id=87120, stack(0x000000d0f5900000,0x000000d0f5a00000)]
  0x0000024dd88705d0 JavaThread "Direct Clip" daemon [_thread_blocked, id=87028, stack(0x000000d0f5a00000,0x000000d0f5b00000)]
  0x0000024dd8870b20 JavaThread "Direct Clip" daemon [_thread_blocked, id=83612, stack(0x000000d0f5b00000,0x000000d0f5c00000)]
  0x0000024dd88690f0 JavaThread "Direct Clip" daemon [_thread_blocked, id=86276, stack(0x000000d0f5c00000,0x000000d0f5d00000)]
  0x0000024dd8871070 JavaThread "Direct Clip" daemon [_thread_blocked, id=83668, stack(0x000000d0f5d00000,0x000000d0f5e00000)]
  0x0000024dd8869640 JavaThread "Direct Clip" daemon [_thread_blocked, id=84168, stack(0x000000d0f5e00000,0x000000d0f5f00000)]
  0x0000024dd88715c0 JavaThread "Direct Clip" daemon [_thread_blocked, id=87396, stack(0x000000d0f5f00000,0x000000d0f6000000)]
  0x0000024dd8869b90 JavaThread "Direct Clip" daemon [_thread_blocked, id=84628, stack(0x000000d0f6000000,0x000000d0f6100000)]
  0x0000024dd8871b10 JavaThread "Direct Clip" daemon [_thread_blocked, id=84788, stack(0x000000d0f6100000,0x000000d0f6200000)]
  0x0000024dd8872060 JavaThread "Direct Clip" daemon [_thread_blocked, id=87796, stack(0x000000d0f6200000,0x000000d0f6300000)]
  0x0000024dd88725b0 JavaThread "Direct Clip" daemon [_thread_blocked, id=84060, stack(0x000000d0f6300000,0x000000d0f6400000)]
  0x0000024dd8872b00 JavaThread "Direct Clip" daemon [_thread_blocked, id=80920, stack(0x000000d0f6400000,0x000000d0f6500000)]
  0x0000024dd8873050 JavaThread "Direct Clip" daemon [_thread_blocked, id=81104, stack(0x000000d0f6500000,0x000000d0f6600000)]
  0x0000024dd8877560 JavaThread "Direct Clip" daemon [_thread_blocked, id=86956, stack(0x000000d0f6600000,0x000000d0f6700000)]
  0x0000024dd8873af0 JavaThread "Direct Clip" daemon [_thread_blocked, id=82740, stack(0x000000d0f6700000,0x000000d0f6800000)]
  0x0000024dd8876570 JavaThread "Direct Clip" daemon [_thread_blocked, id=85948, stack(0x000000d0f6800000,0x000000d0f6900000)]
  0x0000024dd8878ff0 JavaThread "Direct Clip" daemon [_thread_blocked, id=81344, stack(0x000000d0f6900000,0x000000d0f6a00000)]
  0x0000024dd8876020 JavaThread "Direct Clip" daemon [_thread_blocked, id=52976, stack(0x000000d0f6a00000,0x000000d0f6b00000)]
  0x0000024dd8878550 JavaThread "Direct Clip" daemon [_thread_blocked, id=84548, stack(0x000000d0f6b00000,0x000000d0f6c00000)]
  0x0000024dd8878aa0 JavaThread "Direct Clip" daemon [_thread_blocked, id=87248, stack(0x000000d0f6e00000,0x000000d0f6f00000)]
  0x0000024dd8879540 JavaThread "Direct Clip" daemon [_thread_blocked, id=82068, stack(0x000000d0f6f00000,0x000000d0f7000000)]
  0x0000024dd887afd0 JavaThread "Direct Clip" daemon [_thread_blocked, id=83880, stack(0x000000d0f7000000,0x000000d0f7100000)]
  0x0000024dd8879a90 JavaThread "Direct Clip" daemon [_thread_blocked, id=76748, stack(0x000000d0f7100000,0x000000d0f7200000)]
  0x0000024dd8876ac0 JavaThread "Direct Clip" daemon [_thread_blocked, id=87592, stack(0x000000d0f7200000,0x000000d0f7300000)]
  0x0000024dd887a530 JavaThread "Direct Clip" daemon [_thread_blocked, id=86780, stack(0x000000d0f7300000,0x000000d0f7400000)]
  0x0000024dd8877ab0 JavaThread "Direct Clip" daemon [_thread_blocked, id=84352, stack(0x000000d0f7400000,0x000000d0f7500000)]
  0x0000024dd8875580 JavaThread "Direct Clip" daemon [_thread_blocked, id=78632, stack(0x000000d0f7500000,0x000000d0f7600000)]
  0x0000024dd8877010 JavaThread "Direct Clip" daemon [_thread_blocked, id=87404, stack(0x000000d0f7600000,0x000000d0f7700000)]
  0x0000024dd8874040 JavaThread "Direct Clip" daemon [_thread_blocked, id=78404, stack(0x000000d0f7700000,0x000000d0f7800000)]
  0x0000024dd88735a0 JavaThread "Direct Clip" daemon [_thread_blocked, id=18396, stack(0x000000d0f7800000,0x000000d0f7900000)]
  0x0000024dd8875030 JavaThread "Direct Clip" daemon [_thread_blocked, id=87156, stack(0x000000d0f7900000,0x000000d0f7a00000)]
  0x0000024dd8875ad0 JavaThread "Direct Clip" daemon [_thread_blocked, id=82600, stack(0x000000d0f7a00000,0x000000d0f7b00000)]
  0x0000024dd8878000 JavaThread "Direct Clip" daemon [_thread_blocked, id=84584, stack(0x000000d0f7b00000,0x000000d0f7c00000)]
  0x0000024dd887ba70 JavaThread "Direct Clip" daemon [_thread_blocked, id=83096, stack(0x000000d0f7c00000,0x000000d0f7d00000)]
  0x0000024dd8879fe0 JavaThread "Direct Clip" daemon [_thread_blocked, id=83376, stack(0x000000d0f7d00000,0x000000d0f7e00000)]
  0x0000024dd887aa80 JavaThread "Direct Clip" daemon [_thread_blocked, id=83864, stack(0x000000d0f7e00000,0x000000d0f7f00000)]
  0x0000024dd887b520 JavaThread "Direct Clip" daemon [_thread_blocked, id=86104, stack(0x000000d0f7f00000,0x000000d0f8000000)]
  0x0000024dd887bfc0 JavaThread "Direct Clip" daemon [_thread_blocked, id=85852, stack(0x000000d0f8000000,0x000000d0f8100000)]
  0x0000024dd8874590 JavaThread "Direct Clip" daemon [_thread_blocked, id=24104, stack(0x000000d0f8100000,0x000000d0f8200000)]
  0x0000024dd887c510 JavaThread "Direct Clip" daemon [_thread_blocked, id=82072, stack(0x000000d0f8200000,0x000000d0f8300000)]
  0x0000024dd8874ae0 JavaThread "Direct Clip" daemon [_thread_blocked, id=86284, stack(0x000000d0f8300000,0x000000d0f8400000)]
  0x0000024dd887ca60 JavaThread "Direct Clip" daemon [_thread_blocked, id=85876, stack(0x000000d0f8400000,0x000000d0f8500000)]
  0x0000024dd887da50 JavaThread "Direct Clip" daemon [_thread_blocked, id=85972, stack(0x000000d0f8500000,0x000000d0f8600000)]
  0x0000024dd887cfb0 JavaThread "Direct Clip" daemon [_thread_blocked, id=56428, stack(0x000000d0f8600000,0x000000d0f8700000)]
  0x0000024dd887d500 JavaThread "Direct Clip" daemon [_thread_blocked, id=87652, stack(0x000000d0f8700000,0x000000d0f8800000)]
  0x0000024ddabf1f80 JavaThread "Direct Clip" daemon [_thread_blocked, id=88036, stack(0x000000d0f8800000,0x000000d0f8900000)]
  0x0000024ddabf3f60 JavaThread "Direct Clip" daemon [_thread_blocked, id=79052, stack(0x000000d0f8900000,0x000000d0f8a00000)]
  0x0000024ddabf44b0 JavaThread "Direct Clip" daemon [_thread_blocked, id=84284, stack(0x000000d0f8a00000,0x000000d0f8b00000)]
  0x0000024ddabed520 JavaThread "Direct Clip" daemon [_thread_blocked, id=87320, stack(0x000000d0f8b00000,0x000000d0f8c00000)]
  0x0000024ddabf1a30 JavaThread "Direct Clip" daemon [_thread_blocked, id=79068, stack(0x000000d0f8c00000,0x000000d0f8d00000)]
  0x0000024ddabf24d0 JavaThread "Direct Clip" daemon [_thread_blocked, id=86932, stack(0x000000d0f8d00000,0x000000d0f8e00000)]
  0x0000024ddabeea60 JavaThread "Direct Clip" daemon [_thread_blocked, id=86940, stack(0x000000d0f8e00000,0x000000d0f8f00000)]
  0x0000024ddabf2a20 JavaThread "Direct Clip" daemon [_thread_blocked, id=65988, stack(0x000000d0f8f00000,0x000000d0f9000000)]
  0x0000024ddabf3a10 JavaThread "Direct Clip" daemon [_thread_blocked, id=78016, stack(0x000000d0f9000000,0x000000d0f9100000)]
  0x0000024ddabf2f70 JavaThread "Direct Clip" daemon [_thread_blocked, id=87436, stack(0x000000d0f9100000,0x000000d0f9200000)]
  0x0000024ddabf34c0 JavaThread "Direct Clip" daemon [_thread_blocked, id=86436, stack(0x000000d0f9200000,0x000000d0f9300000)]
  0x0000024ddabf4a00 JavaThread "Direct Clip" daemon [_thread_blocked, id=86356, stack(0x000000d0f9300000,0x000000d0f9400000)]
  0x0000024ddabee510 JavaThread "Direct Clip" daemon [_thread_blocked, id=86656, stack(0x000000d0f9400000,0x000000d0f9500000)]
  0x0000024ddabecfd0 JavaThread "Direct Clip" daemon [_thread_blocked, id=87000, stack(0x000000d0f9500000,0x000000d0f9600000)]
  0x0000024ddabf0a40 JavaThread "Direct Clip" daemon [_thread_blocked, id=87348, stack(0x000000d0f9600000,0x000000d0f9700000)]
  0x0000024ddabf4f50 JavaThread "Direct Clip" daemon [_thread_blocked, id=84684, stack(0x000000d0f9700000,0x000000d0f9800000)]
  0x0000024ddabf54a0 JavaThread "Direct Clip" daemon [_thread_blocked, id=87808, stack(0x000000d0f9800000,0x000000d0f9900000)]
  0x0000024ddabeda70 JavaThread "Direct Clip" daemon [_thread_blocked, id=87056, stack(0x000000d0f9900000,0x000000d0f9a00000)]
  0x0000024ddabf0f90 JavaThread "Direct Clip" daemon [_thread_blocked, id=87892, stack(0x000000d0f9a00000,0x000000d0f9b00000)]
  0x0000024ddabf59f0 JavaThread "Direct Clip" daemon [_thread_blocked, id=81316, stack(0x000000d0f9b00000,0x000000d0f9c00000)]
  0x0000024ddabeffa0 JavaThread "Direct Clip" daemon [_thread_blocked, id=69584, stack(0x000000d0f9c00000,0x000000d0f9d00000)]
  0x0000024ddabefa50 JavaThread "Direct Clip" daemon [_thread_blocked, id=83604, stack(0x000000d0f9d00000,0x000000d0f9e00000)]
  0x0000024ddabf14e0 JavaThread "Direct Clip" daemon [_thread_blocked, id=87372, stack(0x000000d0f9e00000,0x000000d0f9f00000)]
  0x0000024ddabedfc0 JavaThread "Direct Clip" daemon [_thread_blocked, id=86840, stack(0x000000d0f9f00000,0x000000d0fa000000)]
  0x0000024ddabf5f40 JavaThread "Direct Clip" daemon [_thread_blocked, id=84840, stack(0x000000d0fa000000,0x000000d0fa100000)]
  0x0000024ddabeefb0 JavaThread "Direct Clip" daemon [_thread_blocked, id=83472, stack(0x000000d0fa100000,0x000000d0fa200000)]
  0x0000024ddabf6490 JavaThread "Direct Clip" daemon [_thread_blocked, id=83992, stack(0x000000d0fa200000,0x000000d0fa300000)]
  0x0000024ddabf6f30 JavaThread "Direct Clip" daemon [_thread_blocked, id=86612, stack(0x000000d0fa300000,0x000000d0fa400000)]
  0x0000024ddabf69e0 JavaThread "Direct Clip" daemon [_thread_blocked, id=76036, stack(0x000000d0fa400000,0x000000d0fa500000)]
  0x0000024ddabef500 JavaThread "Direct Clip" daemon [_thread_blocked, id=32324, stack(0x000000d0fa500000,0x000000d0fa600000)]
  0x0000024ddabf7480 JavaThread "Direct Clip" daemon [_thread_blocked, id=87788, stack(0x000000d0fa600000,0x000000d0fa700000)]
  0x0000024ddabf79d0 JavaThread "Direct Clip" daemon [_thread_blocked, id=87768, stack(0x000000d0fa700000,0x000000d0fa800000)]
  0x0000024ddabf7f20 JavaThread "Direct Clip" daemon [_thread_blocked, id=86984, stack(0x000000d0fa800000,0x000000d0fa900000)]
  0x0000024ddabf04f0 JavaThread "Direct Clip" daemon [_thread_blocked, id=86504, stack(0x000000d0fa900000,0x000000d0faa00000)]
  0x0000024ddabf89c0 JavaThread "Direct Clip" daemon [_thread_blocked, id=84136, stack(0x000000d0faa00000,0x000000d0fab00000)]
  0x0000024ddabfa450 JavaThread "Direct Clip" daemon [_thread_blocked, id=80836, stack(0x000000d0fab00000,0x000000d0fac00000)]
  0x0000024ddabf9f00 JavaThread "Direct Clip" daemon [_thread_blocked, id=87760, stack(0x000000d0fac00000,0x000000d0fad00000)]
  0x0000024ddabfced0 JavaThread "Direct Clip" daemon [_thread_blocked, id=81324, stack(0x000000d0fad00000,0x000000d0fae00000)]
  0x0000024ddabff400 JavaThread "Direct Clip" daemon [_thread_blocked, id=82296, stack(0x000000d0fae00000,0x000000d0faf00000)]
  0x0000024ddabfa9a0 JavaThread "Direct Clip" daemon [_thread_blocked, id=84180, stack(0x000000d0faf00000,0x000000d0fb000000)]
  0x0000024ddabff950 JavaThread "Direct Clip" daemon [_thread_blocked, id=87704, stack(0x000000d0fb000000,0x000000d0fb100000)]
  0x0000024ddabf8470 JavaThread "Direct Clip" daemon [_thread_blocked, id=78904, stack(0x000000d0fb100000,0x000000d0fb200000)]
  0x0000024ddabfc430 JavaThread "Direct Clip" daemon [_thread_blocked, id=69928, stack(0x000000d0fb200000,0x000000d0fb300000)]
  0x0000024ddabfd420 JavaThread "Direct Clip" daemon [_thread_blocked, id=83692, stack(0x000000d0fb300000,0x000000d0fb400000)]
  0x0000024ddabfbee0 JavaThread "Direct Clip" daemon [_thread_blocked, id=81992, stack(0x000000d0fb400000,0x000000d0fb500000)]
  0x0000024ddabfaef0 JavaThread "Direct Clip" daemon [_thread_blocked, id=84748, stack(0x000000d0fb500000,0x000000d0fb600000)]
  0x0000024ddabfd970 JavaThread "Direct Clip" daemon [_thread_blocked, id=69128, stack(0x000000d0fb600000,0x000000d0fb700000)]
  0x0000024ddabfe410 JavaThread "Direct Clip" daemon [_thread_blocked, id=86548, stack(0x000000d0fb700000,0x000000d0fb800000)]
  0x0000024ddabfe960 JavaThread "Direct Clip" daemon [_thread_blocked, id=76972, stack(0x000000d0fb800000,0x000000d0fb900000)]
  0x0000024ddabffea0 JavaThread "Direct Clip" daemon [_thread_blocked, id=83452, stack(0x000000d0fb900000,0x000000d0fba00000)]
  0x0000024ddabfb440 JavaThread "Direct Clip" daemon [_thread_blocked, id=68664, stack(0x000000d0fba00000,0x000000d0fbb00000)]
  0x0000024ddac003f0 JavaThread "Direct Clip" daemon [_thread_blocked, id=83156, stack(0x000000d0fbb00000,0x000000d0fbc00000)]
  0x0000024ddabf8f10 JavaThread "Direct Clip" daemon [_thread_blocked, id=86140, stack(0x000000d0fbc00000,0x000000d0fbd00000)]
  0x0000024ddac00940 JavaThread "Direct Clip" daemon [_thread_blocked, id=86312, stack(0x000000d0fbd00000,0x000000d0fbe00000)]
  0x0000024ddabfdec0 JavaThread "Direct Clip" daemon [_thread_blocked, id=82220, stack(0x000000d0fbe00000,0x000000d0fbf00000)]
  0x0000024ddabfeeb0 JavaThread "Direct Clip" daemon [_thread_blocked, id=83976, stack(0x000000d0fbf00000,0x000000d0fc000000)]
  0x0000024ddabfb990 JavaThread "Direct Clip" daemon [_thread_blocked, id=88052, stack(0x000000d0fc000000,0x000000d0fc100000)]
  0x0000024ddac00e90 JavaThread "Direct Clip" daemon [_thread_blocked, id=77460, stack(0x000000d0fc100000,0x000000d0fc200000)]
  0x0000024ddabf9460 JavaThread "Direct Clip" daemon [_thread_blocked, id=87376, stack(0x000000d0fc200000,0x000000d0fc300000)]
  0x0000024ddac013e0 JavaThread "Direct Clip" daemon [_thread_blocked, id=84116, stack(0x000000d0fc300000,0x000000d0fc400000)]
  0x0000024ddabf99b0 JavaThread "Direct Clip" daemon [_thread_blocked, id=85372, stack(0x000000d0fc400000,0x000000d0fc500000)]
  0x0000024ddac01930 JavaThread "Direct Clip" daemon [_thread_blocked, id=70588, stack(0x000000d0fc500000,0x000000d0fc600000)]
  0x0000024ddac01e80 JavaThread "Direct Clip" daemon [_thread_blocked, id=23096, stack(0x000000d0fc600000,0x000000d0fc700000)]
  0x0000024ddabfc980 JavaThread "Direct Clip" daemon [_thread_blocked, id=87628, stack(0x000000d0fc700000,0x000000d0fc800000)]
  0x0000024ddac058f0 JavaThread "Direct Clip" daemon [_thread_blocked, id=87324, stack(0x000000d0fc800000,0x000000d0fc900000)]
  0x0000024ddac02e70 JavaThread "Direct Clip" daemon [_thread_blocked, id=67500, stack(0x000000d0fc900000,0x000000d0fca00000)]
  0x0000024ddac04e50 JavaThread "Direct Clip" daemon [_thread_blocked, id=85052, stack(0x000000d0fca00000,0x000000d0fcb00000)]
  0x0000024ddac023d0 JavaThread "Direct Clip" daemon [_thread_blocked, id=76772, stack(0x000000d0fcb00000,0x000000d0fcc00000)]
  0x0000024ddac09e00 JavaThread "Direct Clip" daemon [_thread_blocked, id=82636, stack(0x000000d0fcc00000,0x000000d0fcd00000)]
  0x0000024ddac04900 JavaThread "Direct Clip" daemon [_thread_blocked, id=87096, stack(0x000000d0fcd00000,0x000000d0fce00000)]
  0x0000024ddac07e20 JavaThread "Direct Clip" daemon [_thread_blocked, id=76768, stack(0x000000d0fce00000,0x000000d0fcf00000)]
  0x0000024ddac043b0 JavaThread "Direct Clip" daemon [_thread_blocked, id=85584, stack(0x000000d0fcf00000,0x000000d0fd000000)]
  0x0000024ddac02920 JavaThread "Direct Clip" daemon [_thread_blocked, id=84032, stack(0x000000d0fd000000,0x000000d0fd100000)]
  0x0000024ddac06e30 JavaThread "Direct Clip" daemon [_thread_blocked, id=79028, stack(0x000000d0fd100000,0x000000d0fd200000)]
  0x0000024ddac033c0 JavaThread "Direct Clip" daemon [_thread_blocked, id=86844, stack(0x000000d0fd200000,0x000000d0fd300000)]
  0x0000024ddac0a350 JavaThread "Direct Clip" daemon [_thread_blocked, id=83776, stack(0x000000d0fd300000,0x000000d0fd400000)]
  0x0000024ddac08e10 JavaThread "Direct Clip" daemon [_thread_blocked, id=82204, stack(0x000000d0fd400000,0x000000d0fd500000)]
  0x0000024ddac0a8a0 JavaThread "Direct Clip" daemon [_thread_blocked, id=85208, stack(0x000000d0fd500000,0x000000d0fd600000)]
  0x0000024ddac05e40 JavaThread "Direct Clip" daemon [_thread_blocked, id=85436, stack(0x000000d0fd600000,0x000000d0fd700000)]
  0x0000024ddac088c0 JavaThread "Direct Clip" daemon [_thread_blocked, id=84504, stack(0x000000d0fd700000,0x000000d0fd800000)]
  0x0000024ddac068e0 JavaThread "Direct Clip" daemon [_thread_blocked, id=86496, stack(0x000000d0fd800000,0x000000d0fd900000)]
  0x0000024ddac08370 JavaThread "Direct Clip" daemon [_thread_blocked, id=81684, stack(0x000000d0fd900000,0x000000d0fda00000)]
  0x0000024ddac06390 JavaThread "Direct Clip" daemon [_thread_blocked, id=87356, stack(0x000000d0fda00000,0x000000d0fdb00000)]
  0x0000024ddac07380 JavaThread "Direct Clip" daemon [_thread_blocked, id=79892, stack(0x000000d0fdb00000,0x000000d0fdc00000)]
  0x0000024ddac0adf0 JavaThread "Direct Clip" daemon [_thread_blocked, id=87176, stack(0x000000d0fdc00000,0x000000d0fdd00000)]
  0x0000024ddac03910 JavaThread "Direct Clip" daemon [_thread_blocked, id=85804, stack(0x000000d0fdd00000,0x000000d0fde00000)]
  0x0000024ddac053a0 JavaThread "Direct Clip" daemon [_thread_blocked, id=86048, stack(0x000000d0fde00000,0x000000d0fdf00000)]
  0x0000024ddac098b0 JavaThread "Direct Clip" daemon [_thread_blocked, id=85420, stack(0x000000d0fdf00000,0x000000d0fe000000)]
  0x0000024ddac09360 JavaThread "Direct Clip" daemon [_thread_blocked, id=56916, stack(0x000000d0fe000000,0x000000d0fe100000)]
  0x0000024ddac0b340 JavaThread "Direct Clip" daemon [_thread_blocked, id=87388, stack(0x000000d0fe100000,0x000000d0fe200000)]
  0x0000024ddac078d0 JavaThread "Direct Clip" daemon [_thread_blocked, id=87500, stack(0x000000d0fe200000,0x000000d0fe300000)]
  0x0000024ddac0b890 JavaThread "Direct Clip" daemon [_thread_blocked, id=85032, stack(0x000000d0fe300000,0x000000d0fe400000)]
  0x0000024ddac03e60 JavaThread "Direct Clip" daemon [_thread_blocked, id=84868, stack(0x000000d0fe400000,0x000000d0fe500000)]
  0x0000024ddac0bde0 JavaThread "Direct Clip" daemon [_thread_blocked, id=84508, stack(0x000000d0fe500000,0x000000d0fe600000)]
  0x0000024ddac0c330 JavaThread "Direct Clip" daemon [_thread_blocked, id=87568, stack(0x000000d0fe600000,0x000000d0fe700000)]
  0x0000024ddac0c880 JavaThread "Direct Clip" daemon [_thread_blocked, id=87828, stack(0x000000d0fe700000,0x000000d0fe800000)]
  0x0000024de5a489b0 JavaThread "Direct Clip" daemon [_thread_blocked, id=87672, stack(0x000000d0fe800000,0x000000d0fe900000)]
  0x0000024de5a47f10 JavaThread "Direct Clip" daemon [_thread_blocked, id=82808, stack(0x000000d0fe900000,0x000000d0fea00000)]
  0x0000024de5a499a0 JavaThread "Direct Clip" daemon [_thread_blocked, id=81596, stack(0x000000d0fea00000,0x000000d0feb00000)]
  0x0000024de5a4e400 JavaThread "Direct Clip" daemon [_thread_blocked, id=83008, stack(0x000000d0feb00000,0x000000d0fec00000)]
  0x0000024de5a4a990 JavaThread "Direct Clip" daemon [_thread_blocked, id=83080, stack(0x000000d0fec00000,0x000000d0fed00000)]
  0x0000024de5a4deb0 JavaThread "Direct Clip" daemon [_thread_blocked, id=82972, stack(0x000000d0fed00000,0x000000d0fee00000)]
  0x0000024de5a4c420 JavaThread "Direct Clip" daemon [_thread_blocked, id=86660, stack(0x000000d0fee00000,0x000000d0fef00000)]
  0x0000024de5a4bed0 JavaThread "Direct Clip" daemon [_thread_blocked, id=78396, stack(0x000000d0fef00000,0x000000d0ff000000)]
  0x0000024de5a4cec0 JavaThread "Direct Clip" daemon [_thread_blocked, id=81476, stack(0x000000d0ff000000,0x000000d0ff100000)]
  0x0000024de5a49ef0 JavaThread "Direct Clip" daemon [_thread_blocked, id=80428, stack(0x000000d0ff100000,0x000000d0ff200000)]
  0x0000024de5a47470 JavaThread "Direct Clip" daemon [_thread_blocked, id=79364, stack(0x000000d0ff200000,0x000000d0ff300000)]
  0x0000024de5a4a440 JavaThread "Direct Clip" daemon [_thread_blocked, id=67028, stack(0x000000d0ff300000,0x000000d0ff400000)]
  0x0000024de5a4aee0 JavaThread "Direct Clip" daemon [_thread_blocked, id=81000, stack(0x000000d0ff400000,0x000000d0ff500000)]
  0x0000024de5a4d410 JavaThread "Direct Clip" daemon [_thread_blocked, id=87196, stack(0x000000d0ff500000,0x000000d0ff600000)]
  0x0000024de5a4b430 JavaThread "Direct Clip" daemon [_thread_blocked, id=85048, stack(0x000000d0ff600000,0x000000d0ff700000)]
  0x0000024de5a4d960 JavaThread "Direct Clip" daemon [_thread_blocked, id=86652, stack(0x000000d0ff700000,0x000000d0ff800000)]
  0x0000024de5a4e950 JavaThread "Direct Clip" daemon [_thread_blocked, id=86204, stack(0x000000d0ff800000,0x000000d0ff900000)]
  0x0000024de5a4eea0 JavaThread "Direct Clip" daemon [_thread_blocked, id=86640, stack(0x000000d0ff900000,0x000000d0ffa00000)]
  0x0000024de5a4f3f0 JavaThread "Direct Clip" daemon [_thread_blocked, id=79716, stack(0x000000d0ffa00000,0x000000d0ffb00000)]
  0x0000024de5a479c0 JavaThread "Direct Clip" daemon [_thread_blocked, id=86344, stack(0x000000d0ffb00000,0x000000d0ffc00000)]
  0x0000024de5a49450 JavaThread "Direct Clip" daemon [_thread_blocked, id=87872, stack(0x000000d0ffc00000,0x000000d0ffd00000)]
  0x0000024de5a4f940 JavaThread "Direct Clip" daemon [_thread_blocked, id=86604, stack(0x000000d0ffd00000,0x000000d0ffe00000)]
  0x0000024de5a4b980 JavaThread "Direct Clip" daemon [_thread_blocked, id=74024, stack(0x000000d0ffe00000,0x000000d0fff00000)]
  0x0000024de5a4c970 JavaThread "Direct Clip" daemon [_thread_blocked, id=80148, stack(0x000000d0fff00000,0x000000d100000000)]
  0x0000024de5a4fe90 JavaThread "Direct Clip" daemon [_thread_blocked, id=84388, stack(0x000000d080000000,0x000000d080100000)]
  0x0000024de5a48460 JavaThread "Direct Clip" daemon [_thread_blocked, id=78388, stack(0x000000d080100000,0x000000d080200000)]
  0x0000024de5a503e0 JavaThread "Direct Clip" daemon [_thread_blocked, id=85428, stack(0x000000d080200000,0x000000d080300000)]
  0x0000024de5a50930 JavaThread "Direct Clip" daemon [_thread_blocked, id=87424, stack(0x000000d080300000,0x000000d080400000)]
  0x0000024de5a48f00 JavaThread "Direct Clip" daemon [_thread_blocked, id=80228, stack(0x000000d080400000,0x000000d080500000)]
  0x0000024de5a50e80 JavaThread "Direct Clip" daemon [_thread_blocked, id=88012, stack(0x000000d080500000,0x000000d080600000)]
  0x0000024de5a513d0 JavaThread "Direct Clip" daemon [_thread_blocked, id=84936, stack(0x000000d080600000,0x000000d080700000)]
  0x0000024de5a51920 JavaThread "Direct Clip" daemon [_thread_blocked, id=84080, stack(0x000000d080700000,0x000000d080800000)]
  0x0000024de5a39550 JavaThread "Direct Clip" daemon [_thread_blocked, id=86392, stack(0x000000d080800000,0x000000d080900000)]
  0x0000024de5a325c0 JavaThread "Direct Clip" daemon [_thread_blocked, id=57776, stack(0x000000d080900000,0x000000d080a00000)]
  0x0000024de5a37570 JavaThread "Direct Clip" daemon [_thread_blocked, id=81092, stack(0x000000d080a00000,0x000000d080b00000)]
  0x0000024de5a37ac0 JavaThread "Direct Clip" daemon [_thread_blocked, id=78152, stack(0x000000d080b00000,0x000000d080c00000)]
  0x0000024de5a36580 JavaThread "Direct Clip" daemon [_thread_blocked, id=82772, stack(0x000000d080c00000,0x000000d080d00000)]
  0x0000024de5a33b00 JavaThread "Direct Clip" daemon [_thread_blocked, id=87920, stack(0x000000d080d00000,0x000000d080e00000)]
  0x0000024de5a38010 JavaThread "Direct Clip" daemon [_thread_blocked, id=87916, stack(0x000000d080e00000,0x000000d080f00000)]
  0x0000024de5a38560 JavaThread "Direct Clip" daemon [_thread_blocked, id=87960, stack(0x000000d080f00000,0x000000d081000000)]
  0x0000024de5a39000 JavaThread "Direct Clip" daemon [_thread_blocked, id=87956, stack(0x000000d081000000,0x000000d081100000)]
  0x0000024de5a36030 JavaThread "Direct Clip" daemon [_thread_blocked, id=87952, stack(0x000000d081100000,0x000000d081200000)]
  0x0000024de5a39aa0 JavaThread "Direct Clip" daemon [_thread_blocked, id=87928, stack(0x000000d081200000,0x000000d081300000)]
  0x0000024de5a32070 JavaThread "Direct Clip" daemon [_thread_blocked, id=87900, stack(0x000000d081300000,0x000000d081400000)]
  0x0000024de5a39ff0 JavaThread "Direct Clip" daemon [_thread_blocked, id=87940, stack(0x000000d081400000,0x000000d081500000)]
  0x0000024de5a38ab0 JavaThread "Direct Clip" daemon [_thread_blocked, id=87924, stack(0x000000d081500000,0x000000d081600000)]
  0x0000024de5a3a540 JavaThread "Direct Clip" daemon [_thread_blocked, id=87936, stack(0x000000d081600000,0x000000d081700000)]
  0x0000024de5a32b10 JavaThread "Direct Clip" daemon [_thread_blocked, id=87860, stack(0x000000d081700000,0x000000d081800000)]
  0x0000024de5a3aa90 JavaThread "Direct Clip" daemon [_thread_blocked, id=87816, stack(0x000000d081800000,0x000000d081900000)]
  0x0000024de5a33060 JavaThread "Direct Clip" daemon [_thread_blocked, id=87840, stack(0x000000d081900000,0x000000d081a00000)]
  0x0000024de5a35040 JavaThread "Direct Clip" daemon [_thread_blocked, id=87844, stack(0x000000d081a00000,0x000000d081b00000)]
  0x0000024de5a3afe0 JavaThread "Direct Clip" daemon [_thread_blocked, id=87836, stack(0x000000d081b00000,0x000000d081c00000)]
  0x0000024de5a335b0 JavaThread "Direct Clip" daemon [_thread_blocked, id=23300, stack(0x000000d081c00000,0x000000d081d00000)]
  0x0000024de5a3b530 JavaThread "Direct Clip" daemon [_thread_blocked, id=78292, stack(0x000000d081d00000,0x000000d081e00000)]
  0x0000024de5a3ba80 JavaThread "Direct Clip" daemon [_thread_blocked, id=87284, stack(0x000000d081e00000,0x000000d081f00000)]
  0x0000024de5a35ae0 JavaThread "Direct Clip" daemon [_thread_blocked, id=72712, stack(0x000000d081f00000,0x000000d082000000)]
  0x0000024de5a36ad0 JavaThread "Direct Clip" daemon [_thread_blocked, id=84424, stack(0x000000d082000000,0x000000d082100000)]
  0x0000024de5a37020 JavaThread "Direct Clip" daemon [_thread_blocked, id=72152, stack(0x000000d082100000,0x000000d082200000)]
  0x0000024de5a34050 JavaThread "Direct Clip" daemon [_thread_blocked, id=87716, stack(0x000000d082200000,0x000000d082300000)]
  0x0000024de5a3bfd0 JavaThread "Direct Clip" daemon [_thread_blocked, id=85716, stack(0x000000d082300000,0x000000d082400000)]
  0x0000024de5a35590 JavaThread "Direct Clip" daemon [_thread_blocked, id=87468, stack(0x000000d082400000,0x000000d082500000)]
  0x0000024de5a345a0 JavaThread "Direct Clip" daemon [_thread_blocked, id=83228, stack(0x000000d082500000,0x000000d082600000)]
  0x0000024de5a3c520 JavaThread "Direct Clip" daemon [_thread_blocked, id=84616, stack(0x000000d082600000,0x000000d082700000)]
  0x0000024de5a34af0 JavaThread "Direct Clip" daemon [_thread_blocked, id=77692, stack(0x000000d082700000,0x000000d082800000)]
  0x0000024de5a3fa40 JavaThread "Direct Clip" daemon [_thread_blocked, id=85752, stack(0x000000d082800000,0x000000d082900000)]
  0x0000024de5a40f80 JavaThread "Direct Clip" daemon [_thread_blocked, id=84288, stack(0x000000d082900000,0x000000d082a00000)]
  0x0000024de5a434b0 JavaThread "Direct Clip" daemon [_thread_blocked, id=86880, stack(0x000000d082a00000,0x000000d082b00000)]
  0x0000024de5a3dfb0 JavaThread "Direct Clip" daemon [_thread_blocked, id=85916, stack(0x000000d082b00000,0x000000d082c00000)]
  0x0000024de5a3e500 JavaThread "Direct Clip" daemon [_thread_blocked, id=84728, stack(0x000000d082c00000,0x000000d082d00000)]
  0x0000024de5a414d0 JavaThread "Direct Clip" daemon [_thread_blocked, id=85272, stack(0x000000d082d00000,0x000000d082e00000)]
  0x0000024de5a3efa0 JavaThread "Direct Clip" daemon [_thread_blocked, id=84184, stack(0x000000d082e00000,0x000000d082f00000)]
  0x0000024de5a41f70 JavaThread "Direct Clip" daemon [_thread_blocked, id=87888, stack(0x000000d082f00000,0x000000d083000000)]
  0x0000024de5a43f50 JavaThread "Direct Clip" daemon [_thread_blocked, id=86384, stack(0x000000d083000000,0x000000d083100000)]
  0x0000024de5a3ff90 JavaThread "Direct Clip" daemon [_thread_blocked, id=87304, stack(0x000000d083100000,0x000000d083200000)]
  0x0000024de5a3f4f0 JavaThread "Direct Clip" daemon [_thread_blocked, id=84576, stack(0x000000d083200000,0x000000d083300000)]
  0x0000024de5a42a10 JavaThread "Direct Clip" daemon [_thread_blocked, id=82632, stack(0x000000d083300000,0x000000d083400000)]
  0x0000024de5a444a0 JavaThread "Direct Clip" daemon [_thread_blocked, id=87084, stack(0x000000d083400000,0x000000d083500000)]
  0x0000024de5a42f60 JavaThread "Direct Clip" daemon [_thread_blocked, id=64288, stack(0x000000d083500000,0x000000d083600000)]
  0x0000024de5a3ca70 JavaThread "Direct Clip" daemon [_thread_blocked, id=54804, stack(0x000000d083600000,0x000000d083700000)]
  0x0000024de5a3ea50 JavaThread "Direct Clip" daemon [_thread_blocked, id=81884, stack(0x000000d083700000,0x000000d083800000)]
  0x0000024de5a404e0 JavaThread "Direct Clip" daemon [_thread_blocked, id=77156, stack(0x000000d083800000,0x000000d083900000)]
  0x0000024de5a41a20 JavaThread "Direct Clip" daemon [_thread_blocked, id=86804, stack(0x000000d083900000,0x000000d083a00000)]
  0x0000024de5a40a30 JavaThread "Direct Clip" daemon [_thread_blocked, id=83948, stack(0x000000d083a00000,0x000000d083b00000)]
  0x0000024de5a43a00 JavaThread "Direct Clip" daemon [_thread_blocked, id=87088, stack(0x000000d083b00000,0x000000d083c00000)]
  0x0000024de5a449f0 JavaThread "Direct Clip" daemon [_thread_blocked, id=87112, stack(0x000000d083c00000,0x000000d083d00000)]
  0x0000024de5a3cfc0 JavaThread "Direct Clip" daemon [_thread_blocked, id=84036, stack(0x000000d083d00000,0x000000d083e00000)]
  0x0000024de5a44f40 JavaThread "Direct Clip" daemon [_thread_blocked, id=83160, stack(0x000000d083e00000,0x000000d083f00000)]
  0x0000024de5a424c0 JavaThread "Direct Clip" daemon [_thread_blocked, id=87136, stack(0x000000d083f00000,0x000000d084000000)]
  0x0000024de5a3d510 JavaThread "Direct Clip" daemon [_thread_blocked, id=86416, stack(0x000000d084000000,0x000000d084100000)]
  0x0000024de5a45490 JavaThread "Direct Clip" daemon [_thread_blocked, id=83412, stack(0x000000d084100000,0x000000d084200000)]
  0x0000024de5a3da60 JavaThread "Direct Clip" daemon [_thread_blocked, id=76620, stack(0x000000d084200000,0x000000d084300000)]
  0x0000024de5a459e0 JavaThread "Direct Clip" daemon [_thread_blocked, id=70668, stack(0x000000d084300000,0x000000d084400000)]
  0x0000024de5a45f30 JavaThread "Direct Clip" daemon [_thread_blocked, id=72592, stack(0x000000d084400000,0x000000d084500000)]
  0x0000024de5a46480 JavaThread "Direct Clip" daemon [_thread_blocked, id=87772, stack(0x000000d084500000,0x000000d084600000)]
  0x0000024de5a469d0 JavaThread "Image Fetcher 0" daemon [_thread_blocked, id=84568, stack(0x000000d084600000,0x000000d084700000)]
  0x0000024de5a46f20 JavaThread "Direct Clip" daemon [_thread_blocked, id=75928, stack(0x000000d084700000,0x000000d084800000)]
  0x0000024ddac9bc80 JavaThread "Direct Clip" daemon [_thread_blocked, id=85728, stack(0x000000d084800000,0x000000d084900000)]
  0x0000024ddac9cc70 JavaThread "Direct Clip" daemon [_thread_blocked, id=81452, stack(0x000000d084900000,0x000000d084a00000)]
  0x0000024ddac9b730 JavaThread "Direct Clip" daemon [_thread_blocked, id=85920, stack(0x000000d084a00000,0x000000d084b00000)]
  0x0000024ddac9dc60 JavaThread "Direct Clip" daemon [_thread_blocked, id=86348, stack(0x000000d084b00000,0x000000d084c00000)]
  0x0000024ddac99750 JavaThread "Direct Clip" daemon [_thread_blocked, id=85828, stack(0x000000d084c00000,0x000000d084d00000)]
  0x0000024ddac9a1f0 JavaThread "Direct Clip" daemon [_thread_blocked, id=82984, stack(0x000000d084d00000,0x000000d084e00000)]
  0x0000024ddac9f1a0 JavaThread "Direct Clip" daemon [_thread_blocked, id=87944, stack(0x000000d084e00000,0x000000d084f00000)]
  0x0000024ddac98210 JavaThread "Direct Clip" daemon [_thread_blocked, id=87256, stack(0x000000d084f00000,0x000000d085000000)]
  0x0000024ddac9b1e0 JavaThread "Direct Clip" daemon [_thread_blocked, id=87876, stack(0x000000d085000000,0x000000d085100000)]
  0x0000024ddac99ca0 JavaThread "Direct Clip" daemon [_thread_blocked, id=84220, stack(0x000000d085100000,0x000000d085200000)]
  0x0000024ddac9e700 JavaThread "Direct Clip" daemon [_thread_blocked, id=17728, stack(0x000000d085200000,0x000000d085300000)]
  0x0000024ddac9ec50 JavaThread "Direct Clip" daemon [_thread_blocked, id=76648, stack(0x000000d085300000,0x000000d085400000)]
  0x0000024ddac9c1d0 JavaThread "Direct Clip" daemon [_thread_blocked, id=75064, stack(0x000000d085400000,0x000000d085500000)]
  0x0000024ddac98760 JavaThread "Direct Clip" daemon [_thread_in_vm, id=86872, stack(0x000000d085500000,0x000000d085600000)]

Other Threads:
  0x0000024dd196b0f0 VMThread "VM Thread" [stack: 0x000000d0d7500000,0x000000d0d7600000] [id=85612] _threads_hazard_ptr=0x0000024dd84d0190
  0x0000024dd5d1de50 WatcherThread "VM Periodic Task Thread" [stack: 0x000000d0d8000000,0x000000d0d8100000] [id=82968]
  0x0000024dac2345f0 WorkerThread "GC Thread#0" [stack: 0x000000d0d7000000,0x000000d0d7100000] [id=86884]
  0x0000024dd6969870 WorkerThread "GC Thread#1" [stack: 0x000000d0d9f00000,0x000000d0da000000] [id=87640]
  0x0000024dd6968a60 WorkerThread "GC Thread#2" [stack: 0x000000d0da000000,0x000000d0da100000] [id=82664]
  0x0000024dd6968d30 WorkerThread "GC Thread#3" [stack: 0x000000d0da100000,0x000000d0da200000] [id=86024]
  0x0000024dd6968790 WorkerThread "GC Thread#4" [stack: 0x000000d0da200000,0x000000d0da300000] [id=88032]
  0x0000024dd69692d0 WorkerThread "GC Thread#5" [stack: 0x000000d0da300000,0x000000d0da400000] [id=86008]
  0x0000024dd696a0e0 WorkerThread "GC Thread#6" [stack: 0x000000d0da400000,0x000000d0da500000] [id=84068]
  0x0000024dd69695a0 WorkerThread "GC Thread#7" [stack: 0x000000d0da500000,0x000000d0da600000] [id=86112]
  0x0000024dd6969000 WorkerThread "GC Thread#8" [stack: 0x000000d0da600000,0x000000d0da700000] [id=83872]
  0x0000024dd6969e10 WorkerThread "GC Thread#9" [stack: 0x000000d0da700000,0x000000d0da800000] [id=79204]
  0x0000024dac2454f0 ConcurrentGCThread "G1 Main Marker" [stack: 0x000000d0d7100000,0x000000d0d7200000] [id=88016]
  0x0000024dac245f20 WorkerThread "G1 Conc#0" [stack: 0x000000d0d7200000,0x000000d0d7300000] [id=73148]
  0x0000024dd6a25a50 WorkerThread "G1 Conc#1" [stack: 0x000000d0e5e00000,0x000000d0e5f00000] [id=85684]
  0x0000024dd6a25d20 WorkerThread "G1 Conc#2" [stack: 0x000000d0e5f00000,0x000000d0e6000000] [id=86500]
  0x0000024dd1827150 ConcurrentGCThread "G1 Refine#0" [stack: 0x000000d0d7300000,0x000000d0d7400000] [id=72440]
  0x0000024dd1827ba0 ConcurrentGCThread "G1 Service" [stack: 0x000000d0d7400000,0x000000d0d7500000] [id=83024]

Threads with active compile tasks:
C2 CompilerThread0    15739 3031   !   4       javax.swing.RepaintManager::addDirtyRegion0 (205 bytes)
C1 CompilerThread0    15739 3047   !   2       javax.swing.JComponent::paintChildren (684 bytes)

VM state: synchronizing (normal execution)

VM Mutex/Monitor currently owned by a thread:  ([mutex/lock_event])
[0x0000024dac1bcd70] Threads_lock - owner thread: 0x0000024dd196b0f0
[0x0000024dac1bddc0] Heap_lock - owner thread: 0x0000024dd6a00a40

Heap address: 0x0000000702000000, size: 4064 MB, Compressed Oops mode: Zero based, Oop shift amount: 3

CDS archive(s) mapped at: [0x0000000800000000-0x0000000800c40000-0x0000000800c40000), size 12845056, SharedBaseAddress: 0x0000000800000000, ArchiveRelocationMode: 0.
Compressed class space mapped at: 0x0000000801000000-0x0000000841000000, reserved size: 1073741824
Narrow klass base: 0x0000000800000000, Narrow klass shift: 0, Narrow klass range: 0x100000000

GC Precious Log:
 CardTable entry size: 512
 Card Set container configuration: InlinePtr #cards 4 size 8 Array Of Cards #cards 16 size 48 Howl #buckets 8 coarsen threshold 3686 Howl Bitmap #cards 512 size 80 coarsen threshold 460 Card regions per heap region 1 cards per card region 4096
 CPUs: 12 total, 12 available
 Memory: 16252M
 Large Page Support: Disabled
 NUMA Support: Disabled
 Compressed Oops: Enabled (Zero based)
 Heap Region Size: 2M
 Heap Min Capacity: 8M
 Heap Initial Capacity: 254M
 Heap Max Capacity: 4064M
 Pre-touch: Disabled
 Parallel Workers: 10
 Concurrent Workers: 3
 Concurrent Refinement Workers: 10
 Periodic GC: Disabled

Heap:
 garbage-first heap   total 952320K, used 728542K [0x0000000702000000, 0x0000000800000000)
  region size 2048K, 39 young (79872K), 3 survivors (6144K)
 Metaspace       used 12841K, committed 13120K, reserved 1114112K
  class space    used 1388K, committed 1536K, reserved 1048576K

Heap Regions: E=young(eden), S=young(survivor), O=old, HS=humongous(starts), HC=humongous(continues), CS=collection set, F=free, OA=open archive, CA=closed archive, TAMS=top-at-mark-start (previous, next)
|   0|0x0000000702000000, 0x0000000702200000, 0x0000000702200000|100%|HS|  |TAMS 0x0000000702200000, 0x0000000702000000| Complete 
|   1|0x0000000702200000, 0x0000000702400000, 0x0000000702400000|100%|HC|  |TAMS 0x0000000702400000, 0x0000000702200000| Complete 
|   2|0x0000000702400000, 0x0000000702600000, 0x0000000702600000|100%|HC|  |TAMS 0x0000000702600000, 0x0000000702400000| Complete 
|   3|0x0000000702600000, 0x0000000702800000, 0x0000000702800000|100%|HS|  |TAMS 0x0000000702800000, 0x0000000702600000| Complete 
|   4|0x0000000702800000, 0x0000000702a00000, 0x0000000702a00000|100%|HC|  |TAMS 0x0000000702a00000, 0x0000000702800000| Complete 
|   5|0x0000000702a00000, 0x0000000702c00000, 0x0000000702c00000|100%|HC|  |TAMS 0x0000000702c00000, 0x0000000702a00000| Complete 
|   6|0x0000000702c00000, 0x0000000702e00000, 0x0000000702e00000|100%|HC|  |TAMS 0x0000000702e00000, 0x0000000702c00000| Complete 
|   7|0x0000000702e00000, 0x0000000703000000, 0x0000000703000000|100%|HS|  |TAMS 0x0000000703000000, 0x0000000702e00000| Complete 
|   8|0x0000000703000000, 0x0000000703200000, 0x0000000703200000|100%|HC|  |TAMS 0x0000000703200000, 0x0000000703000000| Complete 
|   9|0x0000000703200000, 0x0000000703400000, 0x0000000703400000|100%| O|  |TAMS 0x0000000703400000, 0x0000000703200000| Untracked 
|  10|0x0000000703400000, 0x0000000703600000, 0x0000000703600000|100%|HS|  |TAMS 0x0000000703600000, 0x0000000703400000| Complete 
|  11|0x0000000703600000, 0x0000000703800000, 0x0000000703800000|100%| O|  |TAMS 0x0000000703800000, 0x0000000703600000| Untracked 
|  12|0x0000000703800000, 0x0000000703a00000, 0x0000000703a00000|100%| O|  |TAMS 0x0000000703800000, 0x0000000703800000| Untracked 
|  13|0x0000000703a00000, 0x0000000703c00000, 0x0000000703c00000|100%| O|  |TAMS 0x0000000703a00000, 0x0000000703a00000| Untracked 
|  14|0x0000000703c00000, 0x0000000703e00000, 0x0000000703e00000|100%| O|  |TAMS 0x0000000703c00000, 0x0000000703c00000| Untracked 
|  15|0x0000000703e00000, 0x0000000704000000, 0x0000000704000000|100%| O|  |TAMS 0x0000000703e00000, 0x0000000703e00000| Untracked 
|  16|0x0000000704000000, 0x0000000704200000, 0x0000000704200000|100%| O|  |TAMS 0x0000000704000000, 0x0000000704000000| Untracked 
|  17|0x0000000704200000, 0x0000000704400000, 0x0000000704400000|100%| O|  |TAMS 0x0000000704400000, 0x0000000704200000| Untracked 
|  18|0x0000000704400000, 0x0000000704600000, 0x0000000704600000|100%| O|  |TAMS 0x0000000704600000, 0x0000000704400000| Untracked 
|  19|0x0000000704600000, 0x0000000704800000, 0x0000000704800000|100%| O|  |TAMS 0x0000000704600000, 0x0000000704600000| Untracked 
|  20|0x0000000704800000, 0x0000000704a00000, 0x0000000704a00000|100%| O|  |TAMS 0x0000000704a00000, 0x0000000704800000| Untracked 
|  21|0x0000000704a00000, 0x0000000704c00000, 0x0000000704c00000|100%| O|  |TAMS 0x0000000704a00000, 0x0000000704a00000| Untracked 
|  22|0x0000000704c00000, 0x0000000704e00000, 0x0000000704e00000|100%| O|  |TAMS 0x0000000704c00000, 0x0000000704c00000| Untracked 
|  23|0x0000000704e00000, 0x0000000705000000, 0x0000000705000000|100%| O|  |TAMS 0x0000000704e00000, 0x0000000704e00000| Untracked 
|  24|0x0000000705000000, 0x0000000705200000, 0x0000000705200000|100%| O|  |TAMS 0x0000000705000000, 0x0000000705000000| Untracked 
|  25|0x0000000705200000, 0x0000000705400000, 0x0000000705400000|100%| O|  |TAMS 0x0000000705200000, 0x0000000705200000| Untracked 
|  26|0x0000000705400000, 0x0000000705600000, 0x0000000705600000|100%| O|  |TAMS 0x0000000705600000, 0x0000000705400000| Untracked 
|  27|0x0000000705600000, 0x0000000705600000, 0x0000000705800000|  0%| F|  |TAMS 0x0000000705600000, 0x0000000705600000| Untracked 
|  28|0x0000000705800000, 0x0000000705a00000, 0x0000000705a00000|100%| O|  |TAMS 0x0000000705800000, 0x0000000705800000| Untracked 
|  29|0x0000000705a00000, 0x0000000705c00000, 0x0000000705c00000|100%| O|  |TAMS 0x0000000705a00000, 0x0000000705a00000| Untracked 
|  30|0x0000000705c00000, 0x0000000705e00000, 0x0000000705e00000|100%| O|  |TAMS 0x0000000705c00000, 0x0000000705c00000| Untracked 
|  31|0x0000000705e00000, 0x0000000706000000, 0x0000000706000000|100%| O|  |TAMS 0x0000000705e00000, 0x0000000705e00000| Untracked 
|  32|0x0000000706000000, 0x0000000706200000, 0x0000000706200000|100%| O|  |TAMS 0x0000000706000000, 0x0000000706000000| Untracked 
|  33|0x0000000706200000, 0x0000000706400000, 0x0000000706400000|100%| O|  |TAMS 0x0000000706200000, 0x0000000706200000| Untracked 
|  34|0x0000000706400000, 0x0000000706600000, 0x0000000706600000|100%| O|  |TAMS 0x0000000706400000, 0x0000000706400000| Untracked 
|  35|0x0000000706600000, 0x0000000706800000, 0x0000000706800000|100%| O|  |TAMS 0x0000000706600000, 0x0000000706600000| Untracked 
|  36|0x0000000706800000, 0x0000000706a00000, 0x0000000706a00000|100%| O|  |TAMS 0x0000000706a00000, 0x0000000706800000| Untracked 
|  37|0x0000000706a00000, 0x0000000706c00000, 0x0000000706c00000|100%| O|  |TAMS 0x0000000706c00000, 0x0000000706a00000| Untracked 
|  38|0x0000000706c00000, 0x0000000706e00000, 0x0000000706e00000|100%| O|  |TAMS 0x0000000706e00000, 0x0000000706c00000| Untracked 
|  39|0x0000000706e00000, 0x0000000707000000, 0x0000000707000000|100%| O|  |TAMS 0x0000000707000000, 0x0000000706e00000| Untracked 
|  40|0x0000000707000000, 0x0000000707200000, 0x0000000707200000|100%| O|  |TAMS 0x0000000707000000, 0x0000000707000000| Untracked 
|  41|0x0000000707200000, 0x0000000707400000, 0x0000000707400000|100%| O|  |TAMS 0x0000000707200000, 0x0000000707200000| Untracked 
|  42|0x0000000707400000, 0x0000000707600000, 0x0000000707600000|100%| O|  |TAMS 0x0000000707600000, 0x0000000707400000| Untracked 
|  43|0x0000000707600000, 0x0000000707800000, 0x0000000707800000|100%| O|  |TAMS 0x0000000707800000, 0x0000000707600000| Untracked 
|  44|0x0000000707800000, 0x0000000707a00000, 0x0000000707a00000|100%| O|  |TAMS 0x0000000707a00000, 0x0000000707800000| Untracked 
|  45|0x0000000707a00000, 0x0000000707c00000, 0x0000000707c00000|100%| O|  |TAMS 0x0000000707c00000, 0x0000000707a00000| Untracked 
|  46|0x0000000707c00000, 0x0000000707e00000, 0x0000000707e00000|100%| O|  |TAMS 0x0000000707c00000, 0x0000000707c00000| Untracked 
|  47|0x0000000707e00000, 0x0000000708000000, 0x0000000708000000|100%| O|  |TAMS 0x0000000707e00000, 0x0000000707e00000| Untracked 
|  48|0x0000000708000000, 0x0000000708200000, 0x0000000708200000|100%| O|  |TAMS 0x0000000708000000, 0x0000000708000000| Untracked 
|  49|0x0000000708200000, 0x0000000708400000, 0x0000000708400000|100%| O|  |TAMS 0x0000000708400000, 0x0000000708200000| Untracked 
|  50|0x0000000708400000, 0x0000000708600000, 0x0000000708600000|100%| O|  |TAMS 0x0000000708600000, 0x0000000708400000| Untracked 
|  51|0x0000000708600000, 0x0000000708800000, 0x0000000708800000|100%| O|  |TAMS 0x0000000708800000, 0x0000000708600000| Untracked 
|  52|0x0000000708800000, 0x0000000708a00000, 0x0000000708a00000|100%| O|  |TAMS 0x0000000708800000, 0x0000000708800000| Untracked 
|  53|0x0000000708a00000, 0x0000000708c00000, 0x0000000708c00000|100%| O|  |TAMS 0x0000000708a00000, 0x0000000708a00000| Untracked 
|  54|0x0000000708c00000, 0x0000000708e00000, 0x0000000708e00000|100%| O|  |TAMS 0x0000000708e00000, 0x0000000708c00000| Untracked 
|  55|0x0000000708e00000, 0x0000000709000000, 0x0000000709000000|100%| O|  |TAMS 0x0000000709000000, 0x0000000708e00000| Untracked 
|  56|0x0000000709000000, 0x0000000709200000, 0x0000000709200000|100%| O|  |TAMS 0x0000000709000000, 0x0000000709000000| Untracked 
|  57|0x0000000709200000, 0x0000000709400000, 0x0000000709400000|100%| O|  |TAMS 0x0000000709200000, 0x0000000709200000| Untracked 
|  58|0x0000000709400000, 0x0000000709600000, 0x0000000709600000|100%| O|  |TAMS 0x0000000709400000, 0x0000000709400000| Untracked 
|  59|0x0000000709600000, 0x0000000709800000, 0x0000000709800000|100%| O|  |TAMS 0x0000000709600000, 0x0000000709600000| Untracked 
|  60|0x0000000709800000, 0x0000000709a00000, 0x0000000709a00000|100%| O|  |TAMS 0x0000000709a00000, 0x0000000709800000| Untracked 
|  61|0x0000000709a00000, 0x0000000709c00000, 0x0000000709c00000|100%| O|  |TAMS 0x0000000709c00000, 0x0000000709a00000| Untracked 
|  62|0x0000000709c00000, 0x0000000709e00000, 0x0000000709e00000|100%| O|  |TAMS 0x0000000709c00000, 0x0000000709c00000| Untracked 
|  63|0x0000000709e00000, 0x000000070a000000, 0x000000070a000000|100%| O|  |TAMS 0x000000070a000000, 0x0000000709e00000| Untracked 
|  64|0x000000070a000000, 0x000000070a200000, 0x000000070a200000|100%| O|  |TAMS 0x000000070a000000, 0x000000070a000000| Untracked 
|  65|0x000000070a200000, 0x000000070a400000, 0x000000070a400000|100%| O|  |TAMS 0x000000070a200000, 0x000000070a200000| Untracked 
|  66|0x000000070a400000, 0x000000070a600000, 0x000000070a600000|100%| O|  |TAMS 0x000000070a400000, 0x000000070a400000| Untracked 
|  67|0x000000070a600000, 0x000000070a800000, 0x000000070a800000|100%| O|  |TAMS 0x000000070a600000, 0x000000070a600000| Untracked 
|  68|0x000000070a800000, 0x000000070aa00000, 0x000000070aa00000|100%| O|  |TAMS 0x000000070a800000, 0x000000070a800000| Untracked 
|  69|0x000000070aa00000, 0x000000070ac00000, 0x000000070ac00000|100%| O|  |TAMS 0x000000070ac00000, 0x000000070aa00000| Untracked 
|  70|0x000000070ac00000, 0x000000070ae00000, 0x000000070ae00000|100%| O|  |TAMS 0x000000070ac00000, 0x000000070ac00000| Untracked 
|  71|0x000000070ae00000, 0x000000070b000000, 0x000000070b000000|100%| O|  |TAMS 0x000000070ae00000, 0x000000070ae00000| Untracked 
|  72|0x000000070b000000, 0x000000070b200000, 0x000000070b200000|100%| O|  |TAMS 0x000000070b000000, 0x000000070b000000| Untracked 
|  73|0x000000070b200000, 0x000000070b400000, 0x000000070b400000|100%| O|  |TAMS 0x000000070b200000, 0x000000070b200000| Untracked 
|  74|0x000000070b400000, 0x000000070b600000, 0x000000070b600000|100%| O|  |TAMS 0x000000070b400000, 0x000000070b400000| Untracked 
|  75|0x000000070b600000, 0x000000070b800000, 0x000000070b800000|100%| O|  |TAMS 0x000000070b800000, 0x000000070b600000| Untracked 
|  76|0x000000070b800000, 0x000000070ba00000, 0x000000070ba00000|100%| O|  |TAMS 0x000000070ba00000, 0x000000070b800000| Untracked 
|  77|0x000000070ba00000, 0x000000070bc00000, 0x000000070bc00000|100%| O|  |TAMS 0x000000070bc00000, 0x000000070ba00000| Untracked 
|  78|0x000000070bc00000, 0x000000070be00000, 0x000000070be00000|100%| O|  |TAMS 0x000000070be00000, 0x000000070bc00000| Untracked 
|  79|0x000000070be00000, 0x000000070c000000, 0x000000070c000000|100%| O|  |TAMS 0x000000070be00000, 0x000000070be00000| Untracked 
|  80|0x000000070c000000, 0x000000070c200000, 0x000000070c200000|100%| O|  |TAMS 0x000000070c000000, 0x000000070c000000| Untracked 
|  81|0x000000070c200000, 0x000000070c400000, 0x000000070c400000|100%| O|  |TAMS 0x000000070c400000, 0x000000070c200000| Untracked 
|  82|0x000000070c400000, 0x000000070c600000, 0x000000070c600000|100%| O|  |TAMS 0x000000070c400000, 0x000000070c400000| Untracked 
|  83|0x000000070c600000, 0x000000070c800000, 0x000000070c800000|100%| O|  |TAMS 0x000000070c600000, 0x000000070c600000| Untracked 
|  84|0x000000070c800000, 0x000000070ca00000, 0x000000070ca00000|100%| O|  |TAMS 0x000000070c800000, 0x000000070c800000| Untracked 
|  85|0x000000070ca00000, 0x000000070cc00000, 0x000000070cc00000|100%| O|  |TAMS 0x000000070cc00000, 0x000000070ca00000| Untracked 
|  86|0x000000070cc00000, 0x000000070ce00000, 0x000000070ce00000|100%| O|  |TAMS 0x000000070ce00000, 0x000000070cc00000| Untracked 
|  87|0x000000070ce00000, 0x000000070d000000, 0x000000070d000000|100%| O|  |TAMS 0x000000070ce00000, 0x000000070ce00000| Untracked 
|  88|0x000000070d000000, 0x000000070d200000, 0x000000070d200000|100%| O|  |TAMS 0x000000070d200000, 0x000000070d000000| Untracked 
|  89|0x000000070d200000, 0x000000070d400000, 0x000000070d400000|100%| O|  |TAMS 0x000000070d37e400, 0x000000070d200000| Untracked 
|  90|0x000000070d400000, 0x000000070d600000, 0x000000070d600000|100%| O|  |TAMS 0x000000070d400000, 0x000000070d400000| Untracked 
|  91|0x000000070d600000, 0x000000070d800000, 0x000000070d800000|100%| O|  |TAMS 0x000000070d800000, 0x000000070d600000| Untracked 
|  92|0x000000070d800000, 0x000000070da00000, 0x000000070da00000|100%| O|  |TAMS 0x000000070da00000, 0x000000070d800000| Untracked 
|  93|0x000000070da00000, 0x000000070dc00000, 0x000000070dc00000|100%| O|  |TAMS 0x000000070da00000, 0x000000070da00000| Untracked 
|  94|0x000000070dc00000, 0x000000070de00000, 0x000000070de00000|100%| O|  |TAMS 0x000000070dc00000, 0x000000070dc00000| Untracked 
|  95|0x000000070de00000, 0x000000070e000000, 0x000000070e000000|100%| O|  |TAMS 0x000000070de00000, 0x000000070de00000| Untracked 
|  96|0x000000070e000000, 0x000000070e200000, 0x000000070e200000|100%| O|  |TAMS 0x000000070e000000, 0x000000070e000000| Untracked 
|  97|0x000000070e200000, 0x000000070e400000, 0x000000070e400000|100%| O|  |TAMS 0x000000070e400000, 0x000000070e200000| Untracked 
|  98|0x000000070e400000, 0x000000070e600000, 0x000000070e600000|100%| O|  |TAMS 0x000000070e600000, 0x000000070e400000| Untracked 
|  99|0x000000070e600000, 0x000000070e800000, 0x000000070e800000|100%| O|  |TAMS 0x000000070e600000, 0x000000070e600000| Untracked 
| 100|0x000000070e800000, 0x000000070ea00000, 0x000000070ea00000|100%| O|  |TAMS 0x000000070ea00000, 0x000000070e800000| Untracked 
| 101|0x000000070ea00000, 0x000000070ec00000, 0x000000070ec00000|100%| O|  |TAMS 0x000000070ea00000, 0x000000070ea00000| Untracked 
| 102|0x000000070ec00000, 0x000000070ee00000, 0x000000070ee00000|100%| O|  |TAMS 0x000000070ee00000, 0x000000070ec00000| Untracked 
| 103|0x000000070ee00000, 0x000000070f000000, 0x000000070f000000|100%| O|  |TAMS 0x000000070f000000, 0x000000070ee00000| Untracked 
| 104|0x000000070f000000, 0x000000070f200000, 0x000000070f200000|100%| O|  |TAMS 0x000000070f200000, 0x000000070f000000| Untracked 
| 105|0x000000070f200000, 0x000000070f400000, 0x000000070f400000|100%| O|  |TAMS 0x000000070f400000, 0x000000070f200000| Untracked 
| 106|0x000000070f400000, 0x000000070f600000, 0x000000070f600000|100%| O|  |TAMS 0x000000070f600000, 0x000000070f400000| Untracked 
| 107|0x000000070f600000, 0x000000070f800000, 0x000000070f800000|100%| O|  |TAMS 0x000000070f600000, 0x000000070f600000| Untracked 
| 108|0x000000070f800000, 0x000000070fa00000, 0x000000070fa00000|100%| O|  |TAMS 0x000000070fa00000, 0x000000070f800000| Untracked 
| 109|0x000000070fa00000, 0x000000070fc00000, 0x000000070fc00000|100%| O|  |TAMS 0x000000070fa00000, 0x000000070fa00000| Untracked 
| 110|0x000000070fc00000, 0x000000070fe00000, 0x000000070fe00000|100%| O|  |TAMS 0x000000070fc00000, 0x000000070fc00000| Untracked 
| 111|0x000000070fe00000, 0x0000000710000000, 0x0000000710000000|100%| O|  |TAMS 0x000000070fe00000, 0x000000070fe00000| Untracked 
| 112|0x0000000710000000, 0x0000000710200000, 0x0000000710200000|100%| O|  |TAMS 0x0000000710000000, 0x0000000710000000| Untracked 
| 113|0x0000000710200000, 0x0000000710400000, 0x0000000710400000|100%| O|  |TAMS 0x0000000710200000, 0x0000000710200000| Untracked 
| 114|0x0000000710400000, 0x0000000710600000, 0x0000000710600000|100%| O|  |TAMS 0x0000000710400000, 0x0000000710400000| Untracked 
| 115|0x0000000710600000, 0x0000000710800000, 0x0000000710800000|100%| O|  |TAMS 0x0000000710800000, 0x0000000710600000| Untracked 
| 116|0x0000000710800000, 0x0000000710a00000, 0x0000000710a00000|100%| O|  |TAMS 0x0000000710800000, 0x0000000710800000| Untracked 
| 117|0x0000000710a00000, 0x0000000710c00000, 0x0000000710c00000|100%| O|  |TAMS 0x0000000710c00000, 0x0000000710a00000| Untracked 
| 118|0x0000000710c00000, 0x0000000710e00000, 0x0000000710e00000|100%| O|  |TAMS 0x0000000710c00000, 0x0000000710c00000| Untracked 
| 119|0x0000000710e00000, 0x0000000711000000, 0x0000000711000000|100%| O|  |TAMS 0x0000000711000000, 0x0000000710e00000| Untracked 
| 120|0x0000000711000000, 0x0000000711200000, 0x0000000711200000|100%| O|  |TAMS 0x0000000711000000, 0x0000000711000000| Untracked 
| 121|0x0000000711200000, 0x0000000711400000, 0x0000000711400000|100%| O|  |TAMS 0x0000000711200000, 0x0000000711200000| Untracked 
| 122|0x0000000711400000, 0x0000000711600000, 0x0000000711600000|100%| O|  |TAMS 0x0000000711600000, 0x0000000711400000| Untracked 
| 123|0x0000000711600000, 0x0000000711800000, 0x0000000711800000|100%| O|  |TAMS 0x0000000711600000, 0x0000000711600000| Untracked 
| 124|0x0000000711800000, 0x0000000711800000, 0x0000000711a00000|  0%| F|  |TAMS 0x0000000711800000, 0x0000000711800000| Untracked 
| 125|0x0000000711a00000, 0x0000000711c00000, 0x0000000711c00000|100%| O|  |TAMS 0x0000000711c00000, 0x0000000711a00000| Untracked 
| 126|0x0000000711c00000, 0x0000000711e00000, 0x0000000711e00000|100%| O|  |TAMS 0x0000000711c00000, 0x0000000711c00000| Untracked 
| 127|0x0000000711e00000, 0x0000000712000000, 0x0000000712000000|100%| O|  |TAMS 0x0000000711e00000, 0x0000000711e00000| Untracked 
| 128|0x0000000712000000, 0x0000000712200000, 0x0000000712200000|100%| O|  |TAMS 0x0000000712200000, 0x0000000712000000| Untracked 
| 129|0x0000000712200000, 0x0000000712400000, 0x0000000712400000|100%| O|  |TAMS 0x0000000712400000, 0x0000000712200000| Untracked 
| 130|0x0000000712400000, 0x0000000712600000, 0x0000000712600000|100%| O|  |TAMS 0x0000000712600000, 0x0000000712400000| Untracked 
| 131|0x0000000712600000, 0x0000000712800000, 0x0000000712800000|100%| O|  |TAMS 0x0000000712600000, 0x0000000712600000| Untracked 
| 132|0x0000000712800000, 0x0000000712a00000, 0x0000000712a00000|100%| O|  |TAMS 0x0000000712800000, 0x0000000712800000| Untracked 
| 133|0x0000000712a00000, 0x0000000712c00000, 0x0000000712c00000|100%| O|  |TAMS 0x0000000712c00000, 0x0000000712a00000| Untracked 
| 134|0x0000000712c00000, 0x0000000712c00000, 0x0000000712e00000|  0%| F|  |TAMS 0x0000000712c00000, 0x0000000712c00000| Untracked 
| 135|0x0000000712e00000, 0x0000000713000000, 0x0000000713000000|100%| O|  |TAMS 0x0000000712e00000, 0x0000000712e00000| Untracked 
| 136|0x0000000713000000, 0x0000000713000000, 0x0000000713200000|  0%| F|  |TAMS 0x0000000713000000, 0x0000000713000000| Untracked 
| 137|0x0000000713200000, 0x0000000713400000, 0x0000000713400000|100%| O|  |TAMS 0x0000000713200000, 0x0000000713200000| Untracked 
| 138|0x0000000713400000, 0x0000000713600000, 0x0000000713600000|100%| O|  |TAMS 0x0000000713400000, 0x0000000713400000| Untracked 
| 139|0x0000000713600000, 0x0000000713800000, 0x0000000713800000|100%| O|  |TAMS 0x0000000713600000, 0x0000000713600000| Untracked 
| 140|0x0000000713800000, 0x0000000713a00000, 0x0000000713a00000|100%| O|  |TAMS 0x0000000713800000, 0x0000000713800000| Untracked 
| 141|0x0000000713a00000, 0x0000000713a00000, 0x0000000713c00000|  0%| F|  |TAMS 0x0000000713a00000, 0x0000000713a00000| Untracked 
| 142|0x0000000713c00000, 0x0000000713c00000, 0x0000000713e00000|  0%| F|  |TAMS 0x0000000713c00000, 0x0000000713c00000| Untracked 
| 143|0x0000000713e00000, 0x0000000714000000, 0x0000000714000000|100%| O|  |TAMS 0x0000000714000000, 0x0000000713e00000| Untracked 
| 144|0x0000000714000000, 0x0000000714000000, 0x0000000714200000|  0%| F|  |TAMS 0x0000000714000000, 0x0000000714000000| Untracked 
| 145|0x0000000714200000, 0x0000000714400000, 0x0000000714400000|100%| O|  |TAMS 0x0000000714400000, 0x0000000714200000| Untracked 
| 146|0x0000000714400000, 0x0000000714400000, 0x0000000714600000|  0%| F|  |TAMS 0x0000000714400000, 0x0000000714400000| Untracked 
| 147|0x0000000714600000, 0x0000000714777a00, 0x0000000714800000| 73%| O|  |TAMS 0x0000000714600000, 0x0000000714600000| Untracked 
| 148|0x0000000714800000, 0x0000000714a00000, 0x0000000714a00000|100%| O|  |TAMS 0x0000000714a00000, 0x0000000714800000| Untracked 
| 149|0x0000000714a00000, 0x0000000714a00000, 0x0000000714c00000|  0%| F|  |TAMS 0x0000000714a00000, 0x0000000714a00000| Untracked 
| 150|0x0000000714c00000, 0x0000000714e00000, 0x0000000714e00000|100%| O|  |TAMS 0x0000000714e00000, 0x0000000714c00000| Untracked 
| 151|0x0000000714e00000, 0x0000000714e00000, 0x0000000715000000|  0%| F|  |TAMS 0x0000000714e00000, 0x0000000714e00000| Untracked 
| 152|0x0000000715000000, 0x0000000715000000, 0x0000000715200000|  0%| F|  |TAMS 0x0000000715000000, 0x0000000715000000| Untracked 
| 153|0x0000000715200000, 0x0000000715200000, 0x0000000715400000|  0%| F|  |TAMS 0x0000000715200000, 0x0000000715200000| Untracked 
| 154|0x0000000715400000, 0x0000000715600000, 0x0000000715600000|100%| O|  |TAMS 0x0000000715600000, 0x0000000715400000| Untracked 
| 155|0x0000000715600000, 0x0000000715600000, 0x0000000715800000|  0%| F|  |TAMS 0x0000000715600000, 0x0000000715600000| Untracked 
| 156|0x0000000715800000, 0x0000000715a00000, 0x0000000715a00000|100%| O|  |TAMS 0x0000000715800000, 0x0000000715800000| Untracked 
| 157|0x0000000715a00000, 0x0000000715c00000, 0x0000000715c00000|100%| O|  |TAMS 0x0000000715a00000, 0x0000000715a00000| Untracked 
| 158|0x0000000715c00000, 0x0000000715c00000, 0x0000000715e00000|  0%| F|  |TAMS 0x0000000715c00000, 0x0000000715c00000| Untracked 
| 159|0x0000000715e00000, 0x0000000715e00000, 0x0000000716000000|  0%| F|  |TAMS 0x0000000715e00000, 0x0000000715e00000| Untracked 
| 160|0x0000000716000000, 0x0000000716200000, 0x0000000716200000|100%| O|  |TAMS 0x0000000716200000, 0x0000000716000000| Untracked 
| 161|0x0000000716200000, 0x0000000716200000, 0x0000000716400000|  0%| F|  |TAMS 0x0000000716200000, 0x0000000716200000| Untracked 
| 162|0x0000000716400000, 0x0000000716400000, 0x0000000716600000|  0%| F|  |TAMS 0x0000000716400000, 0x0000000716400000| Untracked 
| 163|0x0000000716600000, 0x0000000716800000, 0x0000000716800000|100%| O|  |TAMS 0x0000000716600000, 0x0000000716600000| Untracked 
| 164|0x0000000716800000, 0x0000000716a00000, 0x0000000716a00000|100%| O|  |TAMS 0x0000000716800000, 0x0000000716800000| Untracked 
| 165|0x0000000716a00000, 0x0000000716c00000, 0x0000000716c00000|100%| O|  |TAMS 0x0000000716a00000, 0x0000000716a00000| Untracked 
| 166|0x0000000716c00000, 0x0000000716e00000, 0x0000000716e00000|100%| O|  |TAMS 0x0000000716c00000, 0x0000000716c00000| Untracked 
| 167|0x0000000716e00000, 0x0000000717000000, 0x0000000717000000|100%| O|  |TAMS 0x0000000716e00000, 0x0000000716e00000| Untracked 
| 168|0x0000000717000000, 0x0000000717200000, 0x0000000717200000|100%| O|  |TAMS 0x0000000717200000, 0x0000000717000000| Untracked 
| 169|0x0000000717200000, 0x0000000717400000, 0x0000000717400000|100%| O|  |TAMS 0x0000000717400000, 0x0000000717200000| Untracked 
| 170|0x0000000717400000, 0x0000000717600000, 0x0000000717600000|100%| O|  |TAMS 0x0000000717600000, 0x0000000717400000| Untracked 
| 171|0x0000000717600000, 0x0000000717800000, 0x0000000717800000|100%| O|  |TAMS 0x0000000717800000, 0x0000000717600000| Untracked 
| 172|0x0000000717800000, 0x0000000717a00000, 0x0000000717a00000|100%| O|  |TAMS 0x0000000717a00000, 0x0000000717800000| Untracked 
| 173|0x0000000717a00000, 0x0000000717a00000, 0x0000000717c00000|  0%| F|  |TAMS 0x0000000717a00000, 0x0000000717a00000| Untracked 
| 174|0x0000000717c00000, 0x0000000717e00000, 0x0000000717e00000|100%| O|  |TAMS 0x0000000717e00000, 0x0000000717c00000| Untracked 
| 175|0x0000000717e00000, 0x0000000718000000, 0x0000000718000000|100%| O|  |TAMS 0x0000000718000000, 0x0000000717e00000| Untracked 
| 176|0x0000000718000000, 0x0000000718200000, 0x0000000718200000|100%| O|  |TAMS 0x0000000718200000, 0x0000000718000000| Untracked 
| 177|0x0000000718200000, 0x0000000718400000, 0x0000000718400000|100%| O|  |TAMS 0x0000000718400000, 0x0000000718200000| Untracked 
| 178|0x0000000718400000, 0x0000000718600000, 0x0000000718600000|100%| O|  |TAMS 0x0000000718600000, 0x0000000718400000| Untracked 
| 179|0x0000000718600000, 0x0000000718600000, 0x0000000718800000|  0%| F|  |TAMS 0x0000000718600000, 0x0000000718600000| Untracked 
| 180|0x0000000718800000, 0x0000000718a00000, 0x0000000718a00000|100%| O|  |TAMS 0x0000000718a00000, 0x0000000718800000| Untracked 
| 181|0x0000000718a00000, 0x0000000718a00000, 0x0000000718c00000|  0%| F|  |TAMS 0x0000000718a00000, 0x0000000718a00000| Untracked 
| 182|0x0000000718c00000, 0x0000000718c00000, 0x0000000718e00000|  0%| F|  |TAMS 0x0000000718c00000, 0x0000000718c00000| Untracked 
| 183|0x0000000718e00000, 0x0000000719000000, 0x0000000719000000|100%| O|  |TAMS 0x0000000719000000, 0x0000000718e00000| Untracked 
| 184|0x0000000719000000, 0x0000000719000000, 0x0000000719200000|  0%| F|  |TAMS 0x0000000719000000, 0x0000000719000000| Untracked 
| 185|0x0000000719200000, 0x0000000719200000, 0x0000000719400000|  0%| F|  |TAMS 0x0000000719200000, 0x0000000719200000| Untracked 
| 186|0x0000000719400000, 0x0000000719400000, 0x0000000719600000|  0%| F|  |TAMS 0x0000000719400000, 0x0000000719400000| Untracked 
| 187|0x0000000719600000, 0x0000000719600000, 0x0000000719800000|  0%| F|  |TAMS 0x0000000719600000, 0x0000000719600000| Untracked 
| 188|0x0000000719800000, 0x0000000719a00000, 0x0000000719a00000|100%| O|  |TAMS 0x0000000719a00000, 0x0000000719800000| Untracked 
| 189|0x0000000719a00000, 0x0000000719c00000, 0x0000000719c00000|100%| O|  |TAMS 0x0000000719a00000, 0x0000000719a00000| Untracked 
| 190|0x0000000719c00000, 0x0000000719e00000, 0x0000000719e00000|100%| O|  |TAMS 0x0000000719c00000, 0x0000000719c00000| Untracked 
| 191|0x0000000719e00000, 0x000000071a000000, 0x000000071a000000|100%| O|  |TAMS 0x0000000719e00000, 0x0000000719e00000| Untracked 
| 192|0x000000071a000000, 0x000000071a200000, 0x000000071a200000|100%| O|  |TAMS 0x000000071a000000, 0x000000071a000000| Untracked 
| 193|0x000000071a200000, 0x000000071a400000, 0x000000071a400000|100%| O|  |TAMS 0x000000071a200000, 0x000000071a200000| Untracked 
| 194|0x000000071a400000, 0x000000071a600000, 0x000000071a600000|100%| O|  |TAMS 0x000000071a400000, 0x000000071a400000| Untracked 
| 195|0x000000071a600000, 0x000000071a800000, 0x000000071a800000|100%| O|  |TAMS 0x000000071a600000, 0x000000071a600000| Untracked 
| 196|0x000000071a800000, 0x000000071aa00000, 0x000000071aa00000|100%| O|  |TAMS 0x000000071a800000, 0x000000071a800000| Untracked 
| 197|0x000000071aa00000, 0x000000071ac00000, 0x000000071ac00000|100%| O|  |TAMS 0x000000071aa00000, 0x000000071aa00000| Untracked 
| 198|0x000000071ac00000, 0x000000071ae00000, 0x000000071ae00000|100%| O|  |TAMS 0x000000071ac00000, 0x000000071ac00000| Untracked 
| 199|0x000000071ae00000, 0x000000071b000000, 0x000000071b000000|100%| O|  |TAMS 0x000000071ae00000, 0x000000071ae00000| Untracked 
| 200|0x000000071b000000, 0x000000071b200000, 0x000000071b200000|100%| O|  |TAMS 0x000000071b000000, 0x000000071b000000| Untracked 
| 201|0x000000071b200000, 0x000000071b400000, 0x000000071b400000|100%| O|  |TAMS 0x000000071b200000, 0x000000071b200000| Untracked 
| 202|0x000000071b400000, 0x000000071b600000, 0x000000071b600000|100%| O|  |TAMS 0x000000071b400000, 0x000000071b400000| Untracked 
| 203|0x000000071b600000, 0x000000071b800000, 0x000000071b800000|100%| O|  |TAMS 0x000000071b600000, 0x000000071b600000| Untracked 
| 204|0x000000071b800000, 0x000000071ba00000, 0x000000071ba00000|100%| O|  |TAMS 0x000000071b800000, 0x000000071b800000| Untracked 
| 205|0x000000071ba00000, 0x000000071bc00000, 0x000000071bc00000|100%| O|  |TAMS 0x000000071ba00000, 0x000000071ba00000| Untracked 
| 206|0x000000071bc00000, 0x000000071be00000, 0x000000071be00000|100%| O|  |TAMS 0x000000071bc00000, 0x000000071bc00000| Untracked 
| 207|0x000000071be00000, 0x000000071c000000, 0x000000071c000000|100%| O|  |TAMS 0x000000071be00000, 0x000000071be00000| Untracked 
| 208|0x000000071c000000, 0x000000071c200000, 0x000000071c200000|100%| O|  |TAMS 0x000000071c000000, 0x000000071c000000| Untracked 
| 209|0x000000071c200000, 0x000000071c400000, 0x000000071c400000|100%| O|  |TAMS 0x000000071c200000, 0x000000071c200000| Untracked 
| 210|0x000000071c400000, 0x000000071c600000, 0x000000071c600000|100%| O|  |TAMS 0x000000071c400000, 0x000000071c400000| Untracked 
| 211|0x000000071c600000, 0x000000071c800000, 0x000000071c800000|100%| O|  |TAMS 0x000000071c600000, 0x000000071c600000| Untracked 
| 212|0x000000071c800000, 0x000000071ca00000, 0x000000071ca00000|100%| O|  |TAMS 0x000000071c800000, 0x000000071c800000| Untracked 
| 213|0x000000071ca00000, 0x000000071cc00000, 0x000000071cc00000|100%| O|  |TAMS 0x000000071ca00000, 0x000000071ca00000| Untracked 
| 214|0x000000071cc00000, 0x000000071ce00000, 0x000000071ce00000|100%| O|  |TAMS 0x000000071cc00000, 0x000000071cc00000| Untracked 
| 215|0x000000071ce00000, 0x000000071d000000, 0x000000071d000000|100%| O|  |TAMS 0x000000071ce00000, 0x000000071ce00000| Untracked 
| 216|0x000000071d000000, 0x000000071d200000, 0x000000071d200000|100%| O|  |TAMS 0x000000071d000000, 0x000000071d000000| Untracked 
| 217|0x000000071d200000, 0x000000071d400000, 0x000000071d400000|100%| O|  |TAMS 0x000000071d200000, 0x000000071d200000| Untracked 
| 218|0x000000071d400000, 0x000000071d600000, 0x000000071d600000|100%| O|  |TAMS 0x000000071d400000, 0x000000071d400000| Untracked 
| 219|0x000000071d600000, 0x000000071d800000, 0x000000071d800000|100%| O|  |TAMS 0x000000071d600000, 0x000000071d600000| Untracked 
| 220|0x000000071d800000, 0x000000071da00000, 0x000000071da00000|100%| O|  |TAMS 0x000000071d800000, 0x000000071d800000| Untracked 
| 221|0x000000071da00000, 0x000000071dc00000, 0x000000071dc00000|100%| O|  |TAMS 0x000000071da00000, 0x000000071da00000| Untracked 
| 222|0x000000071dc00000, 0x000000071de00000, 0x000000071de00000|100%| O|  |TAMS 0x000000071dc00000, 0x000000071dc00000| Untracked 
| 223|0x000000071de00000, 0x000000071e000000, 0x000000071e000000|100%| O|  |TAMS 0x000000071de00000, 0x000000071de00000| Untracked 
| 224|0x000000071e000000, 0x000000071e200000, 0x000000071e200000|100%| O|  |TAMS 0x000000071e000000, 0x000000071e000000| Untracked 
| 225|0x000000071e200000, 0x000000071e400000, 0x000000071e400000|100%| O|  |TAMS 0x000000071e200000, 0x000000071e200000| Untracked 
| 226|0x000000071e400000, 0x000000071e600000, 0x000000071e600000|100%| O|  |TAMS 0x000000071e400000, 0x000000071e400000| Untracked 
| 227|0x000000071e600000, 0x000000071e800000, 0x000000071e800000|100%| O|  |TAMS 0x000000071e600000, 0x000000071e600000| Untracked 
| 228|0x000000071e800000, 0x000000071ea00000, 0x000000071ea00000|100%| O|  |TAMS 0x000000071e800000, 0x000000071e800000| Untracked 
| 229|0x000000071ea00000, 0x000000071ec00000, 0x000000071ec00000|100%| O|  |TAMS 0x000000071ea00000, 0x000000071ea00000| Untracked 
| 230|0x000000071ec00000, 0x000000071ee00000, 0x000000071ee00000|100%| O|  |TAMS 0x000000071ec00000, 0x000000071ec00000| Untracked 
| 231|0x000000071ee00000, 0x000000071f000000, 0x000000071f000000|100%| O|  |TAMS 0x000000071ee00000, 0x000000071ee00000| Untracked 
| 232|0x000000071f000000, 0x000000071f200000, 0x000000071f200000|100%| O|  |TAMS 0x000000071f000000, 0x000000071f000000| Untracked 
| 233|0x000000071f200000, 0x000000071f400000, 0x000000071f400000|100%| O|  |TAMS 0x000000071f200000, 0x000000071f200000| Untracked 
| 234|0x000000071f400000, 0x000000071f600000, 0x000000071f600000|100%| O|  |TAMS 0x000000071f400000, 0x000000071f400000| Untracked 
| 235|0x000000071f600000, 0x000000071f800000, 0x000000071f800000|100%| O|  |TAMS 0x000000071f600000, 0x000000071f600000| Untracked 
| 236|0x000000071f800000, 0x000000071fa00000, 0x000000071fa00000|100%| O|  |TAMS 0x000000071f800000, 0x000000071f800000| Untracked 
| 237|0x000000071fa00000, 0x000000071fc00000, 0x000000071fc00000|100%| O|  |TAMS 0x000000071fa00000, 0x000000071fa00000| Untracked 
| 238|0x000000071fc00000, 0x000000071fe00000, 0x000000071fe00000|100%| O|  |TAMS 0x000000071fc00000, 0x000000071fc00000| Untracked 
| 239|0x000000071fe00000, 0x0000000720000000, 0x0000000720000000|100%| O|  |TAMS 0x000000071fe00000, 0x000000071fe00000| Untracked 
| 240|0x0000000720000000, 0x0000000720200000, 0x0000000720200000|100%| O|  |TAMS 0x0000000720000000, 0x0000000720000000| Untracked 
| 241|0x0000000720200000, 0x0000000720400000, 0x0000000720400000|100%| O|  |TAMS 0x0000000720200000, 0x0000000720200000| Untracked 
| 242|0x0000000720400000, 0x0000000720600000, 0x0000000720600000|100%| O|  |TAMS 0x0000000720400000, 0x0000000720400000| Untracked 
| 243|0x0000000720600000, 0x0000000720800000, 0x0000000720800000|100%| O|  |TAMS 0x0000000720600000, 0x0000000720600000| Untracked 
| 244|0x0000000720800000, 0x0000000720a00000, 0x0000000720a00000|100%| O|  |TAMS 0x0000000720800000, 0x0000000720800000| Untracked 
| 245|0x0000000720a00000, 0x0000000720c00000, 0x0000000720c00000|100%| O|  |TAMS 0x0000000720a00000, 0x0000000720a00000| Untracked 
| 246|0x0000000720c00000, 0x0000000720e00000, 0x0000000720e00000|100%| O|  |TAMS 0x0000000720c00000, 0x0000000720c00000| Untracked 
| 247|0x0000000720e00000, 0x0000000721000000, 0x0000000721000000|100%| O|  |TAMS 0x0000000720e00000, 0x0000000720e00000| Untracked 
| 248|0x0000000721000000, 0x0000000721200000, 0x0000000721200000|100%| O|  |TAMS 0x0000000721000000, 0x0000000721000000| Untracked 
| 249|0x0000000721200000, 0x0000000721400000, 0x0000000721400000|100%| O|  |TAMS 0x0000000721200000, 0x0000000721200000| Untracked 
| 250|0x0000000721400000, 0x0000000721600000, 0x0000000721600000|100%| O|  |TAMS 0x0000000721400000, 0x0000000721400000| Untracked 
| 251|0x0000000721600000, 0x0000000721800000, 0x0000000721800000|100%| O|  |TAMS 0x0000000721600000, 0x0000000721600000| Untracked 
| 252|0x0000000721800000, 0x0000000721a00000, 0x0000000721a00000|100%| O|  |TAMS 0x0000000721800000, 0x0000000721800000| Untracked 
| 253|0x0000000721a00000, 0x0000000721c00000, 0x0000000721c00000|100%| O|  |TAMS 0x0000000721a00000, 0x0000000721a00000| Untracked 
| 254|0x0000000721c00000, 0x0000000721e00000, 0x0000000721e00000|100%| O|  |TAMS 0x0000000721c00000, 0x0000000721c00000| Untracked 
| 255|0x0000000721e00000, 0x0000000722000000, 0x0000000722000000|100%| O|  |TAMS 0x0000000721e00000, 0x0000000721e00000| Untracked 
| 256|0x0000000722000000, 0x0000000722200000, 0x0000000722200000|100%| O|  |TAMS 0x0000000722000000, 0x0000000722000000| Untracked 
| 257|0x0000000722200000, 0x0000000722400000, 0x0000000722400000|100%| O|  |TAMS 0x0000000722200000, 0x0000000722200000| Untracked 
| 258|0x0000000722400000, 0x0000000722600000, 0x0000000722600000|100%| O|  |TAMS 0x0000000722400000, 0x0000000722400000| Untracked 
| 259|0x0000000722600000, 0x0000000722800000, 0x0000000722800000|100%| O|  |TAMS 0x0000000722600000, 0x0000000722600000| Untracked 
| 260|0x0000000722800000, 0x0000000722a00000, 0x0000000722a00000|100%| O|  |TAMS 0x0000000722800000, 0x0000000722800000| Untracked 
| 261|0x0000000722a00000, 0x0000000722c00000, 0x0000000722c00000|100%| O|  |TAMS 0x0000000722a00000, 0x0000000722a00000| Untracked 
| 262|0x0000000722c00000, 0x0000000722e00000, 0x0000000722e00000|100%| O|  |TAMS 0x0000000722c00000, 0x0000000722c00000| Untracked 
| 263|0x0000000722e00000, 0x0000000723000000, 0x0000000723000000|100%| O|  |TAMS 0x0000000722e00000, 0x0000000722e00000| Untracked 
| 264|0x0000000723000000, 0x0000000723200000, 0x0000000723200000|100%| O|  |TAMS 0x0000000723000000, 0x0000000723000000| Untracked 
| 265|0x0000000723200000, 0x0000000723400000, 0x0000000723400000|100%| O|  |TAMS 0x0000000723200000, 0x0000000723200000| Untracked 
| 266|0x0000000723400000, 0x0000000723600000, 0x0000000723600000|100%| O|  |TAMS 0x0000000723400000, 0x0000000723400000| Untracked 
| 267|0x0000000723600000, 0x0000000723800000, 0x0000000723800000|100%| O|  |TAMS 0x0000000723600000, 0x0000000723600000| Untracked 
| 268|0x0000000723800000, 0x0000000723a00000, 0x0000000723a00000|100%| O|  |TAMS 0x0000000723800000, 0x0000000723800000| Untracked 
| 269|0x0000000723a00000, 0x0000000723c00000, 0x0000000723c00000|100%| O|  |TAMS 0x0000000723a00000, 0x0000000723a00000| Untracked 
| 270|0x0000000723c00000, 0x0000000723e00000, 0x0000000723e00000|100%| O|  |TAMS 0x0000000723c00000, 0x0000000723c00000| Untracked 
| 271|0x0000000723e00000, 0x0000000724000000, 0x0000000724000000|100%| O|  |TAMS 0x0000000723e00000, 0x0000000723e00000| Untracked 
| 272|0x0000000724000000, 0x0000000724200000, 0x0000000724200000|100%| O|  |TAMS 0x0000000724000000, 0x0000000724000000| Untracked 
| 273|0x0000000724200000, 0x0000000724400000, 0x0000000724400000|100%| O|  |TAMS 0x0000000724200000, 0x0000000724200000| Untracked 
| 274|0x0000000724400000, 0x0000000724600000, 0x0000000724600000|100%| O|  |TAMS 0x0000000724400000, 0x0000000724400000| Untracked 
| 275|0x0000000724600000, 0x0000000724800000, 0x0000000724800000|100%| O|  |TAMS 0x0000000724600000, 0x0000000724600000| Untracked 
| 276|0x0000000724800000, 0x0000000724a00000, 0x0000000724a00000|100%| O|  |TAMS 0x0000000724800000, 0x0000000724800000| Untracked 
| 277|0x0000000724a00000, 0x0000000724c00000, 0x0000000724c00000|100%| O|  |TAMS 0x0000000724a00000, 0x0000000724a00000| Untracked 
| 278|0x0000000724c00000, 0x0000000724e00000, 0x0000000724e00000|100%| O|  |TAMS 0x0000000724c00000, 0x0000000724c00000| Untracked 
| 279|0x0000000724e00000, 0x0000000725000000, 0x0000000725000000|100%| O|  |TAMS 0x0000000724e00000, 0x0000000724e00000| Untracked 
| 280|0x0000000725000000, 0x0000000725200000, 0x0000000725200000|100%| O|  |TAMS 0x0000000725000000, 0x0000000725000000| Untracked 
| 281|0x0000000725200000, 0x0000000725400000, 0x0000000725400000|100%| O|  |TAMS 0x0000000725200000, 0x0000000725200000| Untracked 
| 282|0x0000000725400000, 0x0000000725600000, 0x0000000725600000|100%| O|  |TAMS 0x0000000725400000, 0x0000000725400000| Untracked 
| 283|0x0000000725600000, 0x0000000725800000, 0x0000000725800000|100%| O|  |TAMS 0x0000000725600000, 0x0000000725600000| Untracked 
| 284|0x0000000725800000, 0x0000000725a00000, 0x0000000725a00000|100%| O|  |TAMS 0x0000000725800000, 0x0000000725800000| Untracked 
| 285|0x0000000725a00000, 0x0000000725c00000, 0x0000000725c00000|100%| O|  |TAMS 0x0000000725a00000, 0x0000000725a00000| Untracked 
| 286|0x0000000725c00000, 0x0000000725e00000, 0x0000000725e00000|100%| O|  |TAMS 0x0000000725c00000, 0x0000000725c00000| Untracked 
| 287|0x0000000725e00000, 0x0000000726000000, 0x0000000726000000|100%| O|  |TAMS 0x0000000725e00000, 0x0000000725e00000| Untracked 
| 288|0x0000000726000000, 0x0000000726200000, 0x0000000726200000|100%| O|  |TAMS 0x0000000726000000, 0x0000000726000000| Untracked 
| 289|0x0000000726200000, 0x0000000726400000, 0x0000000726400000|100%| O|  |TAMS 0x0000000726200000, 0x0000000726200000| Untracked 
| 290|0x0000000726400000, 0x0000000726600000, 0x0000000726600000|100%| O|  |TAMS 0x0000000726400000, 0x0000000726400000| Untracked 
| 291|0x0000000726600000, 0x0000000726800000, 0x0000000726800000|100%| O|  |TAMS 0x0000000726600000, 0x0000000726600000| Untracked 
| 292|0x0000000726800000, 0x0000000726a00000, 0x0000000726a00000|100%| O|  |TAMS 0x0000000726800000, 0x0000000726800000| Untracked 
| 293|0x0000000726a00000, 0x0000000726c00000, 0x0000000726c00000|100%| O|  |TAMS 0x0000000726a00000, 0x0000000726a00000| Untracked 
| 294|0x0000000726c00000, 0x0000000726e00000, 0x0000000726e00000|100%| O|  |TAMS 0x0000000726c00000, 0x0000000726c00000| Untracked 
| 295|0x0000000726e00000, 0x0000000727000000, 0x0000000727000000|100%| O|  |TAMS 0x0000000726e00000, 0x0000000726e00000| Untracked 
| 296|0x0000000727000000, 0x0000000727200000, 0x0000000727200000|100%| O|  |TAMS 0x0000000727000000, 0x0000000727000000| Untracked 
| 297|0x0000000727200000, 0x0000000727400000, 0x0000000727400000|100%| O|  |TAMS 0x0000000727200000, 0x0000000727200000| Untracked 
| 298|0x0000000727400000, 0x0000000727600000, 0x0000000727600000|100%| O|  |TAMS 0x0000000727400000, 0x0000000727400000| Untracked 
| 299|0x0000000727600000, 0x0000000727800000, 0x0000000727800000|100%| O|  |TAMS 0x0000000727600000, 0x0000000727600000| Untracked 
| 300|0x0000000727800000, 0x0000000727a00000, 0x0000000727a00000|100%| O|  |TAMS 0x0000000727800000, 0x0000000727800000| Untracked 
| 301|0x0000000727a00000, 0x0000000727c00000, 0x0000000727c00000|100%| O|  |TAMS 0x0000000727a00000, 0x0000000727a00000| Untracked 
| 302|0x0000000727c00000, 0x0000000727e00000, 0x0000000727e00000|100%| O|  |TAMS 0x0000000727c00000, 0x0000000727c00000| Untracked 
| 303|0x0000000727e00000, 0x0000000728000000, 0x0000000728000000|100%| O|  |TAMS 0x0000000727e00000, 0x0000000727e00000| Untracked 
| 304|0x0000000728000000, 0x0000000728200000, 0x0000000728200000|100%| O|  |TAMS 0x0000000728000000, 0x0000000728000000| Untracked 
| 305|0x0000000728200000, 0x0000000728400000, 0x0000000728400000|100%| O|  |TAMS 0x0000000728200000, 0x0000000728200000| Untracked 
| 306|0x0000000728400000, 0x0000000728600000, 0x0000000728600000|100%| O|  |TAMS 0x0000000728400000, 0x0000000728400000| Untracked 
| 307|0x0000000728600000, 0x0000000728800000, 0x0000000728800000|100%| O|  |TAMS 0x0000000728600000, 0x0000000728600000| Untracked 
| 308|0x0000000728800000, 0x0000000728a00000, 0x0000000728a00000|100%| O|  |TAMS 0x0000000728800000, 0x0000000728800000| Untracked 
| 309|0x0000000728a00000, 0x0000000728c00000, 0x0000000728c00000|100%| O|  |TAMS 0x0000000728a00000, 0x0000000728a00000| Untracked 
| 310|0x0000000728c00000, 0x0000000728e00000, 0x0000000728e00000|100%| O|  |TAMS 0x0000000728c00000, 0x0000000728c00000| Untracked 
| 311|0x0000000728e00000, 0x0000000729000000, 0x0000000729000000|100%| O|  |TAMS 0x0000000728e00000, 0x0000000728e00000| Untracked 
| 312|0x0000000729000000, 0x0000000729200000, 0x0000000729200000|100%| O|  |TAMS 0x0000000729000000, 0x0000000729000000| Untracked 
| 313|0x0000000729200000, 0x0000000729400000, 0x0000000729400000|100%| O|  |TAMS 0x0000000729200000, 0x0000000729200000| Untracked 
| 314|0x0000000729400000, 0x0000000729600000, 0x0000000729600000|100%| O|  |TAMS 0x0000000729400000, 0x0000000729400000| Untracked 
| 315|0x0000000729600000, 0x0000000729800000, 0x0000000729800000|100%| O|  |TAMS 0x0000000729600000, 0x0000000729600000| Untracked 
| 316|0x0000000729800000, 0x0000000729a00000, 0x0000000729a00000|100%| O|  |TAMS 0x0000000729800000, 0x0000000729800000| Untracked 
| 317|0x0000000729a00000, 0x0000000729c00000, 0x0000000729c00000|100%| O|  |TAMS 0x0000000729a00000, 0x0000000729a00000| Untracked 
| 318|0x0000000729c00000, 0x0000000729e00000, 0x0000000729e00000|100%| O|  |TAMS 0x0000000729c00000, 0x0000000729c00000| Untracked 
| 319|0x0000000729e00000, 0x000000072a000000, 0x000000072a000000|100%| O|  |TAMS 0x0000000729e00000, 0x0000000729e00000| Untracked 
| 320|0x000000072a000000, 0x000000072a200000, 0x000000072a200000|100%| O|  |TAMS 0x000000072a000000, 0x000000072a000000| Untracked 
| 321|0x000000072a200000, 0x000000072a400000, 0x000000072a400000|100%| O|  |TAMS 0x000000072a200000, 0x000000072a200000| Untracked 
| 322|0x000000072a400000, 0x000000072a600000, 0x000000072a600000|100%| O|  |TAMS 0x000000072a400000, 0x000000072a400000| Untracked 
| 323|0x000000072a600000, 0x000000072a800000, 0x000000072a800000|100%| O|  |TAMS 0x000000072a600000, 0x000000072a600000| Untracked 
| 324|0x000000072a800000, 0x000000072aa00000, 0x000000072aa00000|100%| O|  |TAMS 0x000000072a800000, 0x000000072a800000| Untracked 
| 325|0x000000072aa00000, 0x000000072ac00000, 0x000000072ac00000|100%| O|  |TAMS 0x000000072aa00000, 0x000000072aa00000| Untracked 
| 326|0x000000072ac00000, 0x000000072ae00000, 0x000000072ae00000|100%| O|  |TAMS 0x000000072ac00000, 0x000000072ac00000| Untracked 
| 327|0x000000072ae00000, 0x000000072b000000, 0x000000072b000000|100%| O|  |TAMS 0x000000072ae00000, 0x000000072ae00000| Untracked 
| 328|0x000000072b000000, 0x000000072b200000, 0x000000072b200000|100%| O|  |TAMS 0x000000072b000000, 0x000000072b000000| Untracked 
| 329|0x000000072b200000, 0x000000072b400000, 0x000000072b400000|100%| O|  |TAMS 0x000000072b200000, 0x000000072b200000| Untracked 
| 330|0x000000072b400000, 0x000000072b600000, 0x000000072b600000|100%| O|  |TAMS 0x000000072b400000, 0x000000072b400000| Untracked 
| 331|0x000000072b600000, 0x000000072b800000, 0x000000072b800000|100%| O|  |TAMS 0x000000072b600000, 0x000000072b600000| Untracked 
| 332|0x000000072b800000, 0x000000072ba00000, 0x000000072ba00000|100%| O|  |TAMS 0x000000072b800000, 0x000000072b800000| Untracked 
| 333|0x000000072ba00000, 0x000000072bc00000, 0x000000072bc00000|100%| O|  |TAMS 0x000000072ba00000, 0x000000072ba00000| Untracked 
| 334|0x000000072bc00000, 0x000000072be00000, 0x000000072be00000|100%| O|  |TAMS 0x000000072bc00000, 0x000000072bc00000| Untracked 
| 335|0x000000072be00000, 0x000000072c000000, 0x000000072c000000|100%| O|  |TAMS 0x000000072be00000, 0x000000072be00000| Untracked 
| 336|0x000000072c000000, 0x000000072c200000, 0x000000072c200000|100%| O|  |TAMS 0x000000072c000000, 0x000000072c000000| Untracked 
| 337|0x000000072c200000, 0x000000072c400000, 0x000000072c400000|100%| O|  |TAMS 0x000000072c200000, 0x000000072c200000| Untracked 
| 338|0x000000072c400000, 0x000000072c600000, 0x000000072c600000|100%| O|  |TAMS 0x000000072c400000, 0x000000072c400000| Untracked 
| 339|0x000000072c600000, 0x000000072c800000, 0x000000072c800000|100%| O|  |TAMS 0x000000072c600000, 0x000000072c600000| Untracked 
| 340|0x000000072c800000, 0x000000072ca00000, 0x000000072ca00000|100%| O|  |TAMS 0x000000072c800000, 0x000000072c800000| Untracked 
| 341|0x000000072ca00000, 0x000000072cc00000, 0x000000072cc00000|100%| O|  |TAMS 0x000000072ca00000, 0x000000072ca00000| Untracked 
| 342|0x000000072cc00000, 0x000000072cc00000, 0x000000072ce00000|  0%| F|  |TAMS 0x000000072cc00000, 0x000000072cc00000| Untracked 
| 343|0x000000072ce00000, 0x000000072ce00000, 0x000000072d000000|  0%| F|  |TAMS 0x000000072ce00000, 0x000000072ce00000| Untracked 
| 344|0x000000072d000000, 0x000000072d000000, 0x000000072d200000|  0%| F|  |TAMS 0x000000072d000000, 0x000000072d000000| Untracked 
| 345|0x000000072d200000, 0x000000072d200000, 0x000000072d400000|  0%| F|  |TAMS 0x000000072d200000, 0x000000072d200000| Untracked 
| 346|0x000000072d400000, 0x000000072d400000, 0x000000072d600000|  0%| F|  |TAMS 0x000000072d400000, 0x000000072d400000| Untracked 
| 347|0x000000072d600000, 0x000000072d600000, 0x000000072d800000|  0%| F|  |TAMS 0x000000072d600000, 0x000000072d600000| Untracked 
| 348|0x000000072d800000, 0x000000072d800000, 0x000000072da00000|  0%| F|  |TAMS 0x000000072d800000, 0x000000072d800000| Untracked 
| 349|0x000000072da00000, 0x000000072da00000, 0x000000072dc00000|  0%| F|  |TAMS 0x000000072da00000, 0x000000072da00000| Untracked 
| 350|0x000000072dc00000, 0x000000072dc00000, 0x000000072de00000|  0%| F|  |TAMS 0x000000072dc00000, 0x000000072dc00000| Untracked 
| 351|0x000000072de00000, 0x000000072de00000, 0x000000072e000000|  0%| F|  |TAMS 0x000000072de00000, 0x000000072de00000| Untracked 
| 352|0x000000072e000000, 0x000000072e000000, 0x000000072e200000|  0%| F|  |TAMS 0x000000072e000000, 0x000000072e000000| Untracked 
| 353|0x000000072e200000, 0x000000072e200000, 0x000000072e400000|  0%| F|  |TAMS 0x000000072e200000, 0x000000072e200000| Untracked 
| 354|0x000000072e400000, 0x000000072e400000, 0x000000072e600000|  0%| F|  |TAMS 0x000000072e400000, 0x000000072e400000| Untracked 
| 355|0x000000072e600000, 0x000000072e600000, 0x000000072e800000|  0%| F|  |TAMS 0x000000072e600000, 0x000000072e600000| Untracked 
| 356|0x000000072e800000, 0x000000072e800000, 0x000000072ea00000|  0%| F|  |TAMS 0x000000072e800000, 0x000000072e800000| Untracked 
| 357|0x000000072ea00000, 0x000000072ea00000, 0x000000072ec00000|  0%| F|  |TAMS 0x000000072ea00000, 0x000000072ea00000| Untracked 
| 358|0x000000072ec00000, 0x000000072ec00000, 0x000000072ee00000|  0%| F|  |TAMS 0x000000072ec00000, 0x000000072ec00000| Untracked 
| 359|0x000000072ee00000, 0x000000072ee00000, 0x000000072f000000|  0%| F|  |TAMS 0x000000072ee00000, 0x000000072ee00000| Untracked 
| 360|0x000000072f000000, 0x000000072f000000, 0x000000072f200000|  0%| F|  |TAMS 0x000000072f000000, 0x000000072f000000| Untracked 
| 361|0x000000072f200000, 0x000000072f200000, 0x000000072f400000|  0%| F|  |TAMS 0x000000072f200000, 0x000000072f200000| Untracked 
| 362|0x000000072f400000, 0x000000072f400000, 0x000000072f600000|  0%| F|  |TAMS 0x000000072f400000, 0x000000072f400000| Untracked 
| 363|0x000000072f600000, 0x000000072f600000, 0x000000072f800000|  0%| F|  |TAMS 0x000000072f600000, 0x000000072f600000| Untracked 
| 364|0x000000072f800000, 0x000000072f800000, 0x000000072fa00000|  0%| F|  |TAMS 0x000000072f800000, 0x000000072f800000| Untracked 
| 365|0x000000072fa00000, 0x000000072fa00000, 0x000000072fc00000|  0%| F|  |TAMS 0x000000072fa00000, 0x000000072fa00000| Untracked 
| 366|0x000000072fc00000, 0x000000072fc00000, 0x000000072fe00000|  0%| F|  |TAMS 0x000000072fc00000, 0x000000072fc00000| Untracked 
| 367|0x000000072fe00000, 0x000000072fe00000, 0x0000000730000000|  0%| F|  |TAMS 0x000000072fe00000, 0x000000072fe00000| Untracked 
| 368|0x0000000730000000, 0x0000000730000000, 0x0000000730200000|  0%| F|  |TAMS 0x0000000730000000, 0x0000000730000000| Untracked 
| 369|0x0000000730200000, 0x0000000730200000, 0x0000000730400000|  0%| F|  |TAMS 0x0000000730200000, 0x0000000730200000| Untracked 
| 370|0x0000000730400000, 0x0000000730400000, 0x0000000730600000|  0%| F|  |TAMS 0x0000000730400000, 0x0000000730400000| Untracked 
| 371|0x0000000730600000, 0x0000000730600000, 0x0000000730800000|  0%| F|  |TAMS 0x0000000730600000, 0x0000000730600000| Untracked 
| 372|0x0000000730800000, 0x0000000730800000, 0x0000000730a00000|  0%| F|  |TAMS 0x0000000730800000, 0x0000000730800000| Untracked 
| 373|0x0000000730a00000, 0x0000000730a00000, 0x0000000730c00000|  0%| F|  |TAMS 0x0000000730a00000, 0x0000000730a00000| Untracked 
| 374|0x0000000730c00000, 0x0000000730c00000, 0x0000000730e00000|  0%| F|  |TAMS 0x0000000730c00000, 0x0000000730c00000| Untracked 
| 375|0x0000000730e00000, 0x0000000730e00000, 0x0000000731000000|  0%| F|  |TAMS 0x0000000730e00000, 0x0000000730e00000| Untracked 
| 376|0x0000000731000000, 0x0000000731000000, 0x0000000731200000|  0%| F|  |TAMS 0x0000000731000000, 0x0000000731000000| Untracked 
| 377|0x0000000731200000, 0x0000000731200000, 0x0000000731400000|  0%| F|  |TAMS 0x0000000731200000, 0x0000000731200000| Untracked 
| 378|0x0000000731400000, 0x0000000731400000, 0x0000000731600000|  0%| F|  |TAMS 0x0000000731400000, 0x0000000731400000| Untracked 
| 379|0x0000000731600000, 0x0000000731600000, 0x0000000731800000|  0%| F|  |TAMS 0x0000000731600000, 0x0000000731600000| Untracked 
| 380|0x0000000731800000, 0x0000000731800000, 0x0000000731a00000|  0%| F|  |TAMS 0x0000000731800000, 0x0000000731800000| Untracked 
| 381|0x0000000731a00000, 0x0000000731a00000, 0x0000000731c00000|  0%| F|  |TAMS 0x0000000731a00000, 0x0000000731a00000| Untracked 
| 382|0x0000000731c00000, 0x0000000731c00000, 0x0000000731e00000|  0%| F|  |TAMS 0x0000000731c00000, 0x0000000731c00000| Untracked 
| 383|0x0000000731e00000, 0x0000000731e00000, 0x0000000732000000|  0%| F|  |TAMS 0x0000000731e00000, 0x0000000731e00000| Untracked 
| 384|0x0000000732000000, 0x0000000732000000, 0x0000000732200000|  0%| F|  |TAMS 0x0000000732000000, 0x0000000732000000| Untracked 
| 385|0x0000000732200000, 0x0000000732200000, 0x0000000732400000|  0%| F|  |TAMS 0x0000000732200000, 0x0000000732200000| Untracked 
| 386|0x0000000732400000, 0x0000000732400000, 0x0000000732600000|  0%| F|  |TAMS 0x0000000732400000, 0x0000000732400000| Untracked 
| 387|0x0000000732600000, 0x0000000732600000, 0x0000000732800000|  0%| F|  |TAMS 0x0000000732600000, 0x0000000732600000| Untracked 
| 388|0x0000000732800000, 0x0000000732800000, 0x0000000732a00000|  0%| F|  |TAMS 0x0000000732800000, 0x0000000732800000| Untracked 
| 389|0x0000000732a00000, 0x0000000732a00000, 0x0000000732c00000|  0%| F|  |TAMS 0x0000000732a00000, 0x0000000732a00000| Untracked 
| 390|0x0000000732c00000, 0x0000000732c00000, 0x0000000732e00000|  0%| F|  |TAMS 0x0000000732c00000, 0x0000000732c00000| Untracked 
| 391|0x0000000732e00000, 0x0000000732e00000, 0x0000000733000000|  0%| F|  |TAMS 0x0000000732e00000, 0x0000000732e00000| Untracked 
| 392|0x0000000733000000, 0x0000000733000000, 0x0000000733200000|  0%| F|  |TAMS 0x0000000733000000, 0x0000000733000000| Untracked 
| 393|0x0000000733200000, 0x0000000733200000, 0x0000000733400000|  0%| F|  |TAMS 0x0000000733200000, 0x0000000733200000| Untracked 
| 394|0x0000000733400000, 0x0000000733400000, 0x0000000733600000|  0%| F|  |TAMS 0x0000000733400000, 0x0000000733400000| Untracked 
| 395|0x0000000733600000, 0x0000000733600000, 0x0000000733800000|  0%| F|  |TAMS 0x0000000733600000, 0x0000000733600000| Untracked 
| 396|0x0000000733800000, 0x0000000733800000, 0x0000000733a00000|  0%| F|  |TAMS 0x0000000733800000, 0x0000000733800000| Untracked 
| 397|0x0000000733a00000, 0x0000000733a00000, 0x0000000733c00000|  0%| F|  |TAMS 0x0000000733a00000, 0x0000000733a00000| Untracked 
| 398|0x0000000733c00000, 0x0000000733c00000, 0x0000000733e00000|  0%| F|  |TAMS 0x0000000733c00000, 0x0000000733c00000| Untracked 
| 399|0x0000000733e00000, 0x0000000733e00000, 0x0000000734000000|  0%| F|  |TAMS 0x0000000733e00000, 0x0000000733e00000| Untracked 
| 400|0x0000000734000000, 0x0000000734000000, 0x0000000734200000|  0%| F|  |TAMS 0x0000000734000000, 0x0000000734000000| Untracked 
| 401|0x0000000734200000, 0x0000000734200000, 0x0000000734400000|  0%| F|  |TAMS 0x0000000734200000, 0x0000000734200000| Untracked 
| 402|0x0000000734400000, 0x0000000734400000, 0x0000000734600000|  0%| F|  |TAMS 0x0000000734400000, 0x0000000734400000| Untracked 
| 403|0x0000000734600000, 0x0000000734600000, 0x0000000734800000|  0%| F|  |TAMS 0x0000000734600000, 0x0000000734600000| Untracked 
| 404|0x0000000734800000, 0x0000000734800000, 0x0000000734a00000|  0%| F|  |TAMS 0x0000000734800000, 0x0000000734800000| Untracked 
| 405|0x0000000734a00000, 0x0000000734a00000, 0x0000000734c00000|  0%| F|  |TAMS 0x0000000734a00000, 0x0000000734a00000| Untracked 
| 406|0x0000000734c00000, 0x0000000734c00000, 0x0000000734e00000|  0%| F|  |TAMS 0x0000000734c00000, 0x0000000734c00000| Untracked 
| 407|0x0000000734e00000, 0x0000000734e00000, 0x0000000735000000|  0%| F|  |TAMS 0x0000000734e00000, 0x0000000734e00000| Untracked 
| 408|0x0000000735000000, 0x0000000735000000, 0x0000000735200000|  0%| F|  |TAMS 0x0000000735000000, 0x0000000735000000| Untracked 
| 409|0x0000000735200000, 0x0000000735200000, 0x0000000735400000|  0%| F|  |TAMS 0x0000000735200000, 0x0000000735200000| Untracked 
| 410|0x0000000735400000, 0x0000000735400000, 0x0000000735600000|  0%| F|  |TAMS 0x0000000735400000, 0x0000000735400000| Untracked 
| 411|0x0000000735600000, 0x0000000735600000, 0x0000000735800000|  0%| F|  |TAMS 0x0000000735600000, 0x0000000735600000| Untracked 
| 412|0x0000000735800000, 0x0000000735800000, 0x0000000735a00000|  0%| F|  |TAMS 0x0000000735800000, 0x0000000735800000| Untracked 
| 413|0x0000000735a00000, 0x0000000735a00000, 0x0000000735c00000|  0%| F|  |TAMS 0x0000000735a00000, 0x0000000735a00000| Untracked 
| 414|0x0000000735c00000, 0x0000000735c00000, 0x0000000735e00000|  0%| F|  |TAMS 0x0000000735c00000, 0x0000000735c00000| Untracked 
| 415|0x0000000735e00000, 0x0000000735e00000, 0x0000000736000000|  0%| F|  |TAMS 0x0000000735e00000, 0x0000000735e00000| Untracked 
| 416|0x0000000736000000, 0x0000000736000000, 0x0000000736200000|  0%| F|  |TAMS 0x0000000736000000, 0x0000000736000000| Untracked 
| 417|0x0000000736200000, 0x0000000736200000, 0x0000000736400000|  0%| F|  |TAMS 0x0000000736200000, 0x0000000736200000| Untracked 
| 418|0x0000000736400000, 0x0000000736400000, 0x0000000736600000|  0%| F|  |TAMS 0x0000000736400000, 0x0000000736400000| Untracked 
| 419|0x0000000736600000, 0x0000000736600000, 0x0000000736800000|  0%| F|  |TAMS 0x0000000736600000, 0x0000000736600000| Untracked 
| 420|0x0000000736800000, 0x0000000736800000, 0x0000000736a00000|  0%| F|  |TAMS 0x0000000736800000, 0x0000000736800000| Untracked 
| 421|0x0000000736a00000, 0x0000000736a00000, 0x0000000736c00000|  0%| F|  |TAMS 0x0000000736a00000, 0x0000000736a00000| Untracked 
| 422|0x0000000736c00000, 0x0000000736c00000, 0x0000000736e00000|  0%| F|  |TAMS 0x0000000736c00000, 0x0000000736c00000| Untracked 
| 423|0x0000000736e00000, 0x0000000736e00000, 0x0000000737000000|  0%| F|  |TAMS 0x0000000736e00000, 0x0000000736e00000| Untracked 
| 424|0x0000000737000000, 0x0000000737000000, 0x0000000737200000|  0%| F|  |TAMS 0x0000000737000000, 0x0000000737000000| Untracked 
| 425|0x0000000737200000, 0x0000000737396cb8, 0x0000000737400000| 79%| E|  |TAMS 0x0000000737200000, 0x0000000737200000| Complete 
| 426|0x0000000737400000, 0x0000000737600000, 0x0000000737600000|100%| E|CS|TAMS 0x0000000737400000, 0x0000000737400000| Complete 
| 427|0x0000000737600000, 0x0000000737800000, 0x0000000737800000|100%| E|CS|TAMS 0x0000000737600000, 0x0000000737600000| Complete 
| 428|0x0000000737800000, 0x0000000737a00000, 0x0000000737a00000|100%| E|CS|TAMS 0x0000000737800000, 0x0000000737800000| Complete 
| 429|0x0000000737a00000, 0x0000000737c00000, 0x0000000737c00000|100%| E|CS|TAMS 0x0000000737a00000, 0x0000000737a00000| Complete 
| 430|0x0000000737c00000, 0x0000000737e00000, 0x0000000737e00000|100%| E|CS|TAMS 0x0000000737c00000, 0x0000000737c00000| Complete 
| 431|0x0000000737e00000, 0x0000000738000000, 0x0000000738000000|100%| E|CS|TAMS 0x0000000737e00000, 0x0000000737e00000| Complete 
| 432|0x0000000738000000, 0x0000000738200000, 0x0000000738200000|100%| E|CS|TAMS 0x0000000738000000, 0x0000000738000000| Complete 
|2000|0x00000007fc000000, 0x00000007fc200000, 0x00000007fc200000|100%| E|CS|TAMS 0x00000007fc000000, 0x00000007fc000000| Complete 
|2001|0x00000007fc200000, 0x00000007fc400000, 0x00000007fc400000|100%| E|CS|TAMS 0x00000007fc200000, 0x00000007fc200000| Complete 
|2002|0x00000007fc400000, 0x00000007fc600000, 0x00000007fc600000|100%| E|CS|TAMS 0x00000007fc400000, 0x00000007fc400000| Complete 
|2003|0x00000007fc600000, 0x00000007fc800000, 0x00000007fc800000|100%| E|CS|TAMS 0x00000007fc600000, 0x00000007fc600000| Complete 
|2004|0x00000007fc800000, 0x00000007fca00000, 0x00000007fca00000|100%| E|CS|TAMS 0x00000007fc800000, 0x00000007fc800000| Complete 
|2005|0x00000007fca00000, 0x00000007fcc00000, 0x00000007fcc00000|100%| E|CS|TAMS 0x00000007fca00000, 0x00000007fca00000| Complete 
|2006|0x00000007fcc00000, 0x00000007fce00000, 0x00000007fce00000|100%| E|CS|TAMS 0x00000007fcc00000, 0x00000007fcc00000| Complete 
|2007|0x00000007fce00000, 0x00000007fd000000, 0x00000007fd000000|100%| E|CS|TAMS 0x00000007fce00000, 0x00000007fce00000| Complete 
|2008|0x00000007fd000000, 0x00000007fd200000, 0x00000007fd200000|100%| S|CS|TAMS 0x00000007fd000000, 0x00000007fd000000| Complete 
|2009|0x00000007fd200000, 0x00000007fd400000, 0x00000007fd400000|100%| S|CS|TAMS 0x00000007fd200000, 0x00000007fd200000| Complete 
|2010|0x00000007fd400000, 0x00000007fd600000, 0x00000007fd600000|100%| S|CS|TAMS 0x00000007fd400000, 0x00000007fd400000| Complete 
|2011|0x00000007fd600000, 0x00000007fd800000, 0x00000007fd800000|100%| E|CS|TAMS 0x00000007fd600000, 0x00000007fd600000| Complete 
|2012|0x00000007fd800000, 0x00000007fda00000, 0x00000007fda00000|100%| E|CS|TAMS 0x00000007fd800000, 0x00000007fd800000| Complete 
|2013|0x00000007fda00000, 0x00000007fdc00000, 0x00000007fdc00000|100%| E|CS|TAMS 0x00000007fda00000, 0x00000007fda00000| Complete 
|2014|0x00000007fdc00000, 0x00000007fde00000, 0x00000007fde00000|100%| E|CS|TAMS 0x00000007fdc00000, 0x00000007fdc00000| Complete 
|2015|0x00000007fde00000, 0x00000007fe000000, 0x00000007fe000000|100%| E|CS|TAMS 0x00000007fde00000, 0x00000007fde00000| Complete 
|2016|0x00000007fe000000, 0x00000007fe200000, 0x00000007fe200000|100%| E|CS|TAMS 0x00000007fe000000, 0x00000007fe000000| Complete 
|2017|0x00000007fe200000, 0x00000007fe400000, 0x00000007fe400000|100%| E|CS|TAMS 0x00000007fe200000, 0x00000007fe200000| Complete 
|2018|0x00000007fe400000, 0x00000007fe600000, 0x00000007fe600000|100%| E|CS|TAMS 0x00000007fe400000, 0x00000007fe400000| Complete 
|2019|0x00000007fe600000, 0x00000007fe800000, 0x00000007fe800000|100%| O|  |TAMS 0x00000007fe800000, 0x00000007fe600000| Untracked 
|2020|0x00000007fe800000, 0x00000007fea00000, 0x00000007fea00000|100%| E|CS|TAMS 0x00000007fe800000, 0x00000007fe800000| Complete 
|2021|0x00000007fea00000, 0x00000007fec00000, 0x00000007fec00000|100%| E|CS|TAMS 0x00000007fea00000, 0x00000007fea00000| Complete 
|2022|0x00000007fec00000, 0x00000007fee00000, 0x00000007fee00000|100%| E|CS|TAMS 0x00000007fec00000, 0x00000007fec00000| Complete 
|2023|0x00000007fee00000, 0x00000007ff000000, 0x00000007ff000000|100%| E|CS|TAMS 0x00000007fee00000, 0x00000007fee00000| Complete 
|2024|0x00000007ff000000, 0x00000007ff200000, 0x00000007ff200000|100%| E|CS|TAMS 0x00000007ff000000, 0x00000007ff000000| Complete 
|2025|0x00000007ff200000, 0x00000007ff400000, 0x00000007ff400000|100%| E|CS|TAMS 0x00000007ff200000, 0x00000007ff200000| Complete 
|2026|0x00000007ff400000, 0x00000007ff600000, 0x00000007ff600000|100%| E|CS|TAMS 0x00000007ff400000, 0x00000007ff400000| Complete 
|2027|0x00000007ff600000, 0x00000007ff800000, 0x00000007ff800000|100%| E|CS|TAMS 0x00000007ff600000, 0x00000007ff600000| Complete 
|2028|0x00000007ff800000, 0x00000007ffa00000, 0x00000007ffa00000|100%| E|CS|TAMS 0x00000007ff800000, 0x00000007ff800000| Complete 
|2029|0x00000007ffa00000, 0x00000007ffc00000, 0x00000007ffc00000|100%| E|CS|TAMS 0x00000007ffa00000, 0x00000007ffa00000| Complete 
|2030|0x00000007ffc00000, 0x00000007ffe00000, 0x00000007ffe00000|100%| E|CS|TAMS 0x00000007ffc00000, 0x00000007ffc00000| Complete 
|2031|0x00000007ffe00000, 0x0000000800000000, 0x0000000800000000|100%| E|CS|TAMS 0x00000007ffe00000, 0x00000007ffe00000| Complete 

Card table byte_map: [0x0000024dc5db0000,0x0000024dc65a0000] _byte_map_base: 0x0000024dc25a0000

Marking Bits (Prev, Next): (CMBitMap*) 0x0000024dac234c60, (CMBitMap*) 0x0000024dac234c20
 Prev Bits: [0x0000024dcad10000, 0x0000024dcec90000)
 Next Bits: [0x0000024dc6d90000, 0x0000024dcad10000)

Polling page: 0x0000024dac290000

Metaspace:

Usage:
  Non-class:     11.18 MB used.
      Class:      1.36 MB used.
       Both:     12.54 MB used.

Virtual space:
  Non-class space:       64.00 MB reserved,      11.31 MB ( 18%) committed,  1 nodes.
      Class space:        1.00 GB reserved,       1.50 MB ( <1%) committed,  1 nodes.
             Both:        1.06 GB reserved,      12.81 MB (  1%) committed. 

Chunk freelists:
   Non-Class:  316.00 KB
       Class:  2.53 MB
        Both:  2.84 MB

MaxMetaspaceSize: unlimited
CompressedClassSpaceSize: 1.00 GB
Initial GC threshold: 21.00 MB
Current GC threshold: 21.00 MB
CDS: on
MetaspaceReclaimPolicy: balanced
 - commit_granule_bytes: 65536.
 - commit_granule_words: 8192.
 - virtual_space_node_default_size: 8388608.
 - enlarge_chunks_in_place: 1.
 - new_chunks_are_fully_committed: 0.
 - uncommit_free_chunks: 1.
 - use_allocation_guard: 0.


Internal statistics:

num_allocs_failed_limit: 0.
num_arena_births: 200.
num_arena_deaths: 0.
num_vsnodes_births: 2.
num_vsnodes_deaths: 0.
num_space_committed: 205.
num_space_uncommitted: 0.
num_chunks_returned_to_freelist: 0.
num_chunks_taken_from_freelist: 278.
num_chunk_merges: 0.
num_chunk_splits: 184.
num_chunks_enlarged: 122.
num_inconsistent_stats: 0.

CodeHeap 'non-profiled nmethods': size=120000Kb used=1860Kb max_used=1860Kb free=118140Kb
 bounds [0x0000024dbd400000, 0x0000024dbd670000, 0x0000024dc4930000]
CodeHeap 'profiled nmethods': size=120000Kb used=6052Kb max_used=6052Kb free=113947Kb
 bounds [0x0000024db5930000, 0x0000024db5f20000, 0x0000024dbce60000]
CodeHeap 'non-nmethods': size=5760Kb used=1397Kb max_used=1455Kb free=4362Kb
 bounds [0x0000024dbce60000, 0x0000024dbd0d0000, 0x0000024dbd400000]
 total_blobs=3686 nmethods=3042 adapters=553
 compilation: enabled
              stopped_count=0, restarted_count=0
 full_count=0

Compilation events (20 events):
Event: 15.588 Thread 0x0000024dd19c4040 nmethod 3033 0x0000024db5f07b10 code [0x0000024db5f07ca0, 0x0000024db5f07dd8]
Event: 15.588 Thread 0x0000024dd19c4040 3035       3       java.awt.EventQueue::coalesceEvent (86 bytes)
Event: 15.588 Thread 0x0000024dd19c4040 nmethod 3035 0x0000024db5f07e90 code [0x0000024db5f080e0, 0x0000024db5f08e58]
Event: 15.591 Thread 0x0000024dd19c4040 3036 %     3       sun.java2d.pipe.AlphaPaintPipe::renderPathTile @ 130 (491 bytes)
Event: 15.597 Thread 0x0000024dd19c4040 nmethod 3036% 0x0000024db5f09010 code [0x0000024db5f093c0, 0x0000024db5f0bc38]
Event: 15.597 Thread 0x0000024dd19c4040 3037       1       java.util.Collections$EmptyList::isEmpty (2 bytes)
Event: 15.598 Thread 0x0000024dd19c4040 nmethod 3037 0x0000024dbd5d0d10 code [0x0000024dbd5d0ea0, 0x0000024dbd5d0f78]
Event: 15.605 Thread 0x0000024dd19c4040 3038       3       sun.java2d.pipe.AlphaPaintPipe::renderPathTile (491 bytes)
Event: 15.607 Thread 0x0000024dd19c4040 nmethod 3038 0x0000024db5f0c890 code [0x0000024db5f0cc40, 0x0000024db5f0efd8]
Event: 15.609 Thread 0x0000024dd19c4040 3040  s    3       sun.java2d.loops.GraphicsPrimitiveMgr::locatePrim (95 bytes)
Event: 15.610 Thread 0x0000024dd19c4040 nmethod 3040 0x0000024db5f0fb90 code [0x0000024db5f0fda0, 0x0000024db5f10608]
Event: 15.610 Thread 0x0000024dd19c4040 3041       3       java.awt.geom.AffineTransform::transform (635 bytes)
Event: 15.611 Thread 0x0000024dd19c4040 nmethod 3041 0x0000024db5f10a10 code [0x0000024db5f10d00, 0x0000024db5f11fe8]
Event: 15.614 Thread 0x0000024dd19c4040 3043       2       sun.java2d.SunGraphics2D::setColor (108 bytes)
Event: 15.614 Thread 0x0000024dd19c4040 nmethod 3043 0x0000024db5f12990 code [0x0000024db5f12b60, 0x0000024db5f12e98]
Event: 15.619 Thread 0x0000024dd19c4040 3044       2       sun.java2d.SunGraphics2D::validateColor (102 bytes)
Event: 15.619 Thread 0x0000024dd19c4040 nmethod 3044 0x0000024db5f12f90 code [0x0000024db5f13140, 0x0000024db5f13378]
Event: 15.622 Thread 0x0000024dd19c4040 3045       3       java.awt.geom.AffineTransform::createInverse (543 bytes)
Event: 15.622 Thread 0x0000024dd19c4040 nmethod 3045 0x0000024db5f13490 code [0x0000024db5f13900, 0x0000024db5f14e28]
Event: 15.627 Thread 0x0000024dd19c4040 3047   !   2       javax.swing.JComponent::paintChildren (684 bytes)

GC Heap History (20 events):
Event: 10.823 GC heap before
{Heap before GC invocations=8 (full 0):
 garbage-first heap   total 358400K, used 281311K [0x0000000702000000, 0x0000000800000000)
  region size 2048K, 11 young (22528K), 1 survivors (2048K)
 Metaspace       used 12366K, committed 12608K, reserved 1114112K
  class space    used 1331K, committed 1472K, reserved 1048576K
}
Event: 10.825 GC heap after
{Heap after GC invocations=9 (full 0):
 garbage-first heap   total 358400K, used 283415K [0x0000000702000000, 0x0000000800000000)
  region size 2048K, 2 young (4096K), 2 survivors (4096K)
 Metaspace       used 12366K, committed 12608K, reserved 1114112K
  class space    used 1331K, committed 1472K, reserved 1048576K
}
Event: 10.941 GC heap before
{Heap before GC invocations=10 (full 0):
 garbage-first heap   total 479232K, used 293655K [0x0000000702000000, 0x0000000800000000)
  region size 2048K, 8 young (16384K), 2 survivors (4096K)
 Metaspace       used 12371K, committed 12608K, reserved 1114112K
  class space    used 1331K, committed 1472K, reserved 1048576K
}
Event: 10.944 GC heap after
{Heap after GC invocations=11 (full 0):
 garbage-first heap   total 706560K, used 297691K [0x0000000702000000, 0x0000000800000000)
  region size 2048K, 1 young (2048K), 1 survivors (2048K)
 Metaspace       used 12371K, committed 12608K, reserved 1114112K
  class space    used 1331K, committed 1472K, reserved 1048576K
}
Event: 11.288 GC heap before
{Heap before GC invocations=11 (full 0):
 garbage-first heap   total 706560K, used 328411K [0x0000000702000000, 0x0000000800000000)
  region size 2048K, 17 young (34816K), 1 survivors (2048K)
 Metaspace       used 12371K, committed 12608K, reserved 1114112K
  class space    used 1331K, committed 1472K, reserved 1048576K
}
Event: 11.301 GC heap after
{Heap after GC invocations=12 (full 0):
 garbage-first heap   total 706560K, used 332505K [0x0000000702000000, 0x0000000800000000)
  region size 2048K, 3 young (6144K), 3 survivors (6144K)
 Metaspace       used 12371K, committed 12608K, reserved 1114112K
  class space    used 1331K, committed 1472K, reserved 1048576K
}
Event: 11.610 GC heap before
{Heap before GC invocations=12 (full 0):
 garbage-first heap   total 706560K, used 359129K [0x0000000702000000, 0x0000000800000000)
  region size 2048K, 17 young (34816K), 3 survivors (6144K)
 Metaspace       used 12373K, committed 12608K, reserved 1114112K
  class space    used 1331K, committed 1472K, reserved 1048576K
}
Event: 11.621 GC heap after
{Heap after GC invocations=13 (full 0):
 garbage-first heap   total 706560K, used 363958K [0x0000000702000000, 0x0000000800000000)
  region size 2048K, 3 young (6144K), 3 survivors (6144K)
 Metaspace       used 12373K, committed 12608K, reserved 1114112K
  class space    used 1331K, committed 1472K, reserved 1048576K
}
Event: 11.938 GC heap before
{Heap before GC invocations=13 (full 0):
 garbage-first heap   total 706560K, used 390582K [0x0000000702000000, 0x0000000800000000)
  region size 2048K, 17 young (34816K), 3 survivors (6144K)
 Metaspace       used 12376K, committed 12608K, reserved 1114112K
  class space    used 1331K, committed 1472K, reserved 1048576K
}
Event: 11.942 GC heap after
{Heap after GC invocations=14 (full 0):
 garbage-first heap   total 706560K, used 392697K [0x0000000702000000, 0x0000000800000000)
  region size 2048K, 3 young (6144K), 3 survivors (6144K)
 Metaspace       used 12376K, committed 12608K, reserved 1114112K
  class space    used 1331K, committed 1472K, reserved 1048576K
}
Event: 12.927 GC heap before
{Heap before GC invocations=14 (full 0):
 garbage-first heap   total 706560K, used 482809K [0x0000000702000000, 0x0000000800000000)
  region size 2048K, 48 young (98304K), 3 survivors (6144K)
 Metaspace       used 12408K, committed 12672K, reserved 1114112K
  class space    used 1331K, committed 1472K, reserved 1048576K
}
Event: 12.938 GC heap after
{Heap after GC invocations=15 (full 0):
 garbage-first heap   total 706560K, used 486111K [0x0000000702000000, 0x0000000800000000)
  region size 2048K, 6 young (12288K), 6 survivors (12288K)
 Metaspace       used 12408K, committed 12672K, reserved 1114112K
  class space    used 1331K, committed 1472K, reserved 1048576K
}
Event: 13.452 GC heap before
{Heap before GC invocations=16 (full 0):
 garbage-first heap   total 817152K, used 533215K [0x0000000702000000, 0x0000000800000000)
  region size 2048K, 30 young (61440K), 6 survivors (12288K)
 Metaspace       used 12416K, committed 12672K, reserved 1114112K
  class space    used 1332K, committed 1472K, reserved 1048576K
}
Event: 13.464 GC heap after
{Heap after GC invocations=17 (full 0):
 garbage-first heap   total 952320K, used 540082K [0x0000000702000000, 0x0000000800000000)
  region size 2048K, 4 young (8192K), 4 survivors (8192K)
 Metaspace       used 12416K, committed 12672K, reserved 1114112K
  class space    used 1332K, committed 1472K, reserved 1048576K
}
Event: 13.913 GC heap before
{Heap before GC invocations=17 (full 0):
 garbage-first heap   total 952320K, used 576946K [0x0000000702000000, 0x0000000800000000)
  region size 2048K, 23 young (47104K), 4 survivors (8192K)
 Metaspace       used 12444K, committed 12672K, reserved 1114112K
  class space    used 1332K, committed 1472K, reserved 1048576K
}
Event: 13.926 GC heap after
{Heap after GC invocations=18 (full 0):
 garbage-first heap   total 952320K, used 570999K [0x0000000702000000, 0x0000000800000000)
  region size 2048K, 3 young (6144K), 3 survivors (6144K)
 Metaspace       used 12444K, committed 12672K, reserved 1114112K
  class space    used 1332K, committed 1472K, reserved 1048576K
}
Event: 14.352 GC heap before
{Heap before GC invocations=18 (full 0):
 garbage-first heap   total 952320K, used 609911K [0x0000000702000000, 0x0000000800000000)
  region size 2048K, 23 young (47104K), 3 survivors (6144K)
 Metaspace       used 12444K, committed 12672K, reserved 1114112K
  class space    used 1332K, committed 1472K, reserved 1048576K
}
Event: 14.367 GC heap after
{Heap after GC invocations=19 (full 0):
 garbage-first heap   total 952320K, used 617179K [0x0000000702000000, 0x0000000800000000)
  region size 2048K, 3 young (6144K), 3 survivors (6144K)
 Metaspace       used 12444K, committed 12672K, reserved 1114112K
  class space    used 1332K, committed 1472K, reserved 1048576K
}
Event: 14.813 GC heap before
{Heap before GC invocations=19 (full 0):
 garbage-first heap   total 952320K, used 656091K [0x0000000702000000, 0x0000000800000000)
  region size 2048K, 23 young (47104K), 3 survivors (6144K)
 Metaspace       used 12444K, committed 12672K, reserved 1114112K
  class space    used 1332K, committed 1472K, reserved 1048576K
}
Event: 14.818 GC heap after
{Heap after GC invocations=20 (full 0):
 garbage-first heap   total 952320K, used 656862K [0x0000000702000000, 0x0000000800000000)
  region size 2048K, 3 young (6144K), 3 survivors (6144K)
 Metaspace       used 12444K, committed 12672K, reserved 1114112K
  class space    used 1332K, committed 1472K, reserved 1048576K
}

Dll operation events (12 events):
Event: 0.004 Loaded shared library E:\jdk-19.0.2\bin\java.dll
Event: 0.010 Loaded shared library E:\jdk-19.0.2\bin\jsvml.dll
Event: 0.089 Loaded shared library E:\jdk-19.0.2\bin\jimage.dll
Event: 0.106 Loaded shared library E:\jdk-19.0.2\bin\awt.dll
Event: 0.146 Loaded shared library E:\jdk-19.0.2\bin\net.dll
Event: 0.147 Loaded shared library E:\jdk-19.0.2\bin\nio.dll
Event: 0.152 Loaded shared library E:\jdk-19.0.2\bin\zip.dll
Event: 0.253 Loaded shared library E:\jdk-19.0.2\bin\verify.dll
Event: 0.349 Loaded shared library E:\jdk-19.0.2\bin\jsound.dll
Event: 1.393 Loaded shared library E:\jdk-19.0.2\bin\freetype.dll
Event: 1.404 Loaded shared library E:\jdk-19.0.2\bin\fontmanager.dll
Event: 2.002 Loaded shared library E:\jdk-19.0.2\bin\javajpeg.dll

Deoptimization events (20 events):
Event: 15.554 Thread 0x0000024dd5f86390 Uncommon trap: trap_request=0xffffff45 fr.pc=0x0000024dbd57c004 relative=0x0000000000001664
Event: 15.554 Thread 0x0000024dd5f86390 Uncommon trap: reason=unstable_if action=reinterpret pc=0x0000024dbd57c004 method=sun.java2d.SunGraphics2D.getFontInfo()Lsun/java2d/loops/FontInfo; @ 4 c2
Event: 15.554 Thread 0x0000024dd5f86390 DEOPT PACKING pc=0x0000024dbd57c004 sp=0x000000d0d85fc240
Event: 15.554 Thread 0x0000024dd5f86390 DEOPT UNPACKING pc=0x0000024dbcec6da3 sp=0x000000d0d85fc1b0 mode 2
Event: 15.572 Thread 0x0000024dd5f86390 Uncommon trap: trap_request=0xffffffde fr.pc=0x0000024dbd55279c relative=0x000000000000161c
Event: 15.572 Thread 0x0000024dd5f86390 Uncommon trap: reason=class_check action=maybe_recompile pc=0x0000024dbd55279c method=javax.swing.JComponent.paintBorder(Ljava/awt/Graphics;)V @ 22 c2
Event: 15.572 Thread 0x0000024dd5f86390 DEOPT PACKING pc=0x0000024dbd55279c sp=0x000000d0d85fc830
Event: 15.572 Thread 0x0000024dd5f86390 DEOPT UNPACKING pc=0x0000024dbcec6da3 sp=0x000000d0d85fc828 mode 2
Event: 15.572 Thread 0x0000024dd5f86390 Uncommon trap: trap_request=0xffffffde fr.pc=0x0000024dbd55279c relative=0x000000000000161c
Event: 15.572 Thread 0x0000024dd5f86390 Uncommon trap: reason=class_check action=maybe_recompile pc=0x0000024dbd55279c method=javax.swing.JComponent.paintBorder(Ljava/awt/Graphics;)V @ 22 c2
Event: 15.572 Thread 0x0000024dd5f86390 DEOPT PACKING pc=0x0000024dbd55279c sp=0x000000d0d85fcaf0
Event: 15.572 Thread 0x0000024dd5f86390 DEOPT UNPACKING pc=0x0000024dbcec6da3 sp=0x000000d0d85fcad8 mode 2
Event: 15.572 Thread 0x0000024dd5f86390 Uncommon trap: trap_request=0xffffff45 fr.pc=0x0000024dbd57517c relative=0x000000000000015c
Event: 15.572 Thread 0x0000024dd5f86390 Uncommon trap: reason=unstable_if action=reinterpret pc=0x0000024dbd57517c method=sun.java2d.SunGraphics2D.getFontInfo()Lsun/java2d/loops/FontInfo; @ 4 c2
Event: 15.573 Thread 0x0000024dd5f86390 DEOPT PACKING pc=0x0000024dbd57517c sp=0x000000d0d85fbdd0
Event: 15.573 Thread 0x0000024dd5f86390 DEOPT UNPACKING pc=0x0000024dbcec6da3 sp=0x000000d0d85fbd90 mode 2
Event: 15.609 Thread 0x0000024dd5f86390 Uncommon trap: trap_request=0xffffffde fr.pc=0x0000024dbd5b8940 relative=0x0000000000000640
Event: 15.609 Thread 0x0000024dd5f86390 Uncommon trap: reason=class_check action=maybe_recompile pc=0x0000024dbd5b8940 method=sun.java2d.loops.SurfaceType.pixelFor(ILjava/awt/image/ColorModel;)I @ 6 c2
Event: 15.609 Thread 0x0000024dd5f86390 DEOPT PACKING pc=0x0000024dbd5b8940 sp=0x000000d0d85fd4a0
Event: 15.609 Thread 0x0000024dd5f86390 DEOPT UNPACKING pc=0x0000024dbcec6da3 sp=0x000000d0d85fd298 mode 2

Classes loaded (20 events):
Event: 15.489 Loading class sun/java2d/d3d/D3DSurfaceData done
Event: 15.489 Loading class sun/java2d/d3d/D3DSurfaceData$D3DWindowSurfaceData done
Event: 15.489 Loading class sun/print/PrinterGraphicsConfig
Event: 15.503 Loading class sun/print/PrinterGraphicsConfig done
Event: 15.503 Loading class sun/java2d/opengl/WGLGraphicsConfig
Event: 15.510 Loading class sun/java2d/opengl/OGLGraphicsConfig
Event: 15.510 Loading class sun/java2d/opengl/OGLGraphicsConfig done
Event: 15.510 Loading class sun/java2d/opengl/WGLGraphicsConfig done
Event: 15.511 Loading class sun/awt/image/BufImgVolatileSurfaceManager
Event: 15.511 Loading class sun/awt/image/BufImgVolatileSurfaceManager done
Event: 15.515 Loading class javax/swing/plaf/metal/MetalUtils
Event: 15.516 Loading class javax/swing/plaf/metal/MetalUtils done
Event: 15.516 Loading class javax/swing/plaf/metal/MetalUtils$GradientPainter
Event: 15.516 Loading class javax/swing/plaf/metal/MetalUtils$GradientPainter done
Event: 15.516 Loading class sun/swing/ImageCache$Entry
Event: 15.533 Loading class sun/swing/ImageCache$Entry done
Event: 15.534 Loading class java/awt/GradientPaint
Event: 15.534 Loading class java/awt/GradientPaint done
Event: 15.538 Loading class java/awt/GradientPaintContext
Event: 15.539 Loading class java/awt/GradientPaintContext done

Classes unloaded (0 events):
No events

Classes redefined (0 events):
No events

Internal exceptions (20 events):
Event: 0.117 Thread 0x0000024dac1c2440 Exception <a 'java/io/FileNotFoundException'{0x0000000711aa92e0}> (0x0000000711aa92e0) 
thrown [s\open\src\hotspot\share\prims\jni.cpp, line 517]
Event: 0.122 Thread 0x0000024dac1c2440 Exception <a 'java/io/FileNotFoundException'{0x0000000711ad57f8}> (0x0000000711ad57f8) 
thrown [s\open\src\hotspot\share\prims\jni.cpp, line 517]
Event: 0.226 Thread 0x0000024dac1c2440 Exception <a 'java/lang/NoSuchMethodError'{0x0000000711bc61e8}: 'java.lang.Object java.lang.invoke.DirectMethodHandle$Holder.invokeStaticInit(java.lang.Object)'> (0x0000000711bc61e8) 
thrown [s\open\src\hotspot\share\interpreter\linkResolver.cpp, line 774]
Event: 0.811 Thread 0x0000024dd5f86390 Exception <a 'java/lang/NoSuchMethodError'{0x0000000711648ae0}: 'void java.lang.invoke.DirectMethodHandle$Holder.invokeSpecial(java.lang.Object, java.lang.Object, java.lang.Object)'> (0x0000000711648ae0) 
thrown [s\open\src\hotspot\share\interpreter\linkResolver.cpp, line 774]
Event: 0.887 Thread 0x0000024dd5f86390 Exception <a 'java/lang/NoSuchMethodError'{0x00000007116737b8}: 'java.lang.Object java.lang.invoke.DirectMethodHandle$Holder.newInvokeSpecial(java.lang.Object, java.lang.Object, java.lang.Object, java.lang.Object, java.lang.Object)'> (0x00000007116737b8) 
thrown [s\open\src\hotspot\share\interpreter\linkResolver.cpp, line 774]
Event: 0.905 Thread 0x0000024dd5f86390 Exception <a 'java/lang/NoSuchMethodError'{0x00000007116a4ea0}: 'java.lang.Object java.lang.invoke.DirectMethodHandle$Holder.invokeStatic(java.lang.Object, int, java.lang.Object)'> (0x00000007116a4ea0) 
thrown [s\open\src\hotspot\share\interpreter\linkResolver.cpp, line 774]
Event: 1.246 Thread 0x0000024dd5f86390 Exception <a 'java/lang/ClassNotFoundException'{0x00000007117606a8}: com/sun/swing/internal/plaf/metal/resources/spi/metalProvider> (0x00000007117606a8) 
thrown [s\open\src\hotspot\share\classfile\systemDictionary.cpp, line 255]
Event: 1.247 Thread 0x0000024dd5f86390 Exception <a 'java/lang/ClassNotFoundException'{0x00000007117645d8}: com/sun/swing/internal/plaf/basic/resources/spi/basicProvider> (0x00000007117645d8) 
thrown [s\open\src\hotspot\share\classfile\systemDictionary.cpp, line 255]
Event: 1.278 Thread 0x0000024dd5f86390 Exception <a 'java/lang/NoSuchMethodError'{0x0000000711781668}: 'int java.lang.invoke.Invokers$Holder.invokeExact_MT(java.lang.Object, java.lang.Object)'> (0x0000000711781668) 
thrown [s\open\src\hotspot\share\interpreter\linkResolver.cpp, line 774]
Event: 1.306 Thread 0x0000024dd5f7c3d0 Exception <a 'java/lang/NoSuchMethodError'{0x00000007118806b0}: 'void java.lang.invoke.DirectMethodHandle$Holder.invokeVirtual(java.lang.Object, java.lang.Object)'> (0x00000007118806b0) 
thrown [s\open\src\hotspot\share\interpreter\linkResolver.cpp, line 774]
Event: 1.353 Thread 0x0000024dd5f86390 Exception <a 'java/lang/NoSuchMethodError'{0x00000007117aca38}: 'void java.lang.invoke.DirectMethodHandle$Holder.invokeStaticInit(java.lang.Object)'> (0x00000007117aca38) 
thrown [s\open\src\hotspot\share\interpreter\linkResolver.cpp, line 774]
Event: 1.608 Thread 0x0000024dd67100c0 Exception <a 'java/lang/NoSuchMethodError'{0x00000007114829d8}: 'java.lang.Object java.lang.invoke.DirectMethodHandle$Holder.newInvokeSpecial(java.lang.Object, java.lang.Object, java.lang.Object, int, int, int, int, int)'> (0x00000007114829d8) 
thrown [s\open\src\hotspot\share\interpreter\linkResolver.cpp, line 774]
Event: 2.753 Thread 0x0000024dd5f86390 Exception <a 'java/lang/NoSuchMethodError'{0x0000000710c6dc38}: 'java.lang.Object java.lang.invoke.DirectMethodHandle$Holder.invokeStaticInit(java.lang.Object, int, int, int, int)'> (0x0000000710c6dc38) 
thrown [s\open\src\hotspot\share\interpreter\linkResolver.cpp, line 774]
Event: 2.832 Thread 0x0000024dd5f86390 Exception <a 'java/lang/NoSuchMethodError'{0x0000000710cd9940}: 'java.lang.Object java.lang.invoke.DirectMethodHandle$Holder.invokeStaticInit(java.lang.Object, java.lang.Object, int, int, int, int)'> (0x0000000710cd9940) 
thrown [s\open\src\hotspot\share\interpreter\linkResolver.cpp, line 774]
Event: 15.423 Thread 0x0000024de5a469d0 Implicit null exception at 0x0000024dbd4783a8 to 0x0000024dbd478740
Event: 15.441 Thread 0x0000024dd5f86390 Implicit null exception at 0x0000024dbd565cb0 to 0x0000024dbd5685ac
Event: 15.452 Thread 0x0000024dd5f86390 Exception <a 'java/lang/NoSuchMethodError'{0x0000000738177be0}: 'void java.lang.invoke.DirectMethodHandle$Holder.invokeStatic(java.lang.Object, java.lang.Object)'> (0x0000000738177be0) 
thrown [s\open\src\hotspot\share\interpreter\linkResolver.cpp, line 774]
Event: 15.454 Thread 0x0000024dd5f86390 Implicit null exception at 0x0000024dbd4d0e80 to 0x0000024dbd4d0f30
Event: 15.471 Thread 0x0000024dd5f86390 Exception <a 'java/lang/NoSuchMethodError'{0x0000000738191d58}: 'int java.lang.invoke.DirectMethodHandle$Holder.invokeStatic(java.lang.Object)'> (0x0000000738191d58) 
thrown [s\open\src\hotspot\share\interpreter\linkResolver.cpp, line 774]
Event: 15.552 Thread 0x0000024dd5f86390 Implicit null exception at 0x0000024dbd479592 to 0x0000024dbd47ad7c

VM Operations (20 events):
Event: 14.368 Executing VM operation: G1CollectForAllocation done
Event: 14.813 Executing VM operation: G1CollectForAllocation
Event: 14.820 Executing VM operation: G1CollectForAllocation done
Event: 15.420 Executing VM operation: HandshakeAllThreads
Event: 15.421 Executing VM operation: HandshakeAllThreads done
Event: 15.421 Executing VM operation: HandshakeAllThreads
Event: 15.422 Executing VM operation: HandshakeAllThreads done
Event: 15.422 Executing VM operation: HandshakeAllThreads
Event: 15.422 Executing VM operation: HandshakeAllThreads done
Event: 15.468 Executing VM operation: HandshakeAllThreads
Event: 15.469 Executing VM operation: HandshakeAllThreads done
Event: 15.511 Executing VM operation: HandshakeAllThreads
Event: 15.512 Executing VM operation: HandshakeAllThreads done
Event: 15.512 Executing VM operation: HandshakeAllThreads
Event: 15.514 Executing VM operation: HandshakeAllThreads done
Event: 15.535 Executing VM operation: HandshakeAllThreads
Event: 15.537 Executing VM operation: HandshakeAllThreads done
Event: 15.540 Executing VM operation: HandshakeAllThreads
Event: 15.543 Executing VM operation: HandshakeAllThreads done
Event: 15.630 Executing VM operation: G1CollectForAllocation

Events (20 events):
Event: 15.391 Thread 0x0000024de5a3da60 Thread added: 0x0000024de5a3da60
Event: 15.404 Thread 0x0000024de5a459e0 Thread added: 0x0000024de5a459e0
Event: 15.412 Thread 0x0000024de5a45f30 Thread added: 0x0000024de5a45f30
Event: 15.421 Thread 0x0000024de5a46480 Thread added: 0x0000024de5a46480
Event: 15.423 Thread 0x0000024de5a469d0 Thread added: 0x0000024de5a469d0
Event: 15.429 Thread 0x0000024de5a46f20 Thread added: 0x0000024de5a46f20
Event: 15.437 Thread 0x0000024ddac9bc80 Thread added: 0x0000024ddac9bc80
Event: 15.458 Thread 0x0000024ddac9cc70 Thread added: 0x0000024ddac9cc70
Event: 15.471 Thread 0x0000024ddac9b730 Thread added: 0x0000024ddac9b730
Event: 15.480 Thread 0x0000024ddac9dc60 Thread added: 0x0000024ddac9dc60
Event: 15.488 Thread 0x0000024ddac99750 Thread added: 0x0000024ddac99750
Event: 15.498 Thread 0x0000024ddac9a1f0 Thread added: 0x0000024ddac9a1f0
Event: 15.506 Thread 0x0000024ddac9f1a0 Thread added: 0x0000024ddac9f1a0
Event: 15.515 Thread 0x0000024ddac98210 Thread added: 0x0000024ddac98210
Event: 15.578 Thread 0x0000024ddac9b1e0 Thread added: 0x0000024ddac9b1e0
Event: 15.594 Thread 0x0000024ddac99ca0 Thread added: 0x0000024ddac99ca0
Event: 15.600 Thread 0x0000024ddac9e700 Thread added: 0x0000024ddac9e700
Event: 15.610 Thread 0x0000024ddac9ec50 Thread added: 0x0000024ddac9ec50
Event: 15.618 Thread 0x0000024ddac9c1d0 Thread added: 0x0000024ddac9c1d0
Event: 15.624 Thread 0x0000024ddac98760 Thread added: 0x0000024ddac98760


Dynamic libraries:
0x00007ff6ed840000 - 0x00007ff6ed850000 	E:\jdk-19.0.2\bin\java.exe
0x00007ffecba80000 - 0x00007ffecbc89000 	C:\WINDOWS\SYSTEM32\ntdll.dll
0x00007ffecaa40000 - 0x00007ffecaafd000 	C:\WINDOWS\System32\KERNEL32.DLL
0x00007ffec9080000 - 0x00007ffec9404000 	C:\WINDOWS\System32\KERNELBASE.dll
0x00007ffec9410000 - 0x00007ffec9521000 	C:\WINDOWS\System32\ucrtbase.dll
0x00007ffec32d0000 - 0x00007ffec32e8000 	E:\jdk-19.0.2\bin\jli.dll
0x00007ffec25d0000 - 0x00007ffec25eb000 	E:\jdk-19.0.2\bin\VCRUNTIME140.dll
0x00007ffecb4a0000 - 0x00007ffecb54e000 	C:\WINDOWS\System32\ADVAPI32.dll
0x00007ffecad10000 - 0x00007ffecadb3000 	C:\WINDOWS\System32\msvcrt.dll
0x00007ffec9d60000 - 0x00007ffec9dfe000 	C:\WINDOWS\System32\sechost.dll
0x00007ffecaef0000 - 0x00007ffecb011000 	C:\WINDOWS\System32\RPCRT4.dll
0x00007ffecab60000 - 0x00007ffecad0d000 	C:\WINDOWS\System32\USER32.dll
0x00007ffeb2a20000 - 0x00007ffeb2cc5000 	C:\WINDOWS\WinSxS\amd64_microsoft.windows.common-controls_6595b64144ccf1df_6.0.22000.120_none_9d947278b86cc467\COMCTL32.dll
0x00007ffec98a0000 - 0x00007ffec98c6000 	C:\WINDOWS\System32\win32u.dll
0x00007ffecaeb0000 - 0x00007ffecaeda000 	C:\WINDOWS\System32\GDI32.dll
0x00007ffec9710000 - 0x00007ffec982e000 	C:\WINDOWS\System32\gdi32full.dll
0x00007ffec9670000 - 0x00007ffec970d000 	C:\WINDOWS\System32\msvcp_win.dll
0x00007ffec1f30000 - 0x00007ffec1f3a000 	C:\WINDOWS\SYSTEM32\VERSION.dll
0x00007ffecab00000 - 0x00007ffecab31000 	C:\WINDOWS\System32\IMM32.DLL
0x00007ffec44d0000 - 0x00007ffec44dc000 	E:\jdk-19.0.2\bin\vcruntime140_1.dll
0x00007ffec2460000 - 0x00007ffec24ee000 	E:\jdk-19.0.2\bin\msvcp140.dll
0x00007ffe83190000 - 0x00007ffe83e50000 	E:\jdk-19.0.2\bin\server\jvm.dll
0x00007ffec2320000 - 0x00007ffec2353000 	C:\WINDOWS\SYSTEM32\WINMM.dll
0x00007ffeac8a0000 - 0x00007ffeac8a9000 	C:\WINDOWS\SYSTEM32\WSOCK32.dll
0x00007ffecb020000 - 0x00007ffecb08f000 	C:\WINDOWS\System32\WS2_32.dll
0x00007ffec8030000 - 0x00007ffec8048000 	C:\WINDOWS\SYSTEM32\kernel.appcore.dll
0x00007ffec44a0000 - 0x00007ffec44aa000 	E:\jdk-19.0.2\bin\jimage.dll
0x00007ffec6a70000 - 0x00007ffec6c91000 	C:\WINDOWS\SYSTEM32\DBGHELP.DLL
0x00007ffeb2610000 - 0x00007ffeb2641000 	C:\WINDOWS\SYSTEM32\dbgcore.DLL
0x00007ffec9530000 - 0x00007ffec95af000 	C:\WINDOWS\System32\bcryptPrimitives.dll
0x00007ffec25a0000 - 0x00007ffec25c6000 	E:\jdk-19.0.2\bin\java.dll
0x00007ffeb3720000 - 0x00007ffeb37f7000 	E:\jdk-19.0.2\bin\jsvml.dll
0x00007ffeca270000 - 0x00007ffecaa35000 	C:\WINDOWS\System32\SHELL32.dll
0x00007ffec6fa0000 - 0x00007ffec7802000 	C:\WINDOWS\SYSTEM32\windows.storage.dll
0x00007ffec9970000 - 0x00007ffec9ce6000 	C:\WINDOWS\System32\combase.dll
0x00007ffec6e30000 - 0x00007ffec6f97000 	C:\WINDOWS\SYSTEM32\wintypes.dll
0x00007ffecb090000 - 0x00007ffecb17a000 	C:\WINDOWS\System32\SHCORE.dll
0x00007ffecb180000 - 0x00007ffecb1dd000 	C:\WINDOWS\System32\shlwapi.dll
0x00007ffec8e40000 - 0x00007ffec8e65000 	C:\WINDOWS\SYSTEM32\profapi.dll
0x00007ffe9d340000 - 0x00007ffe9d4d1000 	E:\jdk-19.0.2\bin\awt.dll
0x00007ffecadc0000 - 0x00007ffecae96000 	C:\WINDOWS\System32\OLEAUT32.dll
0x00007ffec60e0000 - 0x00007ffec6172000 	C:\WINDOWS\SYSTEM32\apphelp.dll
0x00007ffec2580000 - 0x00007ffec2593000 	E:\jdk-19.0.2\bin\net.dll
0x00007ffec35d0000 - 0x00007ffec36e4000 	C:\WINDOWS\SYSTEM32\WINHTTP.dll
0x00007ffec84d0000 - 0x00007ffec8537000 	C:\WINDOWS\system32\mswsock.dll
0x00007ffec2560000 - 0x00007ffec2576000 	E:\jdk-19.0.2\bin\nio.dll
0x00007ffec2440000 - 0x00007ffec2458000 	E:\jdk-19.0.2\bin\zip.dll
0x00007ffec6260000 - 0x00007ffec630c000 	C:\WINDOWS\system32\uxtheme.dll
0x00007ffec9e00000 - 0x00007ffec9f1d000 	C:\WINDOWS\System32\MSCTF.dll
0x00007ffecb1e0000 - 0x00007ffecb37a000 	C:\WINDOWS\System32\ole32.dll
0x00007ffec32c0000 - 0x00007ffec32d0000 	E:\jdk-19.0.2\bin\verify.dll
0x00007ffec4380000 - 0x00007ffec4392000 	E:\jdk-19.0.2\bin\jsound.dll
0x00007ffe9d580000 - 0x00007ffe9d622000 	C:\WINDOWS\SYSTEM32\DSOUND.dll
0x00007ffec7f80000 - 0x00007ffec7fcd000 	C:\WINDOWS\SYSTEM32\powrprof.dll
0x00007ffe9d170000 - 0x00007ffe9d221000 	C:\WINDOWS\SYSTEM32\ResampleDmo.DLL
0x00007ffeb16e0000 - 0x00007ffeb1709000 	C:\WINDOWS\SYSTEM32\winmmbase.dll
0x00007ffeb8a90000 - 0x00007ffeb8a9b000 	C:\WINDOWS\SYSTEM32\msdmo.dll
0x00007ffec7ec0000 - 0x00007ffec7ed3000 	C:\WINDOWS\SYSTEM32\UMPDC.dll
0x00007ffecb3f0000 - 0x00007ffecb49f000 	C:\WINDOWS\System32\clbcatq.dll
0x00007ffeb7710000 - 0x00007ffeb77ab000 	C:\WINDOWS\System32\MMDevApi.dll
0x00007ffec8bd0000 - 0x00007ffec8c03000 	C:\WINDOWS\System32\DEVOBJ.dll
0x00007ffec8c30000 - 0x00007ffec8c7c000 	C:\WINDOWS\SYSTEM32\cfgmgr32.dll
0x00007ffeb6680000 - 0x00007ffeb66c6000 	C:\WINDOWS\SYSTEM32\wdmaud.drv
0x00007ffec5470000 - 0x00007ffec5479000 	C:\WINDOWS\SYSTEM32\ksuser.dll
0x00007ffec2d30000 - 0x00007ffec2d3b000 	C:\WINDOWS\SYSTEM32\AVRT.dll
0x00007ffeaff40000 - 0x00007ffeb0113000 	C:\WINDOWS\SYSTEM32\AUDIOSES.DLL
0x00007ffec5420000 - 0x00007ffec542d000 	C:\WINDOWS\SYSTEM32\msacm32.drv
0x00007ffec43f0000 - 0x00007ffec440e000 	C:\WINDOWS\SYSTEM32\MSACM32.dll
0x00007ffeb65f0000 - 0x00007ffeb65fb000 	C:\WINDOWS\SYSTEM32\midimap.dll
0x00007ffec6500000 - 0x00007ffec6515000 	C:\WINDOWS\SYSTEM32\resourcepolicyclient.dll
0x00007ffec6600000 - 0x00007ffec662f000 	C:\WINDOWS\system32\DWMAPI.DLL
0x00007ffe93570000 - 0x00007ffe93671000 	C:\WINDOWS\system32\opengl32.dll
0x00007ffe93500000 - 0x00007ffe9352d000 	C:\WINDOWS\SYSTEM32\GLU32.dll
0x00007ffec6380000 - 0x00007ffec63b8000 	C:\WINDOWS\SYSTEM32\dxcore.dll
0x00007ffeb5820000 - 0x00007ffeb59a8000 	C:\Windows\System32\Windows.UI.dll
0x00007ffe9d0e0000 - 0x00007ffe9d166000 	E:\jdk-19.0.2\bin\freetype.dll
0x00007ffe8e970000 - 0x00007ffe8ea36000 	E:\jdk-19.0.2\bin\fontmanager.dll
0x00007ffeaeaa0000 - 0x00007ffeaebcc000 	C:\WINDOWS\SYSTEM32\textinputframework.dll
0x00007ffeb62c0000 - 0x00007ffeb62ee000 	E:\jdk-19.0.2\bin\javajpeg.dll
0x00007ffec5df0000 - 0x00007ffec5f21000 	C:\WINDOWS\SYSTEM32\CoreMessaging.dll
0x00007ffec13e0000 - 0x00007ffec174d000 	C:\WINDOWS\SYSTEM32\CoreUIComponents.dll
0x00007ffec86c0000 - 0x00007ffec86cc000 	C:\WINDOWS\SYSTEM32\CRYPTBASE.DLL
0x00007ffec87a0000 - 0x00007ffec87b8000 	C:\WINDOWS\SYSTEM32\CRYPTSP.dll
0x00007ffec7f40000 - 0x00007ffec7f75000 	C:\WINDOWS\system32\rsaenh.dll
0x00007ffec8570000 - 0x00007ffec859c000 	C:\WINDOWS\SYSTEM32\USERENV.dll
0x00007ffec88e0000 - 0x00007ffec8907000 	C:\WINDOWS\SYSTEM32\bcrypt.dll
0x00007ffec7b10000 - 0x00007ffec7b3d000 	C:\WINDOWS\SYSTEM32\IPHLPAPI.DLL
0x00007ffecaee0000 - 0x00007ffecaee9000 	C:\WINDOWS\System32\NSI.dll
0x00007ffec3080000 - 0x00007ffec3099000 	C:\WINDOWS\SYSTEM32\dhcpcsvc6.DLL
0x00007ffec4120000 - 0x00007ffec413e000 	C:\WINDOWS\SYSTEM32\dhcpcsvc.DLL
0x00007ffec7b40000 - 0x00007ffec7c27000 	C:\WINDOWS\SYSTEM32\DNSAPI.dll

dbghelp: loaded successfully - version: 4.0.5 - missing functions: none
symbol engine: initialized successfully - sym options: 0x614 - pdb path: .;E:\jdk-19.0.2\bin;C:\WINDOWS\SYSTEM32;C:\WINDOWS\WinSxS\amd64_microsoft.windows.common-controls_6595b64144ccf1df_6.0.22000.120_none_9d947278b86cc467;E:\jdk-19.0.2\bin\server

VM Arguments:
jvm_args: -XX:+ShowCodeDetailsInExceptionMessages 
java_command: gradle.App
java_class_path (initial): E:\university\AP\project\gradle\app\build\resources\main;E:\university\AP\project\gradle\app\build\classes\java\main;C:\Users\user\.gradle\caches\modules-2\files-2.1\com.google.guava\guava\31.1-jre\60458f877d055d0c9114d9e1a2efb737b4bc282c\guava-31.1-jre.jar;C:\Users\user\.gradle\caches\modules-2\files-2.1\net.java.dev.jna\jna-platform\5.12.1\97406a297c852f4a41e688a176ec675f72e8329\jna-platform-5.12.1.jar;C:\Users\user\.gradle\caches\modules-2\files-2.1\com.google.guava\listenablefuture\9999.0-empty-to-avoid-conflict-with-guava\b421526c5f297295adef1c886e5246c39d4ac629\listenablefuture-9999.0-empty-to-avoid-conflict-with-guava.jar;C:\Users\user\.gradle\caches\modules-2\files-2.1\com.google.code.findbugs\jsr305\3.0.2\25ea2e8b0c338a877313bd4672d3fe056ea78f0d\jsr305-3.0.2.jar;C:\Users\user\.gradle\caches\modules-2\files-2.1\com.google.errorprone\error_prone_annotations\2.11.0\c5a0ace696d3f8b1c1d8cc036d8c03cc0cbe6b69\error_prone_annotations-2.11.0.jar;C:\Users\user\.gradle\caches\modules-2\files-2.1\com.googlecode.json-simple\json-simple\1.1.1\c9ad4a0850ab676c5c64461a05ca524cdfff59f1\json-simple-1.1.1.jar;C:\Users\user\.gradle\caches\modules-2\files-2.1\net.java.dev.jna\jna\5.12.1\b1e93a735caea94f503e95e6fe79bf9cdc1e985d\jna-5.12.1.jar;C:\Users\user\.gradle\caches\modules-2\files-2.1\org.hamcrest\hamcrest-core\1.1\860340562250678d1a344907ac75754e259cdb14\hamcrest-core-1.1.jar;C:\Users\user\.gradle\caches\modules-2\files-2.1\junit\junit\4.10\e4f1766ce7404a08f45d859fb9c226fc9e41a861\junit-4.10.jar;C:\Users\user\.gradle\caches\modules-2\files-2.1\com.google.j2objc\j2objc-annotations\1.3\ba035118bc8bac37d7eff77700720999acd9986d\j2objc-annotations-1.3.jar;C:\Users\user\.gradle\caches\modules-2\files-2.1\com.google.guava\failureaccess\1.0.1\1dcf1de382a0bf95a3d8b0849546c88bac1292c9\failureaccess-1.0.1.jar;C:\Users\user\.gradle\caches\modules-2\files-2.1\org.locationtech.jts\jts-core\1.18.2\cf69824dabd57099eff3bceb1a93a2061cc9a0ff\jts-core-1.18.2.jar;C:\Users\user\.gradle\caches\modules-2\files-2.1\org.checkerframework\checker-qual\3.12.0\d5692f0526415fcc6de94bb5bfbd3afd9dd3b3e5\checker-qual-3.12.0.jar
Launcher Type: SUN_STANDARD

[Global flags]
     intx CICompilerCount                          = 4                                         {product} {ergonomic}
     uint ConcGCThreads                            = 3                                         {product} {ergonomic}
     uint G1ConcRefinementThreads                  = 10                                        {product} {ergonomic}
   size_t G1HeapRegionSize                         = 2097152                                   {product} {ergonomic}
    uintx GCDrainStackTargetSize                   = 64                                        {product} {ergonomic}
   size_t InitialHeapSize                          = 266338304                                 {product} {ergonomic}
   size_t MarkStackSize                            = 4194304                                   {product} {ergonomic}
   size_t MaxHeapSize                              = 4261412864                                {product} {ergonomic}
   size_t MaxNewSize                               = 2556428288                                {product} {ergonomic}
   size_t MinHeapDeltaBytes                        = 2097152                                   {product} {ergonomic}
   size_t MinHeapSize                              = 8388608                                   {product} {ergonomic}
    uintx NonNMethodCodeHeapSize                   = 5839372                                {pd product} {ergonomic}
    uintx NonProfiledCodeHeapSize                  = 122909434                              {pd product} {ergonomic}
    uintx ProfiledCodeHeapSize                     = 122909434                              {pd product} {ergonomic}
    uintx ReservedCodeCacheSize                    = 251658240                              {pd product} {ergonomic}
     bool SegmentedCodeCache                       = true                                      {product} {ergonomic}
     bool ShowCodeDetailsInExceptionMessages       = true                                   {manageable} {command line}
   size_t SoftMaxHeapSize                          = 4261412864                             {manageable} {ergonomic}
     bool UseCompressedClassPointers               = true                           {product lp64_product} {ergonomic}
     bool UseCompressedOops                        = true                           {product lp64_product} {ergonomic}
     bool UseG1GC                                  = true                                      {product} {ergonomic}
     bool UseLargePagesIndividualAllocation        = false                                  {pd product} {ergonomic}

Logging:
Log output configuration:
 #0: stdout all=warning uptime,level,tags foldmultilines=false
 #1: stderr all=off uptime,level,tags foldmultilines=false

Environment Variables:
PATH=C:\Program Files\Common Files\Oracle\Java\javapath;C:\Program Files (x86)\Common Files\Intel\Shared Libraries\redist\intel64\compiler;C:\Windows\system32;C:\Windows;C:\Windows\System32\Wbem;C:\Windows\System32\WindowsPowerShell\v1.0\;C:\Windows\System32\OpenSSH\;C:\Program Files (x86)\NVIDIA Corporation\PhysX\Common;D:\program\Microsoft VS Code\bin;C:\WINDOWS\system32;C:\WINDOWS;C:\WINDOWS\System32\Wbem;C:\WINDOWS\System32\WindowsPowerShell\v1.0\;C:\WINDOWS\System32\OpenSSH\;D:\wamp64\bin\php\php8.2.0;C:\wamp64\bin\mysql\mysql8.0.21\bin;C:\Program Files\Git\cmd;E:\flutter\bin;C:\Dart\dart-sdk\bin;C:\Users\user\AppData\Local\Android\Sdk\bin;C:\Users\user\AppData\Local\Android\Sdk;E:\jdk-19.0.2\bin;C:\Program Files\dotnet\;C:\Program Files\nodejs\;C:\Program Files\PuTTY\;C:\Program Files\SlikSvn\bin;C:\Program Files\TortoiseSVN\bin;C:\Program Files\Docker\Docker\resources\bin;C:\Program Files\Microsoft SQL Server\Client SDK\ODBC\170\Tools\Binn\;C:\Program Files\Microsoft SQL Server\150\Tools\Binn\;C:\Program Files (x86)\Windows Kits\10\Windows Performance Toolkit\;C:\Program Files\Docker\Docker\resources\bin;D:\apps\Azure Data Studio\bin;E:\Go\bin;E:\packages\protoc-25.3-win64\bin;E:\Gradle\gradle-8.7\bin;C:\TDM-GCC-64\bin;E:\app;C:\Users\user\.goenv\bin;C:\Program Files\Common Files\Oracle\Java\javapath;C:\Program Files (x86)\Common Files\Intel\Shared Libraries\redist\intel64\compiler;C:\Windows\system32;C:\Windows;C:\Windows\System32\Wbem;C:\Windows\System32\WindowsPowerShell\v1.0\;C:\Windows\System32\OpenSSH\;C:\Program Files (x86)\NVIDIA Corporation\PhysX\Common;D:\program\Microsoft VS Code\bin;C:\WINDOWS\system32;C:\WINDOWS;C:\WINDOWS\System32\Wbem;C:\WINDOWS\System32\WindowsPowerShell\v1.0\;C:\WINDOWS\System32\OpenSSH\;D:\wamp64\bin\php\php8.2.0;C:\ProgramData\ComposerSetup\bin;C:\wamp64\bin\mysql\mysql8.0.21\bin;C:\Program Files\Git\cmd;E:\flutter\bin;C:\Dart\dart-sdk\bin;C:\Users\user\AppData\Local\Android\Sdk\bin;C:\Users\user\AppData\Local\Android\Sdk;E:\jdk-19.0.2\bin;C:\Program Files\dotnet\;C:\Program Files\nodejs\;C:\Program Files\PuTTY\;C:\Program Files\SlikSvn\bin;C:\Program Files\TortoiseSVN\bin;C:\Program Files\Docker\Docker\resources\bin;C:\Program Files\Microsoft SQL Server\Client SDK\ODBC\170\Tools\Binn\;C:\Prog;C:\Users\user\AppData\Local\Programs\Microsoft VS Code\bin;D:\apps\GnuWin32\bin;C:\Users\user\AppData\Roaming\Composer\vendor\bin;;D:\GoLand 2024.1.4\bin;;C:\Users\user\goenv\bin
USERNAME=user
LANG=en_US.UTF-8
OS=Windows_NT
PROCESSOR_IDENTIFIER=Intel64 Family 6 Model 165 Stepping 2, GenuineIntel
TMP=C:\Users\user\AppData\Local\Temp
TEMP=C:\Users\user\AppData\Local\Temp



---------------  S Y S T E M  ---------------

OS:
 Windows 11 , 64 bit Build 22000 (10.0.22000.2538)
OS uptime: 0 days 22:34 hours
Hyper-V role detected

CPU: total 12 (initial active 12) (6 cores per cpu, 2 threads per core) family 6 model 165 stepping 2 microcode 0xe0, cx8, cmov, fxsr, ht, mmx, 3dnowpref, sse, sse2, sse3, ssse3, sse4.1, sse4.2, popcnt, lzcnt, tsc, tscinvbit, avx, avx2, aes, erms, clmul, bmi1, bmi2, adx, fma, vzeroupper, clflush, clflushopt, hv, rdtscp

Memory: 4k page, system-wide physical 16252M (413M free)
TotalPageFile size 46657M (AvailPageFile size 0M)
current process WorkingSet (physical memory assigned to process): 902M, peak: 906M
current process commit charge ("private bytes"): 1337M, peak: 1348M

vm_info: Java HotSpot(TM) 64-Bit Server VM (19.0.2+7-44) for windows-amd64 JRE (19.0.2+7-44), built on 2022-11-30T18:02:09Z by "mach5one" with MS VC++ 17.1 (VS2022)

END.
