#
# There is insufficient memory for the Java Runtime Environment to continue.
# Native memory allocation (malloc) failed to allocate 644016 bytes for Chunk::new
# Possible reasons:
#   The system is out of physical RAM or swap space
#   The process is running with CompressedOops enabled, and the Java Heap may be blocking the growth of the native heap
# Possible solutions:
#   Reduce memory load on the system
#   Increase physical memory or swap space
#   Check if swap backing store is full
#   Decrease Java heap size (-Xmx/-Xms)
#   Decrease number of Java threads
#   Decrease Java thread stack sizes (-Xss)
#   Set larger code cache with -XX:ReservedCodeCacheSize=
#   JVM is running with Zero Based Compressed Oops mode in which the Java heap is
#     placed in the first 32GB address space. The Java Heap base address is the
#     maximum limit for the native heap growth. Please use -XX:HeapBaseMinAddress
#     to set the Java Heap base and to place the Java Heap above 32GB virtual address.
# This output file may be truncated or incomplete.
#
#  Out of Memory Error (arena.cpp:184), pid=86764, tid=86880
#
# JRE version: Java(TM) SE Runtime Environment (19.0.2+7) (build 19.0.2+7-44)
# Java VM: Java HotSpot(TM) 64-Bit Server VM (19.0.2+7-44, mixed mode, sharing, tiered, compressed oops, compressed class ptrs, g1 gc, windows-amd64)
# No core dump will be written. Minidumps are not enabled by default on client versions of Windows
#

---------------  S U M M A R Y ------------

Command Line: -XX:+ShowCodeDetailsInExceptionMessages gradle.App

Host: Intel(R) Core(TM) i7-10750H CPU @ 2.60GHz, 12 cores, 15G,  Windows 11 , 64 bit Build 22000 (10.0.22000.2538)
Time: Sat Jul 20 22:25:42 2024 Iran Standard Time elapsed time: 15.583106 seconds (0d 0h 0m 15s)

---------------  T H R E A D  ---------------

Current thread (0x0000025a4d984690):  JavaThread "C2 CompilerThread0" daemon [_thread_in_native, id=86880, stack(0x000000b966800000,0x000000b966900000)]


Current CompileTask:
C2:  15583 2971   !   4       javax.swing.RepaintManager::addDirtyRegion0 (205 bytes)

Stack: [0x000000b966800000,0x000000b966900000]
Native frames: (J=compiled Java code, j=interpreted, Vv=VM code, C=native code)
V  [jvm.dll+0x6ee21a]
V  [jvm.dll+0x85765e]
V  [jvm.dll+0x85904e]
V  [jvm.dll+0x859703]
V  [jvm.dll+0x28298f]
V  [jvm.dll+0xc9adf]
V  [jvm.dll+0xc9e65]
V  [jvm.dll+0x2f7caf]
V  [jvm.dll+0x5f076b]
V  [jvm.dll+0x25590c]
V  [jvm.dll+0x24e1a7]
V  [jvm.dll+0x24b673]
V  [jvm.dll+0x1d6ce1]
V  [jvm.dll+0x25b25a]
V  [jvm.dll+0x2596e8]
V  [jvm.dll+0x807588]
V  [jvm.dll+0x80125a]
V  [jvm.dll+0x6ecf0b]
C  [ucrtbase.dll+0x26c0c]
C  [KERNEL32.DLL+0x153e0]
C  [ntdll.dll+0x485b]


---------------  P R O C E S S  ---------------

Threads class SMR info:
_java_thread_list=0x0000025a56ce01d0, length=700, elements={
0x0000025a4d979320, 0x0000025a4d97bf20, 0x0000025a4d97eb20, 0x0000025a4d9807c0,
0x0000025a4d9810f0, 0x0000025a4d981a20, 0x0000025a4d984690, 0x0000025a4d988500,
0x0000025a4d98ce90, 0x0000025a52223aa0, 0x0000025a52232ca0, 0x0000025a52480bc0,
0x0000025a52481100, 0x0000025a52481640, 0x0000025a524a4f80, 0x0000025a2a7c2f90,
0x0000025a52838a10, 0x0000025a527ee280, 0x0000025a52c35090, 0x0000025a52c330b0,
0x0000025a52c33b50, 0x0000025a52c365d0, 0x0000025a52c34b40, 0x0000025a52c355e0,
0x0000025a52c35b30, 0x0000025a52c36080, 0x0000025a52c33600, 0x0000025a52c340a0,
0x0000025a52c345f0, 0x0000025a52c76740, 0x0000025a52c75750, 0x0000025a52c71790,
0x0000025a52c771e0, 0x0000025a52c77c80, 0x0000025a52c78720, 0x0000025a52c72780,
0x0000025a52c75ca0, 0x0000025a52c77730, 0x0000025a52c73cc0, 0x0000025a52c781d0,
0x0000025a52c74cb0, 0x0000025a52c71ce0, 0x0000025a52c72230, 0x0000025a52c761f0,
0x0000025a52c78c70, 0x0000025a52c72cd0, 0x0000025a52c75200, 0x0000025a52c73220,
0x0000025a52c791c0, 0x0000025a52c73770, 0x0000025a52c74210, 0x0000025a52c74760,
0x0000025a570d24d0, 0x0000025a570d54a0, 0x0000025a570d5f40, 0x0000025a570d14e0,
0x0000025a570d2f70, 0x0000025a570d2a20, 0x0000025a570d6490, 0x0000025a570d34c0,
0x0000025a570d4a00, 0x0000025a570d59f0, 0x0000025a570d3a10, 0x0000025a570d4f50,
0x0000025a570d79d0, 0x0000025a570d69e0, 0x0000025a570d7480, 0x0000025a570d3f60,
0x0000025a570d6f30, 0x0000025a570d7f20, 0x0000025a570d04f0, 0x0000025a570d44b0,
0x0000025a570d0a40, 0x0000025a570d0f90, 0x0000025a570d1a30, 0x0000025a570d1f80,
0x0000025a52e6f790, 0x0000025a52e6a7e0, 0x0000025a52e6b280, 0x0000025a52e6ecf0,
0x0000025a52e6cd10, 0x0000025a52e6ad30, 0x0000025a52e6dd00, 0x0000025a52e6e7a0,
0x0000025a52e6b7d0, 0x0000025a52e692a0, 0x0000025a52e6fce0, 0x0000025a52e6d260,
0x0000025a52e6d7b0, 0x0000025a52e6bd20, 0x0000025a52e6e250, 0x0000025a52e68800,
0x0000025a52e6f240, 0x0000025a52e6a290, 0x0000025a52e70230, 0x0000025a52e6c270,
0x0000025a52e68d50, 0x0000025a52e6c7c0, 0x0000025a52e697f0, 0x0000025a52e69d40,
0x0000025a56de4750, 0x0000025a56de7720, 0x0000025a56de1780, 0x0000025a56de0ce0,
0x0000025a56de7c70, 0x0000025a56de0790, 0x0000025a56de71d0, 0x0000025a56de0240,
0x0000025a56de6730, 0x0000025a56de1cd0, 0x0000025a56de4ca0, 0x0000025a56de1230,
0x0000025a56de2770, 0x0000025a56de51f0, 0x0000025a56de2cc0, 0x0000025a56de2220,
0x0000025a56de3210, 0x0000025a56de3760, 0x0000025a56de3cb0, 0x0000025a56de4200,
0x0000025a56de5740, 0x0000025a56de61e0, 0x0000025a56de5c90, 0x0000025a56de6c80,
0x0000025a56c24940, 0x0000025a56c22eb0, 0x0000025a56c27e60, 0x0000025a56c298f0,
0x0000025a56c25e80, 0x0000025a56c28e50, 0x0000025a56c26920, 0x0000025a56c273c0,
0x0000025a56c23400, 0x0000025a56c253e0, 0x0000025a56c29e40, 0x0000025a56c23ea0,
0x0000025a56c25930, 0x0000025a56c23950, 0x0000025a56c283b0, 0x0000025a56c24e90,
0x0000025a56c27910, 0x0000025a56c263d0, 0x0000025a56c243f0, 0x0000025a56c26e70,
0x0000025a56c2a390, 0x0000025a56c28900, 0x0000025a56c293a0, 0x0000025a56c2a8e0,
0x0000025a56df3d20, 0x0000025a56df37d0, 0x0000025a56df8cd0, 0x0000025a56df4270,
0x0000025a56df12a0, 0x0000025a56df3280, 0x0000025a56df6cf0, 0x0000025a56df17f0,
0x0000025a56df7ce0, 0x0000025a56df27e0, 0x0000025a56df2d30, 0x0000025a56df5d00,
0x0000025a56df7240, 0x0000025a56df67a0, 0x0000025a56df7790, 0x0000025a56df5260,
0x0000025a56df2290, 0x0000025a56df8230, 0x0000025a56df57b0, 0x0000025a56df8780,
0x0000025a56df1d40, 0x0000025a56df47c0, 0x0000025a56df4d10, 0x0000025a56df6250,
0x0000025a5678f330, 0x0000025a5678f880, 0x0000025a5678c8b0, 0x0000025a56791310,
0x0000025a56791db0, 0x0000025a5678c360, 0x0000025a5678ede0, 0x0000025a5678ae20,
0x0000025a5678fdd0, 0x0000025a5678e340, 0x0000025a5678ddf0, 0x0000025a56792300,
0x0000025a56791860, 0x0000025a56790dc0, 0x0000025a56790320, 0x0000025a5678d350,
0x0000025a56790870, 0x0000025a56792850, 0x0000025a5678b370, 0x0000025a5678d8a0,
0x0000025a5678b8c0, 0x0000025a5678be10, 0x0000025a5678e890, 0x0000025a5678ce00,
0x0000025a572998d0, 0x0000025a5729a370, 0x0000025a57298e30, 0x0000025a572953c0,
0x0000025a572988e0, 0x0000025a57299e20, 0x0000025a57294e70, 0x0000025a57299380,
0x0000025a5729a8c0, 0x0000025a57296900, 0x0000025a5729ae10, 0x0000025a57293e80,
0x0000025a57293930, 0x0000025a57296e50, 0x0000025a572933e0, 0x0000025a572943d0,
0x0000025a57294920, 0x0000025a57295910, 0x0000025a57295e60, 0x0000025a572963b0,
0x0000025a572973a0, 0x0000025a572978f0, 0x0000025a57297e40, 0x0000025a57298390,
0x0000025a529474d0, 0x0000025a52947a20, 0x0000025a52946a30, 0x0000025a52946f80,
0x0000025a52947f70, 0x0000025a5294a4a0, 0x0000025a5294a9f0, 0x0000025a52948f60,
0x0000025a5294af40, 0x0000025a5294b490, 0x0000025a529454f0, 0x0000025a52944fa0,
0x0000025a529484c0, 0x0000025a5294b9e0, 0x0000025a52944a50, 0x0000025a52949a00,
0x0000025a52949f50, 0x0000025a5294bf30, 0x0000025a52948a10, 0x0000025a529464e0,
0x0000025a52945a40, 0x0000025a529494b0, 0x0000025a52945f90, 0x0000025a52944500,
0x0000025a52950ee0, 0x0000025a5294f450, 0x0000025a5294e460, 0x0000025a52953eb0,
0x0000025a5294f9a0, 0x0000025a52950440, 0x0000025a5294e9b0, 0x0000025a5294c480,
0x0000025a5294d470, 0x0000025a52952970, 0x0000025a5294fef0, 0x0000025a5294c9d0,
0x0000025a52951430, 0x0000025a52951ed0, 0x0000025a5294ef00, 0x0000025a5294cf20,
0x0000025a52952ec0, 0x0000025a52953410, 0x0000025a5294d9c0, 0x0000025a52952420,
0x0000025a52953960, 0x0000025a52950990, 0x0000025a52951980, 0x0000025a5294df10,
0x0000025a56a4f010, 0x0000025a56a4a060, 0x0000025a56a49b10, 0x0000025a56a4f560,
0x0000025a56a4fab0, 0x0000025a56a48080, 0x0000025a56a49070, 0x0000025a56a50000,
0x0000025a56a4b050, 0x0000025a56a485d0, 0x0000025a56a4e570, 0x0000025a56a4cae0,
0x0000025a56a4dad0, 0x0000025a56a4eac0, 0x0000025a56a48b20, 0x0000025a56a50550,
0x0000025a56a50aa0, 0x0000025a56a50ff0, 0x0000025a56a495c0, 0x0000025a56a51540,
0x0000025a56a4baf0, 0x0000025a56a4e020, 0x0000025a56a51a90, 0x0000025a56a51fe0,
0x0000025a56a4a5b0, 0x0000025a56a4d030, 0x0000025a56a52530, 0x0000025a56a4ab00,
0x0000025a56a52a80, 0x0000025a56a52fd0, 0x0000025a56a4b5a0, 0x0000025a56a53520,
0x0000025a56a53a70, 0x0000025a56a4c040, 0x0000025a56a53fc0, 0x0000025a56a4c590,
0x0000025a56a54510, 0x0000025a56a54a60, 0x0000025a56a54fb0, 0x0000025a56a4d580,
0x0000025a56a55500, 0x0000025a56a55a50, 0x0000025a56a55fa0, 0x0000025a56a564f0,
0x0000025a56a56a40, 0x0000025a56a56f90, 0x0000025a56a574e0, 0x0000025a56a57a30,
0x0000025a52bd5a70, 0x0000025a52bd3540, 0x0000025a52bd4530, 0x0000025a52bd6a60,
0x0000025a52bd6510, 0x0000025a52bd1ab0, 0x0000025a52bd8f90, 0x0000025a52bd6fb0,
0x0000025a52bd2000, 0x0000025a52bd9f80, 0x0000025a52bd84f0, 0x0000025a52bd7a50,
0x0000025a52bd7fa0, 0x0000025a52bd94e0, 0x0000025a52bd8a40, 0x0000025a52bd9a30,
0x0000025a52bd7500, 0x0000025a52bd5fc0, 0x0000025a52bd2550, 0x0000025a52bda4d0,
0x0000025a52bd2aa0, 0x0000025a52bdaa20, 0x0000025a52bd2ff0, 0x0000025a52bd3fe0,
0x0000025a52bdaf70, 0x0000025a52bd4a80, 0x0000025a52bdb4c0, 0x0000025a52bd3a90,
0x0000025a52bdba10, 0x0000025a52bdbf60, 0x0000025a52bdc4b0, 0x0000025a52bdca00,
0x0000025a52bd4fd0, 0x0000025a52bdcf50, 0x0000025a52bd5520, 0x0000025a52bdd4a0,
0x0000025a52be0470, 0x0000025a52bdd9f0, 0x0000025a52bddf40, 0x0000025a52bde490,
0x0000025a52bde9e0, 0x0000025a52bdef30, 0x0000025a52be09c0, 0x0000025a52bdf480,
0x0000025a52bdf9d0, 0x0000025a52bdff20, 0x0000025a52be0f10, 0x0000025a52be1460,
0x0000025a578f0270, 0x0000025a578f07c0, 0x0000025a578ed2a0, 0x0000025a578f0d10,
0x0000025a578ef7d0, 0x0000025a578f3240, 0x0000025a578f1260, 0x0000025a578efd20,
0x0000025a578f5220, 0x0000025a578f17b0, 0x0000025a578f4cd0, 0x0000025a578ed7f0,
0x0000025a578f1d00, 0x0000025a578f2250, 0x0000025a578f5770, 0x0000025a578edd40,
0x0000025a578ef280, 0x0000025a578eed30, 0x0000025a578f27a0, 0x0000025a578ee290,
0x0000025a578f2cf0, 0x0000025a578f3790, 0x0000025a578f5cc0, 0x0000025a578f4230,
0x0000025a578f6210, 0x0000025a578ee7e0, 0x0000025a578fb1c0, 0x0000025a578f9c80,
0x0000025a578f81f0, 0x0000025a578f7ca0, 0x0000025a578fb710, 0x0000025a578f7200,
0x0000025a578f6760, 0x0000025a578f7750, 0x0000025a578f6cb0, 0x0000025a578f8740,
0x0000025a578f8c90, 0x0000025a578f91e0, 0x0000025a578f9730, 0x0000025a578fa1d0,
0x0000025a578f3ce0, 0x0000025a578fbc60, 0x0000025a578fa720, 0x0000025a578fac70,
0x0000025a578fc1b0, 0x0000025a578f4780, 0x0000025a578fc700, 0x0000025a578fcc50,
0x0000025a564f79f0, 0x0000025a564f8490, 0x0000025a564fb9b0, 0x0000025a564f8f30,
0x0000025a564fd440, 0x0000025a564f7f40, 0x0000025a564f89e0, 0x0000025a564f99d0,
0x0000025a56500410, 0x0000025a56500960, 0x0000025a564ff970, 0x0000025a56500eb0,
0x0000025a564f9480, 0x0000025a564fdee0, 0x0000025a564fe980, 0x0000025a564faf10,
0x0000025a564ffec0, 0x0000025a564fd990, 0x0000025a564fc9a0, 0x0000025a564f9f20,
0x0000025a56501400, 0x0000025a564fcef0, 0x0000025a56501950, 0x0000025a564feed0,
0x0000025a56501ea0, 0x0000025a564fbf00, 0x0000025a564fa9c0, 0x0000025a564fe430,
0x0000025a564fa470, 0x0000025a565023f0, 0x0000025a56502940, 0x0000025a56502e90,
0x0000025a564fc450, 0x0000025a564fb460, 0x0000025a56508390, 0x0000025a56504920,
0x0000025a56509e20, 0x0000025a56503930, 0x0000025a565063b0, 0x0000025a56509380,
0x0000025a56503e80, 0x0000025a565088e0, 0x0000025a565043d0, 0x0000025a56504e70,
0x0000025a56506e50, 0x0000025a56505e60, 0x0000025a565053c0, 0x0000025a565033e0,
0x0000025a56506900, 0x0000025a5650ae10, 0x0000025a56507e40, 0x0000025a5650b8b0,
0x0000025a5650b360, 0x0000025a565073a0, 0x0000025a5650a370, 0x0000025a565078f0,
0x0000025a56508e30, 0x0000025a5650a8c0, 0x0000025a5650be00, 0x0000025a565098d0,
0x0000025a5650c350, 0x0000025a5650c8a0, 0x0000025a56505910, 0x0000025a56510860,
0x0000025a56510db0, 0x0000025a5650edd0, 0x0000025a565122f0, 0x0000025a565142d0,
0x0000025a56510310, 0x0000025a56513d80, 0x0000025a56511300, 0x0000025a56511850,
0x0000025a56511da0, 0x0000025a5650dde0, 0x0000025a56514820, 0x0000025a56512840,
0x0000025a5650cdf0, 0x0000025a56514d70, 0x0000025a56513830, 0x0000025a56512d90,
0x0000025a5650d340, 0x0000025a5650d890, 0x0000025a5650e330, 0x0000025a565132e0,
0x0000025a565162b0, 0x0000025a56515810, 0x0000025a565152c0, 0x0000025a56515d60,
0x0000025a5650e880, 0x0000025a56516800, 0x0000025a56516d50, 0x0000025a5650f320,
0x0000025a5650f870, 0x0000025a565172a0, 0x0000025a5650fdc0, 0x0000025a577f80b0,
0x0000025a577fbb20, 0x0000025a577fcb10, 0x0000025a577fb080, 0x0000025a577f9b40,
0x0000025a577f8600, 0x0000025a577fa090, 0x0000025a577f8b50, 0x0000025a577fab30,
0x0000025a57800030, 0x0000025a57800ad0, 0x0000025a577fdb00, 0x0000025a577f90a0,
0x0000025a577fc070, 0x0000025a577f95f0, 0x0000025a57801020, 0x0000025a577fd060,
0x0000025a577fd5b0, 0x0000025a577fe050, 0x0000025a57801570, 0x0000025a577fc5c0,
0x0000025a577fa5e0, 0x0000025a57801ac0, 0x0000025a57803000, 0x0000025a577feaf0,
0x0000025a577fe5a0, 0x0000025a57802ab0, 0x0000025a577ff040, 0x0000025a577ff590,
0x0000025a57802010, 0x0000025a57802560, 0x0000025a577ffae0, 0x0000025a57800580,
0x0000025a577fb5d0, 0x0000025a578094f0, 0x0000025a57806fc0, 0x0000025a57807fb0,
0x0000025a57809a40, 0x0000025a57803550, 0x0000025a57808500, 0x0000025a57805a80,
0x0000025a57808a50, 0x0000025a57807a60, 0x0000025a57806a70, 0x0000025a57808fa0,
0x0000025a57804a90, 0x0000025a57809f90, 0x0000025a57805fd0, 0x0000025a5780a4e0,
0x0000025a5780aa30, 0x0000025a5780b4d0, 0x0000025a57804540, 0x0000025a57807510,
0x0000025a57805530, 0x0000025a5780af80, 0x0000025a57803aa0, 0x0000025a5780ba20,
0x0000025a57803ff0, 0x0000025a57804fe0, 0x0000025a5780bf70, 0x0000025a5780c4c0,
0x0000025a5780ca10, 0x0000025a5780cf60, 0x0000025a57806520, 0x0000025a5780f490,
0x0000025a578139a0, 0x0000025a57812460, 0x0000025a57814ee0, 0x0000025a57814440,
0x0000025a5780f9e0, 0x0000025a57814990, 0x0000025a5780ff30, 0x0000025a57811470,
0x0000025a5780d4b0, 0x0000025a5780ef40, 0x0000025a57810480, 0x0000025a578129b0,
0x0000025a578119c0, 0x0000025a57811f10, 0x0000025a578109d0, 0x0000025a57812f00,
0x0000025a57813ef0, 0x0000025a57810f20, 0x0000025a57813450, 0x0000025a57815430,
0x0000025a5780da00, 0x0000025a5780e4a0, 0x0000025a57815980, 0x0000025a5780df50,
0x0000025a57815ed0, 0x0000025a5780e9f0, 0x0000025a57816420, 0x0000025a57816970,
0x0000025a57816ec0, 0x0000025a57817410, 0x0000025a57817960, 0x0000025a56cd2190,
0x0000025a56cd01b0, 0x0000025a56ccd730, 0x0000025a56ccbca0, 0x0000025a56cd2c30,
0x0000025a56cd3180, 0x0000025a56cd0c50, 0x0000025a56ccb750, 0x0000025a56ccc740,
0x0000025a56cd1c40, 0x0000025a56ccfc60, 0x0000025a56ccd1e0, 0x0000025a56cd36d0,
0x0000025a56ccdc80, 0x0000025a56cccc90, 0x0000025a56cce1d0, 0x0000025a56cd0700,
0x0000025a56ccf1c0, 0x0000025a56cce720, 0x0000025a56ccec70, 0x0000025a56cd26e0,
0x0000025a56cd11a0, 0x0000025a56cd3c20, 0x0000025a56ccf710, 0x0000025a56ccc1f0,
0x0000025a56cd4170, 0x0000025a56cd46c0, 0x0000025a56cd16f0, 0x0000025a56cd4c10,
0x0000025a56cd5160, 0x0000025a56cd56b0, 0x0000025a56cd5c00, 0x0000025a56cbc2f0,
0x0000025a56cb68a0, 0x0000025a56cb6df0, 0x0000025a56cb7340, 0x0000025a56cbd830,
0x0000025a56cb6350, 0x0000025a56cb7890, 0x0000025a56cbb850, 0x0000025a56cbc840,
0x0000025a56cb9870, 0x0000025a56cbadb0, 0x0000025a56cbbda0, 0x0000025a56cbcd90,
0x0000025a56cb9dc0, 0x0000025a56cb8880, 0x0000025a56cbe2d0, 0x0000025a56cb7de0,
0x0000025a56cbd2e0, 0x0000025a56cbdd80, 0x0000025a56cb8dd0, 0x0000025a56cb9320,
0x0000025a56cbe820, 0x0000025a56cbed70, 0x0000025a56cba310, 0x0000025a56cbf2c0,
0x0000025a56cbf810, 0x0000025a56cbfd60, 0x0000025a56cba860, 0x0000025a56cbb300,
0x0000025a56cb8330, 0x0000025a56cc3d20, 0x0000025a56cc67a0, 0x0000025a56cc6250,
0x0000025a56cc6cf0, 0x0000025a56cc57b0, 0x0000025a56cc17f0, 0x0000025a56cc1d40,
0x0000025a56cc7240, 0x0000025a56cc0800, 0x0000025a56cc5d00, 0x0000025a56cc3280,
0x0000025a56cc37d0, 0x0000025a56cc7790, 0x0000025a56cc4d10, 0x0000025a56cc4270,
0x0000025a56cc47c0, 0x0000025a56cc7ce0, 0x0000025a56cc02b0, 0x0000025a56cc2290,
0x0000025a56cc27e0, 0x0000025a56cc5260, 0x0000025a56cc8230, 0x0000025a56cc8780,
0x0000025a56cc0d50, 0x0000025a56cc8cd0, 0x0000025a56cc12a0, 0x0000025a56cc9220,
0x0000025a56cc9770, 0x0000025a56cc9cc0, 0x0000025a56cca210, 0x0000025a56cca760,
0x0000025a56cc2d30, 0x0000025a56ccacb0, 0x0000025a56ccb200, 0x0000025a56b68a40
}

Java Threads: ( => current thread )
  0x0000025a4d979320 JavaThread "Reference Handler" daemon [_thread_blocked, id=86456, stack(0x000000b966200000,0x000000b966300000)]
  0x0000025a4d97bf20 JavaThread "Finalizer" daemon [_thread_blocked, id=77684, stack(0x000000b966300000,0x000000b966400000)]
  0x0000025a4d97eb20 JavaThread "Signal Dispatcher" daemon [_thread_blocked, id=50552, stack(0x000000b966400000,0x000000b966500000)]
  0x0000025a4d9807c0 JavaThread "Attach Listener" daemon [_thread_blocked, id=80112, stack(0x000000b966500000,0x000000b966600000)]
  0x0000025a4d9810f0 JavaThread "Service Thread" daemon [_thread_blocked, id=82632, stack(0x000000b966600000,0x000000b966700000)]
  0x0000025a4d981a20 JavaThread "Monitor Deflation Thread" daemon [_thread_blocked, id=86240, stack(0x000000b966700000,0x000000b966800000)]
=>0x0000025a4d984690 JavaThread "C2 CompilerThread0" daemon [_thread_in_native, id=86880, stack(0x000000b966800000,0x000000b966900000)]
  0x0000025a4d988500 JavaThread "C1 CompilerThread0" daemon [_thread_blocked, id=61652, stack(0x000000b966900000,0x000000b966a00000)]
  0x0000025a4d98ce90 JavaThread "Sweeper thread" daemon [_thread_blocked, id=81624, stack(0x000000b966a00000,0x000000b966b00000)]
  0x0000025a52223aa0 JavaThread "Notification Thread" daemon [_thread_blocked, id=86364, stack(0x000000b966b00000,0x000000b966c00000)]
  0x0000025a52232ca0 JavaThread "Common-Cleaner" daemon [_thread_blocked, id=86820, stack(0x000000b966d00000,0x000000b966e00000)]
  0x0000025a52480bc0 JavaThread "Java2D Disposer" daemon [_thread_blocked, id=83472, stack(0x000000b966e00000,0x000000b966f00000)]
  0x0000025a52481100 JavaThread "AWT-Shutdown" [_thread_blocked, id=56980, stack(0x000000b966f00000,0x000000b967000000)]
  0x0000025a52481640 JavaThread "AWT-Windows" daemon [_thread_in_native, id=85124, stack(0x000000b967000000,0x000000b967100000)]
  0x0000025a524a4f80 JavaThread "AWT-EventQueue-0" [_thread_in_native, id=83452, stack(0x000000b967100000,0x000000b967200000)]
  0x0000025a2a7c2f90 JavaThread "DestroyJavaVM" [_thread_blocked, id=86956, stack(0x000000b965b00000,0x000000b965c00000)]
  0x0000025a52838a10 JavaThread "Java Sound Event Dispatcher" daemon [_thread_blocked, id=62968, stack(0x000000b967400000,0x000000b967500000)]
  0x0000025a527ee280 JavaThread "Direct Clip" daemon [_thread_blocked, id=64288, stack(0x000000b967800000,0x000000b967900000)]
  0x0000025a52c35090 JavaThread "TimerQueue" daemon [_thread_blocked, id=81884, stack(0x000000b967c00000,0x000000b967d00000)]
  0x0000025a52c330b0 JavaThread "Thread-0" [_thread_blocked, id=86748, stack(0x000000b967d00000,0x000000b967e00000)]
  0x0000025a52c33b50 JavaThread "Thread-1" [_thread_blocked, id=86500, stack(0x000000b967e00000,0x000000b967f00000)]
  0x0000025a52c365d0 JavaThread "Thread-2" [_thread_blocked, id=84316, stack(0x000000b967f00000,0x000000b968000000)]
  0x0000025a52c34b40 JavaThread "Thread-3" [_thread_blocked, id=75064, stack(0x000000b968000000,0x000000b968100000)]
  0x0000025a52c355e0 JavaThread "Thread-4" [_thread_blocked, id=79364, stack(0x000000b968100000,0x000000b968200000)]
  0x0000025a52c35b30 JavaThread "Thread-5" [_thread_blocked, id=85640, stack(0x000000b968200000,0x000000b968300000)]
  0x0000025a52c36080 JavaThread "Thread-6" [_thread_blocked, id=80584, stack(0x000000b968300000,0x000000b968400000)]
  0x0000025a52c33600 JavaThread "Thread-7" [_thread_blocked, id=82220, stack(0x000000b968400000,0x000000b968500000)]
  0x0000025a52c340a0 JavaThread "Thread-8" [_thread_blocked, id=81936, stack(0x000000b968500000,0x000000b968600000)]
  0x0000025a52c345f0 JavaThread "Thread-9" [_thread_blocked, id=82948, stack(0x000000b968600000,0x000000b968700000)]
  0x0000025a52c76740 JavaThread "Thread-10" [_thread_blocked, id=81660, stack(0x000000b968700000,0x000000b968800000)]
  0x0000025a52c75750 JavaThread "Thread-12" [_thread_blocked, id=82532, stack(0x000000b968900000,0x000000b968a00000)]
  0x0000025a52c71790 JavaThread "pool-1-thread-1" [_thread_blocked, id=67924, stack(0x000000b968a00000,0x000000b968b00000)]
  0x0000025a52c771e0 JavaThread "Direct Clip" daemon [_thread_blocked, id=86752, stack(0x000000b969500000,0x000000b969600000)]
  0x0000025a52c77c80 JavaThread "Direct Clip" daemon [_thread_blocked, id=86176, stack(0x000000b969600000,0x000000b969700000)]
  0x0000025a52c78720 JavaThread "Direct Clip" daemon [_thread_blocked, id=86840, stack(0x000000b969700000,0x000000b969800000)]
  0x0000025a52c72780 JavaThread "Direct Clip" daemon [_thread_blocked, id=55084, stack(0x000000b969800000,0x000000b969900000)]
  0x0000025a52c75ca0 JavaThread "Direct Clip" daemon [_thread_blocked, id=86980, stack(0x000000b969900000,0x000000b969a00000)]
  0x0000025a52c77730 JavaThread "Direct Clip" daemon [_thread_blocked, id=86112, stack(0x000000b969400000,0x000000b969500000)]
  0x0000025a52c73cc0 JavaThread "Direct Clip" daemon [_thread_blocked, id=82980, stack(0x000000b969a00000,0x000000b969b00000)]
  0x0000025a52c781d0 JavaThread "Direct Clip" daemon [_thread_blocked, id=83724, stack(0x000000b969b00000,0x000000b969c00000)]
  0x0000025a52c74cb0 JavaThread "Direct Clip" daemon [_thread_blocked, id=65572, stack(0x000000b969c00000,0x000000b969d00000)]
  0x0000025a52c71ce0 JavaThread "Direct Clip" daemon [_thread_blocked, id=83244, stack(0x000000b969d00000,0x000000b969e00000)]
  0x0000025a52c72230 JavaThread "Direct Clip" daemon [_thread_blocked, id=82116, stack(0x000000b969e00000,0x000000b969f00000)]
  0x0000025a52c761f0 JavaThread "Direct Clip" daemon [_thread_blocked, id=83872, stack(0x000000b969f00000,0x000000b96a000000)]
  0x0000025a52c78c70 JavaThread "Direct Clip" daemon [_thread_blocked, id=83476, stack(0x000000b96a000000,0x000000b96a100000)]
  0x0000025a52c72cd0 JavaThread "Direct Clip" daemon [_thread_blocked, id=76776, stack(0x000000b96a100000,0x000000b96a200000)]
  0x0000025a52c75200 JavaThread "Direct Clip" daemon [_thread_blocked, id=76372, stack(0x000000b96a200000,0x000000b96a300000)]
  0x0000025a52c73220 JavaThread "Direct Clip" daemon [_thread_blocked, id=32324, stack(0x000000b96a300000,0x000000b96a400000)]
  0x0000025a52c791c0 JavaThread "Direct Clip" daemon [_thread_blocked, id=69348, stack(0x000000b96a400000,0x000000b96a500000)]
  0x0000025a52c73770 JavaThread "Direct Clip" daemon [_thread_blocked, id=85264, stack(0x000000b96a500000,0x000000b96a600000)]
  0x0000025a52c74210 JavaThread "Direct Clip" daemon [_thread_blocked, id=78904, stack(0x000000b96a600000,0x000000b96a700000)]
  0x0000025a52c74760 JavaThread "Direct Clip" daemon [_thread_blocked, id=84964, stack(0x000000b96a700000,0x000000b96a800000)]
  0x0000025a570d24d0 JavaThread "Direct Clip" daemon [_thread_blocked, id=86008, stack(0x000000b96a800000,0x000000b96a900000)]
  0x0000025a570d54a0 JavaThread "Direct Clip" daemon [_thread_blocked, id=79936, stack(0x000000b96a900000,0x000000b96aa00000)]
  0x0000025a570d5f40 JavaThread "Direct Clip" daemon [_thread_blocked, id=86024, stack(0x000000b96aa00000,0x000000b96ab00000)]
  0x0000025a570d14e0 JavaThread "Direct Clip" daemon [_thread_blocked, id=77236, stack(0x000000b96ab00000,0x000000b96ac00000)]
  0x0000025a570d2f70 JavaThread "Direct Clip" daemon [_thread_blocked, id=84108, stack(0x000000b96ac00000,0x000000b96ad00000)]
  0x0000025a570d2a20 JavaThread "Direct Clip" daemon [_thread_blocked, id=84180, stack(0x000000b96ad00000,0x000000b96ae00000)]
  0x0000025a570d6490 JavaThread "Direct Clip" daemon [_thread_blocked, id=75340, stack(0x000000b96ae00000,0x000000b96af00000)]
  0x0000025a570d34c0 JavaThread "Direct Clip" daemon [_thread_blocked, id=85444, stack(0x000000b96af00000,0x000000b96b000000)]
  0x0000025a570d4a00 JavaThread "Direct Clip" daemon [_thread_blocked, id=86664, stack(0x000000b96b000000,0x000000b96b100000)]
  0x0000025a570d59f0 JavaThread "Direct Clip" daemon [_thread_blocked, id=85396, stack(0x000000b96b100000,0x000000b96b200000)]
  0x0000025a570d3a10 JavaThread "Direct Clip" daemon [_thread_blocked, id=84528, stack(0x000000b96b200000,0x000000b96b300000)]
  0x0000025a570d4f50 JavaThread "Direct Clip" daemon [_thread_blocked, id=86884, stack(0x000000b96b300000,0x000000b96b400000)]
  0x0000025a570d79d0 JavaThread "Direct Clip" daemon [_thread_blocked, id=86260, stack(0x000000b96b400000,0x000000b96b500000)]
  0x0000025a570d69e0 JavaThread "Direct Clip" daemon [_thread_blocked, id=85260, stack(0x000000b96b500000,0x000000b96b600000)]
  0x0000025a570d7480 JavaThread "Direct Clip" daemon [_thread_blocked, id=86408, stack(0x000000b96b600000,0x000000b96b700000)]
  0x0000025a570d3f60 JavaThread "Direct Clip" daemon [_thread_blocked, id=86760, stack(0x000000b96b700000,0x000000b96b800000)]
  0x0000025a570d6f30 JavaThread "Direct Clip" daemon [_thread_blocked, id=80228, stack(0x000000b96b800000,0x000000b96b900000)]
  0x0000025a570d7f20 JavaThread "Direct Clip" daemon [_thread_blocked, id=77104, stack(0x000000b96b900000,0x000000b96ba00000)]
  0x0000025a570d04f0 JavaThread "Direct Clip" daemon [_thread_blocked, id=86924, stack(0x000000b96ba00000,0x000000b96bb00000)]
  0x0000025a570d44b0 JavaThread "Direct Clip" daemon [_thread_blocked, id=79864, stack(0x000000b96bb00000,0x000000b96bc00000)]
  0x0000025a570d0a40 JavaThread "Direct Clip" daemon [_thread_blocked, id=86940, stack(0x000000b96bc00000,0x000000b96bd00000)]
  0x0000025a570d0f90 JavaThread "Direct Clip" daemon [_thread_blocked, id=79924, stack(0x000000b96bd00000,0x000000b96be00000)]
  0x0000025a570d1a30 JavaThread "Direct Clip" daemon [_thread_blocked, id=82072, stack(0x000000b96be00000,0x000000b96bf00000)]
  0x0000025a570d1f80 JavaThread "Direct Clip" daemon [_thread_blocked, id=82068, stack(0x000000b96bf00000,0x000000b96c000000)]
  0x0000025a52e6f790 JavaThread "Direct Clip" daemon [_thread_blocked, id=70456, stack(0x000000b96c000000,0x000000b96c100000)]
  0x0000025a52e6a7e0 JavaThread "Direct Clip" daemon [_thread_blocked, id=77744, stack(0x000000b96c100000,0x000000b96c200000)]
  0x0000025a52e6b280 JavaThread "Direct Clip" daemon [_thread_blocked, id=77352, stack(0x000000b96c200000,0x000000b96c300000)]
  0x0000025a52e6ecf0 JavaThread "Direct Clip" daemon [_thread_blocked, id=71280, stack(0x000000b96c300000,0x000000b96c400000)]
  0x0000025a52e6cd10 JavaThread "Direct Clip" daemon [_thread_blocked, id=77692, stack(0x000000b96c400000,0x000000b96c500000)]
  0x0000025a52e6ad30 JavaThread "Direct Clip" daemon [_thread_blocked, id=84012, stack(0x000000b96c500000,0x000000b96c600000)]
  0x0000025a52e6dd00 JavaThread "Direct Clip" daemon [_thread_blocked, id=74940, stack(0x000000b96c600000,0x000000b96c700000)]
  0x0000025a52e6e7a0 JavaThread "Direct Clip" daemon [_thread_blocked, id=82748, stack(0x000000b96c700000,0x000000b96c800000)]
  0x0000025a52e6b7d0 JavaThread "Direct Clip" daemon [_thread_blocked, id=79696, stack(0x000000b96c800000,0x000000b96c900000)]
  0x0000025a52e692a0 JavaThread "Direct Clip" daemon [_thread_blocked, id=86360, stack(0x000000b96c900000,0x000000b96ca00000)]
  0x0000025a52e6fce0 JavaThread "Direct Clip" daemon [_thread_blocked, id=76392, stack(0x000000b96ca00000,0x000000b96cb00000)]
  0x0000025a52e6d260 JavaThread "Direct Clip" daemon [_thread_blocked, id=84548, stack(0x000000b96cb00000,0x000000b96cc00000)]
  0x0000025a52e6d7b0 JavaThread "Direct Clip" daemon [_thread_blocked, id=84356, stack(0x000000b96cc00000,0x000000b96cd00000)]
  0x0000025a52e6bd20 JavaThread "Direct Clip" daemon [_thread_blocked, id=77988, stack(0x000000b96cd00000,0x000000b96ce00000)]
  0x0000025a52e6e250 JavaThread "Direct Clip" daemon [_thread_blocked, id=71196, stack(0x000000b96ce00000,0x000000b96cf00000)]
  0x0000025a52e68800 JavaThread "Direct Clip" daemon [_thread_blocked, id=77856, stack(0x000000b96cf00000,0x000000b96d000000)]
  0x0000025a52e6f240 JavaThread "Direct Clip" daemon [_thread_blocked, id=86596, stack(0x000000b96d000000,0x000000b96d100000)]
  0x0000025a52e6a290 JavaThread "Direct Clip" daemon [_thread_blocked, id=85652, stack(0x000000b96d100000,0x000000b96d200000)]
  0x0000025a52e70230 JavaThread "Direct Clip" daemon [_thread_blocked, id=84796, stack(0x000000b96d200000,0x000000b96d300000)]
  0x0000025a52e6c270 JavaThread "Direct Clip" daemon [_thread_blocked, id=83700, stack(0x000000b96d300000,0x000000b96d400000)]
  0x0000025a52e68d50 JavaThread "Direct Clip" daemon [_thread_blocked, id=87000, stack(0x000000b96d400000,0x000000b96d500000)]
  0x0000025a52e6c7c0 JavaThread "Direct Clip" daemon [_thread_blocked, id=84792, stack(0x000000b96d500000,0x000000b96d600000)]
  0x0000025a52e697f0 JavaThread "Direct Clip" daemon [_thread_blocked, id=86284, stack(0x000000b96d600000,0x000000b96d700000)]
  0x0000025a52e69d40 JavaThread "Direct Clip" daemon [_thread_blocked, id=86872, stack(0x000000b96d700000,0x000000b96d800000)]
  0x0000025a56de4750 JavaThread "Direct Clip" daemon [_thread_blocked, id=85184, stack(0x000000b96d800000,0x000000b96d900000)]
  0x0000025a56de7720 JavaThread "Direct Clip" daemon [_thread_blocked, id=84240, stack(0x000000b96d900000,0x000000b96da00000)]
  0x0000025a56de1780 JavaThread "Direct Clip" daemon [_thread_blocked, id=85800, stack(0x000000b96da00000,0x000000b96db00000)]
  0x0000025a56de0ce0 JavaThread "Direct Clip" daemon [_thread_blocked, id=86252, stack(0x000000b96db00000,0x000000b96dc00000)]
  0x0000025a56de7c70 JavaThread "Direct Clip" daemon [_thread_blocked, id=65988, stack(0x000000b96dc00000,0x000000b96dd00000)]
  0x0000025a56de0790 JavaThread "Direct Clip" daemon [_thread_blocked, id=86172, stack(0x000000b96dd00000,0x000000b96de00000)]
  0x0000025a56de71d0 JavaThread "Direct Clip" daemon [_thread_blocked, id=75652, stack(0x000000b96de00000,0x000000b96df00000)]
  0x0000025a56de0240 JavaThread "Direct Clip" daemon [_thread_blocked, id=84712, stack(0x000000b96df00000,0x000000b96e000000)]
  0x0000025a56de6730 JavaThread "Direct Clip" daemon [_thread_blocked, id=83024, stack(0x000000b96e000000,0x000000b96e100000)]
  0x0000025a56de1cd0 JavaThread "Direct Clip" daemon [_thread_blocked, id=84608, stack(0x000000b96e100000,0x000000b96e200000)]
  0x0000025a56de4ca0 JavaThread "Direct Clip" daemon [_thread_blocked, id=86688, stack(0x000000b96e200000,0x000000b96e300000)]
  0x0000025a56de1230 JavaThread "Direct Clip" daemon [_thread_blocked, id=86448, stack(0x000000b96e300000,0x000000b96e400000)]
  0x0000025a56de2770 JavaThread "Direct Clip" daemon [_thread_blocked, id=80556, stack(0x000000b96e400000,0x000000b96e500000)]
  0x0000025a56de51f0 JavaThread "Direct Clip" daemon [_thread_blocked, id=86396, stack(0x000000b96e500000,0x000000b96e600000)]
  0x0000025a56de2cc0 JavaThread "Direct Clip" daemon [_thread_blocked, id=79052, stack(0x000000b96e600000,0x000000b96e700000)]
  0x0000025a56de2220 JavaThread "Direct Clip" daemon [_thread_blocked, id=85552, stack(0x000000b96e700000,0x000000b96e800000)]
  0x0000025a56de3210 JavaThread "Direct Clip" daemon [_thread_blocked, id=80412, stack(0x000000b96e800000,0x000000b96e900000)]
  0x0000025a56de3760 JavaThread "Direct Clip" daemon [_thread_blocked, id=70092, stack(0x000000b96e900000,0x000000b96ea00000)]
  0x0000025a56de3cb0 JavaThread "Direct Clip" daemon [_thread_blocked, id=76084, stack(0x000000b96ea00000,0x000000b96eb00000)]
  0x0000025a56de4200 JavaThread "Direct Clip" daemon [_thread_blocked, id=85728, stack(0x000000b96eb00000,0x000000b96ec00000)]
  0x0000025a56de5740 JavaThread "Direct Clip" daemon [_thread_blocked, id=86288, stack(0x000000b96ec00000,0x000000b96ed00000)]
  0x0000025a56de61e0 JavaThread "Direct Clip" daemon [_thread_blocked, id=79772, stack(0x000000b96ed00000,0x000000b96ee00000)]
  0x0000025a56de5c90 JavaThread "Direct Clip" daemon [_thread_blocked, id=84136, stack(0x000000b96ee00000,0x000000b96ef00000)]
  0x0000025a56de6c80 JavaThread "Direct Clip" daemon [_thread_blocked, id=78560, stack(0x000000b967b00000,0x000000b967c00000)]
  0x0000025a56c24940 JavaThread "Direct Clip" daemon [_thread_blocked, id=86144, stack(0x000000b96ef00000,0x000000b96f000000)]
  0x0000025a56c22eb0 JavaThread "Direct Clip" daemon [_thread_blocked, id=84644, stack(0x000000b96f000000,0x000000b96f100000)]
  0x0000025a56c27e60 JavaThread "Direct Clip" daemon [_thread_blocked, id=82652, stack(0x000000b96f100000,0x000000b96f200000)]
  0x0000025a56c298f0 JavaThread "Direct Clip" daemon [_thread_blocked, id=84288, stack(0x000000b96f200000,0x000000b96f300000)]
  0x0000025a56c25e80 JavaThread "Direct Clip" daemon [_thread_blocked, id=81316, stack(0x000000b96f300000,0x000000b96f400000)]
  0x0000025a56c28e50 JavaThread "Direct Clip" daemon [_thread_blocked, id=28400, stack(0x000000b96f400000,0x000000b96f500000)]
  0x0000025a56c26920 JavaThread "Direct Clip" daemon [_thread_blocked, id=84308, stack(0x000000b96f500000,0x000000b96f600000)]
  0x0000025a56c273c0 JavaThread "Direct Clip" daemon [_thread_blocked, id=86300, stack(0x000000b96f600000,0x000000b96f700000)]
  0x0000025a56c23400 JavaThread "Direct Clip" daemon [_thread_blocked, id=84396, stack(0x000000b96f700000,0x000000b96f800000)]
  0x0000025a56c253e0 JavaThread "Direct Clip" daemon [_thread_blocked, id=86444, stack(0x000000b96f800000,0x000000b96f900000)]
  0x0000025a56c29e40 JavaThread "Direct Clip" daemon [_thread_blocked, id=79472, stack(0x000000b96f900000,0x000000b96fa00000)]
  0x0000025a56c23ea0 JavaThread "Direct Clip" daemon [_thread_blocked, id=84660, stack(0x000000b96fa00000,0x000000b96fb00000)]
  0x0000025a56c25930 JavaThread "Direct Clip" daemon [_thread_blocked, id=71164, stack(0x000000b96fb00000,0x000000b96fc00000)]
  0x0000025a56c23950 JavaThread "Direct Clip" daemon [_thread_blocked, id=86560, stack(0x000000b96fc00000,0x000000b96fd00000)]
  0x0000025a56c283b0 JavaThread "Direct Clip" daemon [_thread_blocked, id=83944, stack(0x000000b96fd00000,0x000000b96fe00000)]
  0x0000025a56c24e90 JavaThread "Direct Clip" daemon [_thread_blocked, id=84516, stack(0x000000b96fe00000,0x000000b96ff00000)]
  0x0000025a56c27910 JavaThread "Direct Clip" daemon [_thread_blocked, id=48604, stack(0x000000b96ff00000,0x000000b970000000)]
  0x0000025a56c263d0 JavaThread "Direct Clip" daemon [_thread_blocked, id=76736, stack(0x000000b970000000,0x000000b970100000)]
  0x0000025a56c243f0 JavaThread "Direct Clip" daemon [_thread_blocked, id=85076, stack(0x000000b970100000,0x000000b970200000)]
  0x0000025a56c26e70 JavaThread "Direct Clip" daemon [_thread_blocked, id=84908, stack(0x000000b970200000,0x000000b970300000)]
  0x0000025a56c2a390 JavaThread "Direct Clip" daemon [_thread_blocked, id=73144, stack(0x000000b970300000,0x000000b970400000)]
  0x0000025a56c28900 JavaThread "Direct Clip" daemon [_thread_blocked, id=84704, stack(0x000000b970400000,0x000000b970500000)]
  0x0000025a56c293a0 JavaThread "Direct Clip" daemon [_thread_blocked, id=86084, stack(0x000000b970500000,0x000000b970600000)]
  0x0000025a56c2a8e0 JavaThread "Direct Clip" daemon [_thread_blocked, id=86100, stack(0x000000b970600000,0x000000b970700000)]
  0x0000025a56df3d20 JavaThread "Direct Clip" daemon [_thread_blocked, id=76036, stack(0x000000b970700000,0x000000b970800000)]
  0x0000025a56df37d0 JavaThread "Direct Clip" daemon [_thread_blocked, id=82972, stack(0x000000b970800000,0x000000b970900000)]
  0x0000025a56df8cd0 JavaThread "Direct Clip" daemon [_thread_blocked, id=84880, stack(0x000000b970900000,0x000000b970a00000)]
  0x0000025a56df4270 JavaThread "Direct Clip" daemon [_thread_blocked, id=71244, stack(0x000000b970a00000,0x000000b970b00000)]
  0x0000025a56df12a0 JavaThread "Direct Clip" daemon [_thread_blocked, id=84092, stack(0x000000b970b00000,0x000000b970c00000)]
  0x0000025a56df3280 JavaThread "Direct Clip" daemon [_thread_blocked, id=83248, stack(0x000000b970c00000,0x000000b970d00000)]
  0x0000025a56df6cf0 JavaThread "Direct Clip" daemon [_thread_blocked, id=56428, stack(0x000000b970d00000,0x000000b970e00000)]
  0x0000025a56df17f0 JavaThread "Direct Clip" daemon [_thread_blocked, id=85688, stack(0x000000b970e00000,0x000000b970f00000)]
  0x0000025a56df7ce0 JavaThread "Direct Clip" daemon [_thread_blocked, id=86236, stack(0x000000b970f00000,0x000000b971000000)]
  0x0000025a56df27e0 JavaThread "Direct Clip" daemon [_thread_blocked, id=72588, stack(0x000000b971000000,0x000000b971100000)]
  0x0000025a56df2d30 JavaThread "Direct Clip" daemon [_thread_blocked, id=40392, stack(0x000000b971100000,0x000000b971200000)]
  0x0000025a56df5d00 JavaThread "Direct Clip" daemon [_thread_blocked, id=85152, stack(0x000000b971200000,0x000000b971300000)]
  0x0000025a56df7240 JavaThread "Direct Clip" daemon [_thread_blocked, id=84448, stack(0x000000b971300000,0x000000b971400000)]
  0x0000025a56df67a0 JavaThread "Direct Clip" daemon [_thread_blocked, id=84596, stack(0x000000b971400000,0x000000b971500000)]
  0x0000025a56df7790 JavaThread "Direct Clip" daemon [_thread_blocked, id=85752, stack(0x000000b971500000,0x000000b971600000)]
  0x0000025a56df5260 JavaThread "Direct Clip" daemon [_thread_blocked, id=86856, stack(0x000000b971600000,0x000000b971700000)]
  0x0000025a56df2290 JavaThread "Direct Clip" daemon [_thread_blocked, id=59652, stack(0x000000b971700000,0x000000b971800000)]
  0x0000025a56df8230 JavaThread "Direct Clip" daemon [_thread_blocked, id=80456, stack(0x000000b971800000,0x000000b971900000)]
  0x0000025a56df57b0 JavaThread "Direct Clip" daemon [_thread_blocked, id=71084, stack(0x000000b971900000,0x000000b971a00000)]
  0x0000025a56df8780 JavaThread "Direct Clip" daemon [_thread_blocked, id=86992, stack(0x000000b971a00000,0x000000b971b00000)]
  0x0000025a56df1d40 JavaThread "Direct Clip" daemon [_thread_blocked, id=82636, stack(0x000000b971b00000,0x000000b971c00000)]
  0x0000025a56df47c0 JavaThread "Direct Clip" daemon [_thread_blocked, id=86044, stack(0x000000b971c00000,0x000000b971d00000)]
  0x0000025a56df4d10 JavaThread "Direct Clip" daemon [_thread_blocked, id=86276, stack(0x000000b971d00000,0x000000b971e00000)]
  0x0000025a56df6250 JavaThread "Direct Clip" daemon [_thread_blocked, id=82968, stack(0x000000b971e00000,0x000000b971f00000)]
  0x0000025a5678f330 JavaThread "Direct Clip" daemon [_thread_blocked, id=76832, stack(0x000000b971f00000,0x000000b972000000)]
  0x0000025a5678f880 JavaThread "Direct Clip" daemon [_thread_blocked, id=84868, stack(0x000000b972000000,0x000000b972100000)]
  0x0000025a5678c8b0 JavaThread "Direct Clip" daemon [_thread_blocked, id=82832, stack(0x000000b972100000,0x000000b972200000)]
  0x0000025a56791310 JavaThread "Direct Clip" daemon [_thread_blocked, id=84036, stack(0x000000b972200000,0x000000b972300000)]
  0x0000025a56791db0 JavaThread "Direct Clip" daemon [_thread_blocked, id=78060, stack(0x000000b972300000,0x000000b972400000)]
  0x0000025a5678c360 JavaThread "Direct Clip" daemon [_thread_blocked, id=86140, stack(0x000000b972400000,0x000000b972500000)]
  0x0000025a5678ede0 JavaThread "Direct Clip" daemon [_thread_blocked, id=78484, stack(0x000000b972500000,0x000000b972600000)]
  0x0000025a5678ae20 JavaThread "Direct Clip" daemon [_thread_blocked, id=75928, stack(0x000000b972600000,0x000000b972700000)]
  0x0000025a5678fdd0 JavaThread "Direct Clip" daemon [_thread_blocked, id=78688, stack(0x000000b972700000,0x000000b972800000)]
  0x0000025a5678e340 JavaThread "Direct Clip" daemon [_thread_blocked, id=83404, stack(0x000000b972800000,0x000000b972900000)]
  0x0000025a5678ddf0 JavaThread "Direct Clip" daemon [_thread_blocked, id=79980, stack(0x000000b972900000,0x000000b972a00000)]
  0x0000025a56792300 JavaThread "Direct Clip" daemon [_thread_blocked, id=83904, stack(0x000000b972a00000,0x000000b972b00000)]
  0x0000025a56791860 JavaThread "Direct Clip" daemon [_thread_blocked, id=83156, stack(0x000000b972b00000,0x000000b972c00000)]
  0x0000025a56790dc0 JavaThread "Direct Clip" daemon [_thread_blocked, id=86680, stack(0x000000b972c00000,0x000000b972d00000)]
  0x0000025a56790320 JavaThread "Direct Clip" daemon [_thread_blocked, id=83668, stack(0x000000b972d00000,0x000000b972e00000)]
  0x0000025a5678d350 JavaThread "Direct Clip" daemon [_thread_blocked, id=86312, stack(0x000000b972e00000,0x000000b972f00000)]
  0x0000025a56790870 JavaThread "Direct Clip" daemon [_thread_blocked, id=85876, stack(0x000000b972f00000,0x000000b973000000)]
  0x0000025a56792850 JavaThread "Direct Clip" daemon [_thread_blocked, id=87028, stack(0x000000b973000000,0x000000b973100000)]
  0x0000025a5678b370 JavaThread "Direct Clip" daemon [_thread_blocked, id=55476, stack(0x000000b973100000,0x000000b973200000)]
  0x0000025a5678d8a0 JavaThread "Direct Clip" daemon [_thread_blocked, id=67500, stack(0x000000b973200000,0x000000b973300000)]
  0x0000025a5678b8c0 JavaThread "Direct Clip" daemon [_thread_blocked, id=85632, stack(0x000000b973300000,0x000000b973400000)]
  0x0000025a5678be10 JavaThread "Direct Clip" daemon [_thread_blocked, id=84648, stack(0x000000b973400000,0x000000b973500000)]
  0x0000025a5678e890 JavaThread "Direct Clip" daemon [_thread_blocked, id=84020, stack(0x000000b973500000,0x000000b973600000)]
  0x0000025a5678ce00 JavaThread "Direct Clip" daemon [_thread_blocked, id=76484, stack(0x000000b973600000,0x000000b973700000)]
  0x0000025a572998d0 JavaThread "Direct Clip" daemon [_thread_blocked, id=80628, stack(0x000000b973700000,0x000000b973800000)]
  0x0000025a5729a370 JavaThread "Direct Clip" daemon [_thread_blocked, id=60280, stack(0x000000b973800000,0x000000b973900000)]
  0x0000025a57298e30 JavaThread "Direct Clip" daemon [_thread_blocked, id=81960, stack(0x000000b973900000,0x000000b973a00000)]
  0x0000025a572953c0 JavaThread "Direct Clip" daemon [_thread_blocked, id=79068, stack(0x000000b973a00000,0x000000b973b00000)]
  0x0000025a572988e0 JavaThread "Direct Clip" daemon [_thread_blocked, id=86660, stack(0x000000b973b00000,0x000000b973c00000)]
  0x0000025a57299e20 JavaThread "Direct Clip" daemon [_thread_blocked, id=82272, stack(0x000000b973c00000,0x000000b973d00000)]
  0x0000025a57294e70 JavaThread "Direct Clip" daemon [_thread_blocked, id=83608, stack(0x000000b973d00000,0x000000b973e00000)]
  0x0000025a57299380 JavaThread "Direct Clip" daemon [_thread_blocked, id=83124, stack(0x000000b973e00000,0x000000b973f00000)]
  0x0000025a5729a8c0 JavaThread "Direct Clip" daemon [_thread_blocked, id=83560, stack(0x000000b973f00000,0x000000b974000000)]
  0x0000025a57296900 JavaThread "Direct Clip" daemon [_thread_blocked, id=85356, stack(0x000000b974000000,0x000000b974100000)]
  0x0000025a5729ae10 JavaThread "Direct Clip" daemon [_thread_blocked, id=82848, stack(0x000000b974100000,0x000000b974200000)]
  0x0000025a57293e80 JavaThread "Direct Clip" daemon [_thread_blocked, id=83916, stack(0x000000b974200000,0x000000b974300000)]
  0x0000025a57293930 JavaThread "Direct Clip" daemon [_thread_blocked, id=80036, stack(0x000000b974300000,0x000000b974400000)]
  0x0000025a57296e50 JavaThread "Direct Clip" daemon [_thread_blocked, id=86436, stack(0x000000b974400000,0x000000b974500000)]
  0x0000025a572933e0 JavaThread "Direct Clip" daemon [_thread_blocked, id=79016, stack(0x000000b974500000,0x000000b974600000)]
  0x0000025a572943d0 JavaThread "Direct Clip" daemon [_thread_blocked, id=86892, stack(0x000000b974600000,0x000000b974700000)]
  0x0000025a57294920 JavaThread "Direct Clip" daemon [_thread_blocked, id=82252, stack(0x000000b974700000,0x000000b974800000)]
  0x0000025a57295910 JavaThread "Direct Clip" daemon [_thread_blocked, id=82740, stack(0x000000b974800000,0x000000b974900000)]
  0x0000025a57295e60 JavaThread "Direct Clip" daemon [_thread_blocked, id=79716, stack(0x000000b974900000,0x000000b974a00000)]
  0x0000025a572963b0 JavaThread "Direct Clip" daemon [_thread_blocked, id=83620, stack(0x000000b974a00000,0x000000b974b00000)]
  0x0000025a572973a0 JavaThread "Direct Clip" daemon [_thread_blocked, id=86544, stack(0x000000b974b00000,0x000000b974c00000)]
  0x0000025a572978f0 JavaThread "Direct Clip" daemon [_thread_blocked, id=86356, stack(0x000000b974c00000,0x000000b974d00000)]
  0x0000025a57297e40 JavaThread "Direct Clip" daemon [_thread_blocked, id=83580, stack(0x000000b974f00000,0x000000b975000000)]
  0x0000025a57298390 JavaThread "Direct Clip" daemon [_thread_blocked, id=86404, stack(0x000000b975000000,0x000000b975100000)]
  0x0000025a529474d0 JavaThread "Direct Clip" daemon [_thread_blocked, id=83772, stack(0x000000b975100000,0x000000b975200000)]
  0x0000025a52947a20 JavaThread "Direct Clip" daemon [_thread_blocked, id=81616, stack(0x000000b975200000,0x000000b975300000)]
  0x0000025a52946a30 JavaThread "Direct Clip" daemon [_thread_blocked, id=82240, stack(0x000000b975300000,0x000000b975400000)]
  0x0000025a52946f80 JavaThread "Direct Clip" daemon [_thread_blocked, id=87012, stack(0x000000b975400000,0x000000b975500000)]
  0x0000025a52947f70 JavaThread "Direct Clip" daemon [_thread_blocked, id=85716, stack(0x000000b975500000,0x000000b975600000)]
  0x0000025a5294a4a0 JavaThread "Direct Clip" daemon [_thread_blocked, id=83676, stack(0x000000b975600000,0x000000b975700000)]
  0x0000025a5294a9f0 JavaThread "Direct Clip" daemon [_thread_blocked, id=85340, stack(0x000000b975700000,0x000000b975800000)]
  0x0000025a52948f60 JavaThread "Direct Clip" daemon [_thread_blocked, id=85280, stack(0x000000b975a00000,0x000000b975b00000)]
  0x0000025a5294af40 JavaThread "Direct Clip" daemon [_thread_blocked, id=70368, stack(0x000000b975b00000,0x000000b975c00000)]
  0x0000025a5294b490 JavaThread "Direct Clip" daemon [_thread_blocked, id=73148, stack(0x000000b975c00000,0x000000b975d00000)]
  0x0000025a529454f0 JavaThread "Direct Clip" daemon [_thread_blocked, id=84904, stack(0x000000b975d00000,0x000000b975e00000)]
  0x0000025a52944fa0 JavaThread "Direct Clip" daemon [_thread_blocked, id=85588, stack(0x000000b975e00000,0x000000b975f00000)]
  0x0000025a529484c0 JavaThread "Direct Clip" daemon [_thread_blocked, id=85040, stack(0x000000b975f00000,0x000000b976000000)]
  0x0000025a5294b9e0 JavaThread "Direct Clip" daemon [_thread_blocked, id=85208, stack(0x000000b976000000,0x000000b976100000)]
  0x0000025a52944a50 JavaThread "Direct Clip" daemon [_thread_blocked, id=84564, stack(0x000000b976100000,0x000000b976200000)]
  0x0000025a52949a00 JavaThread "Direct Clip" daemon [_thread_blocked, id=84700, stack(0x000000b976200000,0x000000b976300000)]
  0x0000025a52949f50 JavaThread "Direct Clip" daemon [_thread_blocked, id=81452, stack(0x000000b976300000,0x000000b976400000)]
  0x0000025a5294bf30 JavaThread "Direct Clip" daemon [_thread_blocked, id=83236, stack(0x000000b976400000,0x000000b976500000)]
  0x0000025a52948a10 JavaThread "Direct Clip" daemon [_thread_blocked, id=84728, stack(0x000000b976500000,0x000000b976600000)]
  0x0000025a529464e0 JavaThread "Direct Clip" daemon [_thread_blocked, id=84536, stack(0x000000b976600000,0x000000b976700000)]
  0x0000025a52945a40 JavaThread "Direct Clip" daemon [_thread_blocked, id=79688, stack(0x000000b976700000,0x000000b976800000)]
  0x0000025a529494b0 JavaThread "Direct Clip" daemon [_thread_blocked, id=85712, stack(0x000000b976800000,0x000000b976900000)]
  0x0000025a52945f90 JavaThread "Direct Clip" daemon [_thread_blocked, id=77148, stack(0x000000b976900000,0x000000b976a00000)]
  0x0000025a52944500 JavaThread "Direct Clip" daemon [_thread_blocked, id=75444, stack(0x000000b976a00000,0x000000b976b00000)]
  0x0000025a52950ee0 JavaThread "Direct Clip" daemon [_thread_blocked, id=72440, stack(0x000000b976b00000,0x000000b976c00000)]
  0x0000025a5294f450 JavaThread "Direct Clip" daemon [_thread_blocked, id=86052, stack(0x000000b976c00000,0x000000b976d00000)]
  0x0000025a5294e460 JavaThread "Direct Clip" daemon [_thread_blocked, id=86104, stack(0x000000b976d00000,0x000000b976e00000)]
  0x0000025a52953eb0 JavaThread "Direct Clip" daemon [_thread_blocked, id=85868, stack(0x000000b976e00000,0x000000b976f00000)]
  0x0000025a5294f9a0 JavaThread "Direct Clip" daemon [_thread_blocked, id=85464, stack(0x000000b976f00000,0x000000b977000000)]
  0x0000025a52950440 JavaThread "Direct Clip" daemon [_thread_blocked, id=76564, stack(0x000000b977000000,0x000000b977100000)]
  0x0000025a5294e9b0 JavaThread "Direct Clip" daemon [_thread_blocked, id=79748, stack(0x000000b977100000,0x000000b977200000)]
  0x0000025a5294c480 JavaThread "Direct Clip" daemon [_thread_blocked, id=86640, stack(0x000000b977200000,0x000000b977300000)]
  0x0000025a5294d470 JavaThread "Direct Clip" daemon [_thread_blocked, id=80216, stack(0x000000b977300000,0x000000b977400000)]
  0x0000025a52952970 JavaThread "Direct Clip" daemon [_thread_blocked, id=84900, stack(0x000000b977400000,0x000000b977500000)]
  0x0000025a5294fef0 JavaThread "Direct Clip" daemon [_thread_blocked, id=83776, stack(0x000000b977500000,0x000000b977600000)]
  0x0000025a5294c9d0 JavaThread "Direct Clip" daemon [_thread_blocked, id=86200, stack(0x000000b977600000,0x000000b977700000)]
  0x0000025a52951430 JavaThread "Direct Clip" daemon [_thread_blocked, id=38176, stack(0x000000b977700000,0x000000b977800000)]
  0x0000025a52951ed0 JavaThread "Direct Clip" daemon [_thread_blocked, id=86032, stack(0x000000b977800000,0x000000b977900000)]
  0x0000025a5294ef00 JavaThread "Direct Clip" daemon [_thread_blocked, id=86216, stack(0x000000b977900000,0x000000b977a00000)]
  0x0000025a5294cf20 JavaThread "Direct Clip" daemon [_thread_blocked, id=84984, stack(0x000000b977a00000,0x000000b977b00000)]
  0x0000025a52952ec0 JavaThread "Direct Clip" daemon [_thread_blocked, id=86832, stack(0x000000b977b00000,0x000000b977c00000)]
  0x0000025a52953410 JavaThread "Direct Clip" daemon [_thread_blocked, id=87032, stack(0x000000b977c00000,0x000000b977d00000)]
  0x0000025a5294d9c0 JavaThread "Direct Clip" daemon [_thread_blocked, id=77968, stack(0x000000b977d00000,0x000000b977e00000)]
  0x0000025a52952420 JavaThread "Direct Clip" daemon [_thread_blocked, id=66436, stack(0x000000b977e00000,0x000000b977f00000)]
  0x0000025a52953960 JavaThread "Direct Clip" daemon [_thread_blocked, id=85204, stack(0x000000b977f00000,0x000000b978000000)]
  0x0000025a52950990 JavaThread "Direct Clip" daemon [_thread_blocked, id=83656, stack(0x000000b978000000,0x000000b978100000)]
  0x0000025a52951980 JavaThread "Direct Clip" daemon [_thread_blocked, id=82268, stack(0x000000b978100000,0x000000b978200000)]
  0x0000025a5294df10 JavaThread "Direct Clip" daemon [_thread_blocked, id=86536, stack(0x000000b978200000,0x000000b978300000)]
  0x0000025a56a4f010 JavaThread "Direct Clip" daemon [_thread_blocked, id=78096, stack(0x000000b978300000,0x000000b978400000)]
  0x0000025a56a4a060 JavaThread "Direct Clip" daemon [_thread_blocked, id=73220, stack(0x000000b978400000,0x000000b978500000)]
  0x0000025a56a49b10 JavaThread "Direct Clip" daemon [_thread_blocked, id=78080, stack(0x000000b978500000,0x000000b978600000)]
  0x0000025a56a4f560 JavaThread "Direct Clip" daemon [_thread_blocked, id=86064, stack(0x000000b978600000,0x000000b978700000)]
  0x0000025a56a4fab0 JavaThread "Direct Clip" daemon [_thread_blocked, id=85784, stack(0x000000b978700000,0x000000b978800000)]
  0x0000025a56a48080 JavaThread "Direct Clip" daemon [_thread_blocked, id=82836, stack(0x000000b978800000,0x000000b978900000)]
  0x0000025a56a49070 JavaThread "Direct Clip" daemon [_thread_blocked, id=81900, stack(0x000000b978900000,0x000000b978a00000)]
  0x0000025a56a50000 JavaThread "Direct Clip" daemon [_thread_blocked, id=83080, stack(0x000000b978a00000,0x000000b978b00000)]
  0x0000025a56a4b050 JavaThread "Direct Clip" daemon [_thread_blocked, id=86928, stack(0x000000b978b00000,0x000000b978c00000)]
  0x0000025a56a485d0 JavaThread "Direct Clip" daemon [_thread_blocked, id=86852, stack(0x000000b978c00000,0x000000b978d00000)]
  0x0000025a56a4e570 JavaThread "Direct Clip" daemon [_thread_blocked, id=79792, stack(0x000000b978d00000,0x000000b978e00000)]
  0x0000025a56a4cae0 JavaThread "Direct Clip" daemon [_thread_blocked, id=86136, stack(0x000000b978e00000,0x000000b978f00000)]
  0x0000025a56a4dad0 JavaThread "Direct Clip" daemon [_thread_blocked, id=85320, stack(0x000000b978f00000,0x000000b979000000)]
  0x0000025a56a4eac0 JavaThread "Direct Clip" daemon [_thread_blocked, id=76708, stack(0x000000b979000000,0x000000b979100000)]
  0x0000025a56a48b20 JavaThread "Direct Clip" daemon [_thread_blocked, id=54388, stack(0x000000b979100000,0x000000b979200000)]
  0x0000025a56a50550 JavaThread "Direct Clip" daemon [_thread_blocked, id=83204, stack(0x000000b979200000,0x000000b979300000)]
  0x0000025a56a50aa0 JavaThread "Direct Clip" daemon [_thread_blocked, id=75396, stack(0x000000b979300000,0x000000b979400000)]
  0x0000025a56a50ff0 JavaThread "Direct Clip" daemon [_thread_blocked, id=68620, stack(0x000000b979400000,0x000000b979500000)]
  0x0000025a56a495c0 JavaThread "Direct Clip" daemon [_thread_blocked, id=81608, stack(0x000000b979500000,0x000000b979600000)]
  0x0000025a56a51540 JavaThread "Direct Clip" daemon [_thread_blocked, id=83736, stack(0x000000b979600000,0x000000b979700000)]
  0x0000025a56a4baf0 JavaThread "Direct Clip" daemon [_thread_blocked, id=85460, stack(0x000000b979700000,0x000000b979800000)]
  0x0000025a56a4e020 JavaThread "Direct Clip" daemon [_thread_blocked, id=86280, stack(0x000000b979800000,0x000000b979900000)]
  0x0000025a56a51a90 JavaThread "Direct Clip" daemon [_thread_blocked, id=78960, stack(0x000000b979900000,0x000000b979a00000)]
  0x0000025a56a51fe0 JavaThread "Direct Clip" daemon [_thread_blocked, id=83168, stack(0x000000b979a00000,0x000000b979b00000)]
  0x0000025a56a4a5b0 JavaThread "Direct Clip" daemon [_thread_blocked, id=64860, stack(0x000000b979b00000,0x000000b979c00000)]
  0x0000025a56a4d030 JavaThread "Direct Clip" daemon [_thread_blocked, id=86984, stack(0x000000b979c00000,0x000000b979d00000)]
  0x0000025a56a52530 JavaThread "Direct Clip" daemon [_thread_blocked, id=86792, stack(0x000000b979d00000,0x000000b979e00000)]
  0x0000025a56a4ab00 JavaThread "Direct Clip" daemon [_thread_blocked, id=86180, stack(0x000000b979e00000,0x000000b979f00000)]
  0x0000025a56a52a80 JavaThread "Direct Clip" daemon [_thread_blocked, id=79000, stack(0x000000b979f00000,0x000000b97a000000)]
  0x0000025a56a52fd0 JavaThread "Direct Clip" daemon [_thread_blocked, id=81844, stack(0x000000b97a000000,0x000000b97a100000)]
  0x0000025a56a4b5a0 JavaThread "Direct Clip" daemon [_thread_blocked, id=78356, stack(0x000000b97a100000,0x000000b97a200000)]
  0x0000025a56a53520 JavaThread "Direct Clip" daemon [_thread_blocked, id=86124, stack(0x000000b97a200000,0x000000b97a300000)]
  0x0000025a56a53a70 JavaThread "Direct Clip" daemon [_thread_blocked, id=80928, stack(0x000000b97a300000,0x000000b97a400000)]
  0x0000025a56a4c040 JavaThread "Direct Clip" daemon [_thread_blocked, id=86192, stack(0x000000b97a400000,0x000000b97a500000)]
  0x0000025a56a53fc0 JavaThread "Direct Clip" daemon [_thread_blocked, id=80836, stack(0x000000b97a500000,0x000000b97a600000)]
  0x0000025a56a4c590 JavaThread "Direct Clip" daemon [_thread_blocked, id=76948, stack(0x000000b97a600000,0x000000b97a700000)]
  0x0000025a56a54510 JavaThread "Direct Clip" daemon [_thread_blocked, id=86248, stack(0x000000b97a700000,0x000000b97a800000)]
  0x0000025a56a54a60 JavaThread "Direct Clip" daemon [_thread_blocked, id=68284, stack(0x000000b97a800000,0x000000b97a900000)]
  0x0000025a56a54fb0 JavaThread "Direct Clip" daemon [_thread_blocked, id=86228, stack(0x000000b97a900000,0x000000b97aa00000)]
  0x0000025a56a4d580 JavaThread "Direct Clip" daemon [_thread_blocked, id=70436, stack(0x000000b97aa00000,0x000000b97ab00000)]
  0x0000025a56a55500 JavaThread "Direct Clip" daemon [_thread_blocked, id=87024, stack(0x000000b97ab00000,0x000000b97ac00000)]
  0x0000025a56a55a50 JavaThread "Direct Clip" daemon [_thread_blocked, id=86156, stack(0x000000b97ac00000,0x000000b97ad00000)]
  0x0000025a56a55fa0 JavaThread "Direct Clip" daemon [_thread_blocked, id=86656, stack(0x000000b97ad00000,0x000000b97ae00000)]
  0x0000025a56a564f0 JavaThread "Direct Clip" daemon [_thread_blocked, id=87036, stack(0x000000b97ae00000,0x000000b97af00000)]
  0x0000025a56a56a40 JavaThread "Direct Clip" daemon [_thread_blocked, id=86816, stack(0x000000b97af00000,0x000000b97b000000)]
  0x0000025a56a56f90 JavaThread "Direct Clip" daemon [_thread_blocked, id=83240, stack(0x000000b97b000000,0x000000b97b100000)]
  0x0000025a56a574e0 JavaThread "Direct Clip" daemon [_thread_blocked, id=84956, stack(0x000000b97b100000,0x000000b97b200000)]
  0x0000025a56a57a30 JavaThread "Direct Clip" daemon [_thread_blocked, id=23236, stack(0x000000b97b200000,0x000000b97b300000)]
  0x0000025a52bd5a70 JavaThread "Direct Clip" daemon [_thread_blocked, id=77040, stack(0x000000b97b300000,0x000000b97b400000)]
  0x0000025a52bd3540 JavaThread "Direct Clip" daemon [_thread_blocked, id=85692, stack(0x000000b97b400000,0x000000b97b500000)]
  0x0000025a52bd4530 JavaThread "Direct Clip" daemon [_thread_blocked, id=86484, stack(0x000000b97b500000,0x000000b97b600000)]
  0x0000025a52bd6a60 JavaThread "Direct Clip" daemon [_thread_blocked, id=75276, stack(0x000000b97b600000,0x000000b97b700000)]
  0x0000025a52bd6510 JavaThread "Direct Clip" daemon [_thread_blocked, id=85420, stack(0x000000b97b700000,0x000000b97b800000)]
  0x0000025a52bd1ab0 JavaThread "Direct Clip" daemon [_thread_blocked, id=24104, stack(0x000000b97b800000,0x000000b97b900000)]
  0x0000025a52bd8f90 JavaThread "Direct Clip" daemon [_thread_blocked, id=76748, stack(0x000000b97b900000,0x000000b97ba00000)]
  0x0000025a52bd6fb0 JavaThread "Direct Clip" daemon [_thread_blocked, id=73032, stack(0x000000b97ba00000,0x000000b97bb00000)]
  0x0000025a52bd2000 JavaThread "Direct Clip" daemon [_thread_blocked, id=85852, stack(0x000000b97bb00000,0x000000b97bc00000)]
  0x0000025a52bd9f80 JavaThread "Direct Clip" daemon [_thread_blocked, id=79620, stack(0x000000b97bc00000,0x000000b97bd00000)]
  0x0000025a52bd84f0 JavaThread "Direct Clip" daemon [_thread_blocked, id=86804, stack(0x000000b97bd00000,0x000000b97be00000)]
  0x0000025a52bd7a50 JavaThread "Direct Clip" daemon [_thread_blocked, id=84504, stack(0x000000b97be00000,0x000000b97bf00000)]
  0x0000025a52bd7fa0 JavaThread "Direct Clip" daemon [_thread_blocked, id=84496, stack(0x000000b97bf00000,0x000000b97c000000)]
  0x0000025a52bd94e0 JavaThread "Direct Clip" daemon [_thread_blocked, id=83624, stack(0x000000b97c000000,0x000000b97c100000)]
  0x0000025a52bd8a40 JavaThread "Direct Clip" daemon [_thread_blocked, id=79784, stack(0x000000b97c100000,0x000000b97c200000)]
  0x0000025a52bd9a30 JavaThread "Direct Clip" daemon [_thread_blocked, id=80156, stack(0x000000b97c200000,0x000000b97c300000)]
  0x0000025a52bd7500 JavaThread "Direct Clip" daemon [_thread_blocked, id=79892, stack(0x000000b97c300000,0x000000b97c400000)]
  0x0000025a52bd5fc0 JavaThread "Direct Clip" daemon [_thread_blocked, id=81336, stack(0x000000b97c400000,0x000000b97c500000)]
  0x0000025a52bd2550 JavaThread "Direct Clip" daemon [_thread_blocked, id=83096, stack(0x000000b97c500000,0x000000b97c600000)]
  0x0000025a52bda4d0 JavaThread "Direct Clip" daemon [_thread_blocked, id=82964, stack(0x000000b97c600000,0x000000b97c700000)]
  0x0000025a52bd2aa0 JavaThread "Direct Clip" daemon [_thread_blocked, id=84332, stack(0x000000b97c700000,0x000000b97c800000)]
  0x0000025a52bdaa20 JavaThread "Direct Clip" daemon [_thread_blocked, id=85096, stack(0x000000b97c800000,0x000000b97c900000)]
  0x0000025a52bd2ff0 JavaThread "Direct Clip" daemon [_thread_blocked, id=81712, stack(0x000000b97c900000,0x000000b97ca00000)]
  0x0000025a52bd3fe0 JavaThread "Direct Clip" daemon [_thread_blocked, id=86128, stack(0x000000b97ca00000,0x000000b97cb00000)]
  0x0000025a52bdaf70 JavaThread "Direct Clip" daemon [_thread_blocked, id=83192, stack(0x000000b97cb00000,0x000000b97cc00000)]
  0x0000025a52bd4a80 JavaThread "Direct Clip" daemon [_thread_blocked, id=81596, stack(0x000000b97cc00000,0x000000b97cd00000)]
  0x0000025a52bdb4c0 JavaThread "Direct Clip" daemon [_thread_blocked, id=80920, stack(0x000000b97cd00000,0x000000b97ce00000)]
  0x0000025a52bd3a90 JavaThread "Direct Clip" daemon [_thread_blocked, id=83628, stack(0x000000b97ce00000,0x000000b97cf00000)]
  0x0000025a52bdba10 JavaThread "Direct Clip" daemon [_thread_blocked, id=85972, stack(0x000000b97cf00000,0x000000b97d000000)]
  0x0000025a52bdbf60 JavaThread "Direct Clip" daemon [_thread_blocked, id=86272, stack(0x000000b97d000000,0x000000b97d100000)]
  0x0000025a52bdc4b0 JavaThread "Direct Clip" daemon [_thread_blocked, id=86960, stack(0x000000b97d100000,0x000000b97d200000)]
  0x0000025a52bdca00 JavaThread "Direct Clip" daemon [_thread_blocked, id=76664, stack(0x000000b97d200000,0x000000b97d300000)]
  0x0000025a52bd4fd0 JavaThread "Direct Clip" daemon [_thread_blocked, id=85380, stack(0x000000b97d300000,0x000000b97d400000)]
  0x0000025a52bdcf50 JavaThread "Direct Clip" daemon [_thread_blocked, id=68916, stack(0x000000b97d400000,0x000000b97d500000)]
  0x0000025a52bd5520 JavaThread "Direct Clip" daemon [_thread_blocked, id=83868, stack(0x000000b97d500000,0x000000b97d600000)]
  0x0000025a52bdd4a0 JavaThread "Direct Clip" daemon [_thread_blocked, id=85304, stack(0x000000b97d600000,0x000000b97d700000)]
  0x0000025a52be0470 JavaThread "Direct Clip" daemon [_thread_blocked, id=76620, stack(0x000000b97d700000,0x000000b97d800000)]
  0x0000025a52bdd9f0 JavaThread "Direct Clip" daemon [_thread_blocked, id=78008, stack(0x000000b97d800000,0x000000b97d900000)]
  0x0000025a52bddf40 JavaThread "Direct Clip" daemon [_thread_blocked, id=83644, stack(0x000000b97d900000,0x000000b97da00000)]
  0x0000025a52bde490 JavaThread "Direct Clip" daemon [_thread_blocked, id=80848, stack(0x000000b97da00000,0x000000b97db00000)]
  0x0000025a52bde9e0 JavaThread "Direct Clip" daemon [_thread_blocked, id=84432, stack(0x000000b97db00000,0x000000b97dc00000)]
  0x0000025a52bdef30 JavaThread "Direct Clip" daemon [_thread_blocked, id=81184, stack(0x000000b97dc00000,0x000000b97dd00000)]
  0x0000025a52be09c0 JavaThread "Direct Clip" daemon [_thread_blocked, id=86496, stack(0x000000b97dd00000,0x000000b97de00000)]
  0x0000025a52bdf480 JavaThread "Direct Clip" daemon [_thread_blocked, id=85740, stack(0x000000b97de00000,0x000000b97df00000)]
  0x0000025a52bdf9d0 JavaThread "Direct Clip" daemon [_thread_blocked, id=81476, stack(0x000000b97df00000,0x000000b97e000000)]
  0x0000025a52bdff20 JavaThread "Direct Clip" daemon [_thread_blocked, id=84752, stack(0x000000b97e000000,0x000000b97e100000)]
  0x0000025a52be0f10 JavaThread "Direct Clip" daemon [_thread_blocked, id=78224, stack(0x000000b97e100000,0x000000b97e200000)]
  0x0000025a52be1460 JavaThread "Direct Clip" daemon [_thread_blocked, id=86684, stack(0x000000b97e200000,0x000000b97e300000)]
  0x0000025a578f0270 JavaThread "Direct Clip" daemon [_thread_blocked, id=67728, stack(0x000000b97e300000,0x000000b97e400000)]
  0x0000025a578f07c0 JavaThread "Direct Clip" daemon [_thread_blocked, id=12076, stack(0x000000b97e400000,0x000000b97e500000)]
  0x0000025a578ed2a0 JavaThread "Direct Clip" daemon [_thread_blocked, id=80384, stack(0x000000b97e500000,0x000000b97e600000)]
  0x0000025a578f0d10 JavaThread "Direct Clip" daemon [_thread_blocked, id=77512, stack(0x000000b97e600000,0x000000b97e700000)]
  0x0000025a578ef7d0 JavaThread "Direct Clip" daemon [_thread_blocked, id=79292, stack(0x000000b97e700000,0x000000b97e800000)]
  0x0000025a578f3240 JavaThread "Direct Clip" daemon [_thread_blocked, id=85624, stack(0x000000b97e800000,0x000000b97e900000)]
  0x0000025a578f1260 JavaThread "Direct Clip" daemon [_thread_blocked, id=83984, stack(0x000000b97e900000,0x000000b97ea00000)]
  0x0000025a578efd20 JavaThread "Direct Clip" daemon [_thread_blocked, id=86308, stack(0x000000b97ea00000,0x000000b97eb00000)]
  0x0000025a578f5220 JavaThread "Direct Clip" daemon [_thread_blocked, id=71612, stack(0x000000b97eb00000,0x000000b97ec00000)]
  0x0000025a578f17b0 JavaThread "Direct Clip" daemon [_thread_blocked, id=86728, stack(0x000000b97ec00000,0x000000b97ed00000)]
  0x0000025a578f4cd0 JavaThread "Direct Clip" daemon [_thread_blocked, id=86524, stack(0x000000b97ed00000,0x000000b97ee00000)]
  0x0000025a578ed7f0 JavaThread "Direct Clip" daemon [_thread_blocked, id=84676, stack(0x000000b97ee00000,0x000000b97ef00000)]
  0x0000025a578f1d00 JavaThread "Direct Clip" daemon [_thread_blocked, id=55212, stack(0x000000b97ef00000,0x000000b97f000000)]
  0x0000025a578f2250 JavaThread "Direct Clip" daemon [_thread_blocked, id=86048, stack(0x000000b97f000000,0x000000b97f100000)]
  0x0000025a578f5770 JavaThread "Direct Clip" daemon [_thread_blocked, id=83432, stack(0x000000b97f100000,0x000000b97f200000)]
  0x0000025a578edd40 JavaThread "Direct Clip" daemon [_thread_blocked, id=83516, stack(0x000000b97f200000,0x000000b97f300000)]
  0x0000025a578ef280 JavaThread "Direct Clip" daemon [_thread_blocked, id=79712, stack(0x000000b97f300000,0x000000b97f400000)]
  0x0000025a578eed30 JavaThread "Direct Clip" daemon [_thread_blocked, id=78016, stack(0x000000b97f400000,0x000000b97f500000)]
  0x0000025a578f27a0 JavaThread "Direct Clip" daemon [_thread_blocked, id=85884, stack(0x000000b97f500000,0x000000b97f600000)]
  0x0000025a578ee290 JavaThread "Direct Clip" daemon [_thread_blocked, id=80772, stack(0x000000b97f600000,0x000000b97f700000)]
  0x0000025a578f2cf0 JavaThread "Direct Clip" daemon [_thread_blocked, id=84784, stack(0x000000b97f700000,0x000000b97f800000)]
  0x0000025a578f3790 JavaThread "Direct Clip" daemon [_thread_blocked, id=85308, stack(0x000000b97f800000,0x000000b97f900000)]
  0x0000025a578f5cc0 JavaThread "Direct Clip" daemon [_thread_blocked, id=85164, stack(0x000000b97f900000,0x000000b97fa00000)]
  0x0000025a578f4230 JavaThread "Direct Clip" daemon [_thread_blocked, id=82348, stack(0x000000b97fa00000,0x000000b97fb00000)]
  0x0000025a578f6210 JavaThread "Direct Clip" daemon [_thread_blocked, id=83892, stack(0x000000b97fb00000,0x000000b97fc00000)]
  0x0000025a578ee7e0 JavaThread "Direct Clip" daemon [_thread_blocked, id=84264, stack(0x000000b97fc00000,0x000000b97fd00000)]
  0x0000025a578fb1c0 JavaThread "Direct Clip" daemon [_thread_blocked, id=83844, stack(0x000000b97fd00000,0x000000b97fe00000)]
  0x0000025a578f9c80 JavaThread "Direct Clip" daemon [_thread_blocked, id=85548, stack(0x000000b97fe00000,0x000000b97ff00000)]
  0x0000025a578f81f0 JavaThread "Direct Clip" daemon [_thread_blocked, id=86636, stack(0x000000b97ff00000,0x000000b980000000)]
  0x0000025a578f7ca0 JavaThread "Direct Clip" daemon [_thread_blocked, id=71108, stack(0x000000b900000000,0x000000b900100000)]
  0x0000025a578fb710 JavaThread "Direct Clip" daemon [_thread_blocked, id=76808, stack(0x000000b900100000,0x000000b900200000)]
  0x0000025a578f7200 JavaThread "Direct Clip" daemon [_thread_blocked, id=85968, stack(0x000000b900200000,0x000000b900300000)]
  0x0000025a578f6760 JavaThread "Direct Clip" daemon [_thread_blocked, id=49116, stack(0x000000b900300000,0x000000b900400000)]
  0x0000025a578f7750 JavaThread "Direct Clip" daemon [_thread_blocked, id=77492, stack(0x000000b900400000,0x000000b900500000)]
  0x0000025a578f6cb0 JavaThread "Direct Clip" daemon [_thread_blocked, id=86800, stack(0x000000b900500000,0x000000b900600000)]
  0x0000025a578f8740 JavaThread "Direct Clip" daemon [_thread_blocked, id=83044, stack(0x000000b900600000,0x000000b900700000)]
  0x0000025a578f8c90 JavaThread "Direct Clip" daemon [_thread_blocked, id=17728, stack(0x000000b900700000,0x000000b900800000)]
  0x0000025a578f91e0 JavaThread "Direct Clip" daemon [_thread_blocked, id=85168, stack(0x000000b900800000,0x000000b900900000)]
  0x0000025a578f9730 JavaThread "Direct Clip" daemon [_thread_blocked, id=85044, stack(0x000000b900900000,0x000000b900a00000)]
  0x0000025a578fa1d0 JavaThread "Direct Clip" daemon [_thread_blocked, id=86440, stack(0x000000b900a00000,0x000000b900b00000)]
  0x0000025a578f3ce0 JavaThread "Direct Clip" daemon [_thread_blocked, id=78660, stack(0x000000b900b00000,0x000000b900c00000)]
  0x0000025a578fbc60 JavaThread "Direct Clip" daemon [_thread_blocked, id=79020, stack(0x000000b900c00000,0x000000b900d00000)]
  0x0000025a578fa720 JavaThread "Direct Clip" daemon [_thread_blocked, id=83420, stack(0x000000b900d00000,0x000000b900e00000)]
  0x0000025a578fac70 JavaThread "Direct Clip" daemon [_thread_blocked, id=83372, stack(0x000000b900e00000,0x000000b900f00000)]
  0x0000025a578fc1b0 JavaThread "Direct Clip" daemon [_thread_blocked, id=82600, stack(0x000000b900f00000,0x000000b901000000)]
  0x0000025a578f4780 JavaThread "Direct Clip" daemon [_thread_blocked, id=53432, stack(0x000000b901000000,0x000000b901100000)]
  0x0000025a578fc700 JavaThread "Direct Clip" daemon [_thread_blocked, id=75496, stack(0x000000b901100000,0x000000b901200000)]
  0x0000025a578fcc50 JavaThread "Direct Clip" daemon [_thread_blocked, id=18396, stack(0x000000b901200000,0x000000b901300000)]
  0x0000025a564f79f0 JavaThread "Direct Clip" daemon [_thread_blocked, id=86208, stack(0x000000b901300000,0x000000b901400000)]
  0x0000025a564f8490 JavaThread "Direct Clip" daemon [_thread_blocked, id=82620, stack(0x000000b901400000,0x000000b901500000)]
  0x0000025a564fb9b0 JavaThread "Direct Clip" daemon [_thread_blocked, id=86572, stack(0x000000b901500000,0x000000b901600000)]
  0x0000025a564f8f30 JavaThread "Direct Clip" daemon [_thread_blocked, id=85424, stack(0x000000b901600000,0x000000b901700000)]
  0x0000025a564fd440 JavaThread "Direct Clip" daemon [_thread_blocked, id=19752, stack(0x000000b901700000,0x000000b901800000)]
  0x0000025a564f7f40 JavaThread "Direct Clip" daemon [_thread_blocked, id=86232, stack(0x000000b901800000,0x000000b901900000)]
  0x0000025a564f89e0 JavaThread "Direct Clip" daemon [_thread_blocked, id=83884, stack(0x000000b901900000,0x000000b901a00000)]
  0x0000025a564f99d0 JavaThread "Direct Clip" daemon [_thread_blocked, id=85948, stack(0x000000b901a00000,0x000000b901b00000)]
  0x0000025a56500410 JavaThread "Direct Clip" daemon [_thread_blocked, id=79088, stack(0x000000b901b00000,0x000000b901c00000)]
  0x0000025a56500960 JavaThread "Direct Clip" daemon [_thread_blocked, id=84052, stack(0x000000b901c00000,0x000000b901d00000)]
  0x0000025a564ff970 JavaThread "Direct Clip" daemon [_thread_blocked, id=82204, stack(0x000000b901d00000,0x000000b901e00000)]
  0x0000025a56500eb0 JavaThread "Direct Clip" daemon [_thread_blocked, id=84216, stack(0x000000b901e00000,0x000000b901f00000)]
  0x0000025a564f9480 JavaThread "Direct Clip" daemon [_thread_blocked, id=82344, stack(0x000000b901f00000,0x000000b902000000)]
  0x0000025a564fdee0 JavaThread "Direct Clip" daemon [_thread_blocked, id=73304, stack(0x000000b902000000,0x000000b902100000)]
  0x0000025a564fe980 JavaThread "Direct Clip" daemon [_thread_blocked, id=86224, stack(0x000000b902100000,0x000000b902200000)]
  0x0000025a564faf10 JavaThread "Direct Clip" daemon [_thread_blocked, id=84292, stack(0x000000b902200000,0x000000b902300000)]
  0x0000025a564ffec0 JavaThread "Direct Clip" daemon [_thread_blocked, id=78292, stack(0x000000b902300000,0x000000b902400000)]
  0x0000025a564fd990 JavaThread "Direct Clip" daemon [_thread_blocked, id=85748, stack(0x000000b902400000,0x000000b902500000)]
  0x0000025a564fc9a0 JavaThread "Direct Clip" daemon [_thread_blocked, id=23636, stack(0x000000b902500000,0x000000b902600000)]
  0x0000025a564f9f20 JavaThread "Direct Clip" daemon [_thread_blocked, id=86204, stack(0x000000b902600000,0x000000b902700000)]
  0x0000025a56501400 JavaThread "Direct Clip" daemon [_thread_blocked, id=83268, stack(0x000000b902700000,0x000000b902800000)]
  0x0000025a564fcef0 JavaThread "Direct Clip" daemon [_thread_blocked, id=85068, stack(0x000000b902800000,0x000000b902900000)]
  0x0000025a56501950 JavaThread "Direct Clip" daemon [_thread_blocked, id=86196, stack(0x000000b902900000,0x000000b902a00000)]
  0x0000025a564feed0 JavaThread "Direct Clip" daemon [_thread_blocked, id=85768, stack(0x000000b902a00000,0x000000b902b00000)]
  0x0000025a56501ea0 JavaThread "Direct Clip" daemon [_thread_blocked, id=80080, stack(0x000000b902b00000,0x000000b902c00000)]
  0x0000025a564fbf00 JavaThread "Direct Clip" daemon [_thread_blocked, id=86188, stack(0x000000b902c00000,0x000000b902d00000)]
  0x0000025a564fa9c0 JavaThread "Direct Clip" daemon [_thread_blocked, id=84776, stack(0x000000b902d00000,0x000000b902e00000)]
  0x0000025a564fe430 JavaThread "Direct Clip" daemon [_thread_blocked, id=83952, stack(0x000000b902e00000,0x000000b902f00000)]
  0x0000025a564fa470 JavaThread "Direct Clip" daemon [_thread_blocked, id=74016, stack(0x000000b902f00000,0x000000b903000000)]
  0x0000025a565023f0 JavaThread "Direct Clip" daemon [_thread_blocked, id=82012, stack(0x000000b903000000,0x000000b903100000)]
  0x0000025a56502940 JavaThread "Direct Clip" daemon [_thread_blocked, id=84684, stack(0x000000b903100000,0x000000b903200000)]
  0x0000025a56502e90 JavaThread "Direct Clip" daemon [_thread_blocked, id=79028, stack(0x000000b903200000,0x000000b903300000)]
  0x0000025a564fc450 JavaThread "Direct Clip" daemon [_thread_blocked, id=84100, stack(0x000000b903300000,0x000000b903400000)]
  0x0000025a564fb460 JavaThread "Direct Clip" daemon [_thread_blocked, id=83972, stack(0x000000b903400000,0x000000b903500000)]
  0x0000025a56508390 JavaThread "Direct Clip" daemon [_thread_blocked, id=54820, stack(0x000000b903500000,0x000000b903600000)]
  0x0000025a56504920 JavaThread "Direct Clip" daemon [_thread_blocked, id=86080, stack(0x000000b903600000,0x000000b903700000)]
  0x0000025a56509e20 JavaThread "Direct Clip" daemon [_thread_blocked, id=83684, stack(0x000000b903700000,0x000000b903800000)]
  0x0000025a56503930 JavaThread "Direct Clip" daemon [_thread_blocked, id=87020, stack(0x000000b903800000,0x000000b903900000)]
  0x0000025a565063b0 JavaThread "Direct Clip" daemon [_thread_blocked, id=83088, stack(0x000000b903900000,0x000000b903a00000)]
  0x0000025a56509380 JavaThread "Direct Clip" daemon [_thread_blocked, id=85744, stack(0x000000b903a00000,0x000000b903b00000)]
  0x0000025a56503e80 JavaThread "Direct Clip" daemon [_thread_blocked, id=55412, stack(0x000000b903b00000,0x000000b903c00000)]
  0x0000025a565088e0 JavaThread "Direct Clip" daemon [_thread_blocked, id=71824, stack(0x000000b903c00000,0x000000b903d00000)]
  0x0000025a565043d0 JavaThread "Direct Clip" daemon [_thread_blocked, id=84352, stack(0x000000b903d00000,0x000000b903e00000)]
  0x0000025a56504e70 JavaThread "Direct Clip" daemon [_thread_blocked, id=64228, stack(0x000000b903e00000,0x000000b903f00000)]
  0x0000025a56506e50 JavaThread "Direct Clip" daemon [_thread_blocked, id=78112, stack(0x000000b903f00000,0x000000b904000000)]
  0x0000025a56505e60 JavaThread "Direct Clip" daemon [_thread_blocked, id=80428, stack(0x000000b904000000,0x000000b904100000)]
  0x0000025a565053c0 JavaThread "Direct Clip" daemon [_thread_blocked, id=81912, stack(0x000000b904100000,0x000000b904200000)]
  0x0000025a565033e0 JavaThread "Direct Clip" daemon [_thread_blocked, id=83508, stack(0x000000b904200000,0x000000b904300000)]
  0x0000025a56506900 JavaThread "Direct Clip" daemon [_thread_blocked, id=83992, stack(0x000000b904300000,0x000000b904400000)]
  0x0000025a5650ae10 JavaThread "Direct Clip" daemon [_thread_blocked, id=85964, stack(0x000000b904400000,0x000000b904500000)]
  0x0000025a56507e40 JavaThread "Direct Clip" daemon [_thread_blocked, id=78236, stack(0x000000b904500000,0x000000b904600000)]
  0x0000025a5650b8b0 JavaThread "Direct Clip" daemon [_thread_blocked, id=84140, stack(0x000000b904600000,0x000000b904700000)]
  0x0000025a5650b360 JavaThread "Direct Clip" daemon [_thread_blocked, id=84040, stack(0x000000b904700000,0x000000b904800000)]
  0x0000025a565073a0 JavaThread "Direct Clip" daemon [_thread_blocked, id=86864, stack(0x000000b904800000,0x000000b904900000)]
  0x0000025a5650a370 JavaThread "Direct Clip" daemon [_thread_blocked, id=85892, stack(0x000000b904900000,0x000000b904a00000)]
  0x0000025a565078f0 JavaThread "Direct Clip" daemon [_thread_blocked, id=82808, stack(0x000000b904a00000,0x000000b904b00000)]
  0x0000025a56508e30 JavaThread "Direct Clip" daemon [_thread_blocked, id=79948, stack(0x000000b904b00000,0x000000b904c00000)]
  0x0000025a5650a8c0 JavaThread "Direct Clip" daemon [_thread_blocked, id=84512, stack(0x000000b904c00000,0x000000b904d00000)]
  0x0000025a5650be00 JavaThread "Direct Clip" daemon [_thread_blocked, id=86784, stack(0x000000b904d00000,0x000000b904e00000)]
  0x0000025a565098d0 JavaThread "Direct Clip" daemon [_thread_blocked, id=83128, stack(0x000000b904e00000,0x000000b904f00000)]
  0x0000025a5650c350 JavaThread "Direct Clip" daemon [_thread_blocked, id=85316, stack(0x000000b904f00000,0x000000b905000000)]
  0x0000025a5650c8a0 JavaThread "Direct Clip" daemon [_thread_blocked, id=86780, stack(0x000000b905000000,0x000000b905100000)]
  0x0000025a56505910 JavaThread "Direct Clip" daemon [_thread_blocked, id=80424, stack(0x000000b905100000,0x000000b905200000)]
  0x0000025a56510860 JavaThread "Direct Clip" daemon [_thread_blocked, id=78496, stack(0x000000b905200000,0x000000b905300000)]
  0x0000025a56510db0 JavaThread "Direct Clip" daemon [_thread_blocked, id=84500, stack(0x000000b905300000,0x000000b905400000)]
  0x0000025a5650edd0 JavaThread "Direct Clip" daemon [_thread_blocked, id=81888, stack(0x000000b905400000,0x000000b905500000)]
  0x0000025a565122f0 JavaThread "Direct Clip" daemon [_thread_blocked, id=83880, stack(0x000000b905500000,0x000000b905600000)]
  0x0000025a565142d0 JavaThread "Direct Clip" daemon [_thread_blocked, id=76896, stack(0x000000b905600000,0x000000b905700000)]
  0x0000025a56510310 JavaThread "Direct Clip" daemon [_thread_blocked, id=82844, stack(0x000000b905700000,0x000000b905800000)]
  0x0000025a56513d80 JavaThread "Direct Clip" daemon [_thread_blocked, id=85920, stack(0x000000b905a00000,0x000000b905b00000)]
  0x0000025a56511300 JavaThread "Direct Clip" daemon [_thread_blocked, id=85788, stack(0x000000b905b00000,0x000000b905c00000)]
  0x0000025a56511850 JavaThread "Direct Clip" daemon [_thread_blocked, id=84200, stack(0x000000b905c00000,0x000000b905d00000)]
  0x0000025a56511da0 JavaThread "Direct Clip" daemon [_thread_blocked, id=78732, stack(0x000000b905d00000,0x000000b905e00000)]
  0x0000025a5650dde0 JavaThread "Direct Clip" daemon [_thread_blocked, id=80912, stack(0x000000b905e00000,0x000000b905f00000)]
  0x0000025a56514820 JavaThread "Direct Clip" daemon [_thread_blocked, id=83480, stack(0x000000b905f00000,0x000000b906000000)]
  0x0000025a56512840 JavaThread "Direct Clip" daemon [_thread_blocked, id=79036, stack(0x000000b906000000,0x000000b906100000)]
  0x0000025a5650cdf0 JavaThread "Direct Clip" daemon [_thread_blocked, id=15264, stack(0x000000b906100000,0x000000b906200000)]
  0x0000025a56514d70 JavaThread "Direct Clip" daemon [_thread_blocked, id=78988, stack(0x000000b906200000,0x000000b906300000)]
  0x0000025a56513830 JavaThread "Direct Clip" daemon [_thread_blocked, id=79724, stack(0x000000b906300000,0x000000b906400000)]
  0x0000025a56512d90 JavaThread "Direct Clip" daemon [_thread_blocked, id=78384, stack(0x000000b906400000,0x000000b906500000)]
  0x0000025a5650d340 JavaThread "Direct Clip" daemon [_thread_blocked, id=79348, stack(0x000000b906500000,0x000000b906600000)]
  0x0000025a5650d890 JavaThread "Direct Clip" daemon [_thread_blocked, id=79008, stack(0x000000b906600000,0x000000b906700000)]
  0x0000025a5650e330 JavaThread "Direct Clip" daemon [_thread_blocked, id=81944, stack(0x000000b906700000,0x000000b906800000)]
  0x0000025a565132e0 JavaThread "Direct Clip" daemon [_thread_blocked, id=78424, stack(0x000000b906800000,0x000000b906900000)]
  0x0000025a565162b0 JavaThread "Direct Clip" daemon [_thread_blocked, id=85696, stack(0x000000b906900000,0x000000b906a00000)]
  0x0000025a56515810 JavaThread "Direct Clip" daemon [_thread_blocked, id=83612, stack(0x000000b906a00000,0x000000b906b00000)]
  0x0000025a565152c0 JavaThread "Direct Clip" daemon [_thread_blocked, id=84232, stack(0x000000b906b00000,0x000000b906c00000)]
  0x0000025a56515d60 JavaThread "Direct Clip" daemon [_thread_blocked, id=85960, stack(0x000000b906c00000,0x000000b906d00000)]
  0x0000025a5650e880 JavaThread "Direct Clip" daemon [_thread_blocked, id=69592, stack(0x000000b906d00000,0x000000b906e00000)]
  0x0000025a56516800 JavaThread "Direct Clip" daemon [_thread_blocked, id=86212, stack(0x000000b906e00000,0x000000b906f00000)]
  0x0000025a56516d50 JavaThread "Direct Clip" daemon [_thread_blocked, id=77460, stack(0x000000b906f00000,0x000000b907000000)]
  0x0000025a5650f320 JavaThread "Direct Clip" daemon [_thread_blocked, id=85668, stack(0x000000b907000000,0x000000b907100000)]
  0x0000025a5650f870 JavaThread "Direct Clip" daemon [_thread_blocked, id=79032, stack(0x000000b907100000,0x000000b907200000)]
  0x0000025a565172a0 JavaThread "Direct Clip" daemon [_thread_blocked, id=74744, stack(0x000000b907200000,0x000000b907300000)]
  0x0000025a5650fdc0 JavaThread "Direct Clip" daemon [_thread_blocked, id=83428, stack(0x000000b907300000,0x000000b907400000)]
  0x0000025a577f80b0 JavaThread "Direct Clip" daemon [_thread_blocked, id=86668, stack(0x000000b907400000,0x000000b907500000)]
  0x0000025a577fbb20 JavaThread "Direct Clip" daemon [_thread_blocked, id=83228, stack(0x000000b907500000,0x000000b907600000)]
  0x0000025a577fcb10 JavaThread "Direct Clip" daemon [_thread_blocked, id=86368, stack(0x000000b907600000,0x000000b907700000)]
  0x0000025a577fb080 JavaThread "Direct Clip" daemon [_thread_blocked, id=84584, stack(0x000000b907700000,0x000000b907800000)]
  0x0000025a577f9b40 JavaThread "Direct Clip" daemon [_thread_blocked, id=86988, stack(0x000000b907800000,0x000000b907900000)]
  0x0000025a577f8600 JavaThread "Direct Clip" daemon [_thread_blocked, id=86376, stack(0x000000b907900000,0x000000b907a00000)]
  0x0000025a577fa090 JavaThread "Direct Clip" daemon [_thread_blocked, id=86948, stack(0x000000b907a00000,0x000000b907b00000)]
  0x0000025a577f8b50 JavaThread "Direct Clip" daemon [_thread_blocked, id=83584, stack(0x000000b907b00000,0x000000b907c00000)]
  0x0000025a577fab30 JavaThread "Direct Clip" daemon [_thread_blocked, id=86612, stack(0x000000b907c00000,0x000000b907d00000)]
  0x0000025a57800030 JavaThread "Direct Clip" daemon [_thread_blocked, id=35884, stack(0x000000b907d00000,0x000000b907e00000)]
  0x0000025a57800ad0 JavaThread "Direct Clip" daemon [_thread_blocked, id=84820, stack(0x000000b907e00000,0x000000b907f00000)]
  0x0000025a577fdb00 JavaThread "Direct Clip" daemon [_thread_blocked, id=85488, stack(0x000000b907f00000,0x000000b908000000)]
  0x0000025a577f90a0 JavaThread "Direct Clip" daemon [_thread_blocked, id=81404, stack(0x000000b908000000,0x000000b908100000)]
  0x0000025a577fc070 JavaThread "Direct Clip" daemon [_thread_blocked, id=83132, stack(0x000000b908100000,0x000000b908200000)]
  0x0000025a577f95f0 JavaThread "Direct Clip" daemon [_thread_blocked, id=83728, stack(0x000000b908200000,0x000000b908300000)]
  0x0000025a57801020 JavaThread "Direct Clip" daemon [_thread_blocked, id=84060, stack(0x000000b908300000,0x000000b908400000)]
  0x0000025a577fd060 JavaThread "Direct Clip" daemon [_thread_blocked, id=40912, stack(0x000000b908400000,0x000000b908500000)]
  0x0000025a577fd5b0 JavaThread "Direct Clip" daemon [_thread_blocked, id=86020, stack(0x000000b908500000,0x000000b908600000)]
  0x0000025a577fe050 JavaThread "Direct Clip" daemon [_thread_blocked, id=84932, stack(0x000000b908600000,0x000000b908700000)]
  0x0000025a57801570 JavaThread "Direct Clip" daemon [_thread_blocked, id=13000, stack(0x000000b908700000,0x000000b908800000)]
  0x0000025a577fc5c0 JavaThread "Direct Clip" daemon [_thread_blocked, id=86528, stack(0x000000b908800000,0x000000b908900000)]
  0x0000025a577fa5e0 JavaThread "Direct Clip" daemon [_thread_blocked, id=23096, stack(0x000000b908900000,0x000000b908a00000)]
  0x0000025a57801ac0 JavaThread "Direct Clip" daemon [_thread_blocked, id=29676, stack(0x000000b908a00000,0x000000b908b00000)]
  0x0000025a57803000 JavaThread "Direct Clip" daemon [_thread_blocked, id=82984, stack(0x000000b908b00000,0x000000b908c00000)]
  0x0000025a577feaf0 JavaThread "Direct Clip" daemon [_thread_blocked, id=86848, stack(0x000000b908c00000,0x000000b908d00000)]
  0x0000025a577fe5a0 JavaThread "Direct Clip" daemon [_thread_blocked, id=78464, stack(0x000000b908d00000,0x000000b908e00000)]
  0x0000025a57802ab0 JavaThread "Direct Clip" daemon [_thread_blocked, id=69808, stack(0x000000b908e00000,0x000000b908f00000)]
  0x0000025a577ff040 JavaThread "Direct Clip" daemon [_thread_blocked, id=67400, stack(0x000000b908f00000,0x000000b909000000)]
  0x0000025a577ff590 JavaThread "Direct Clip" daemon [_thread_blocked, id=1424, stack(0x000000b909000000,0x000000b909100000)]
  0x0000025a57802010 JavaThread "Direct Clip" daemon [_thread_blocked, id=86164, stack(0x000000b909100000,0x000000b909200000)]
  0x0000025a57802560 JavaThread "Direct Clip" daemon [_thread_blocked, id=29688, stack(0x000000b909200000,0x000000b909300000)]
  0x0000025a577ffae0 JavaThread "Direct Clip" daemon [_thread_blocked, id=79204, stack(0x000000b909300000,0x000000b909400000)]
  0x0000025a57800580 JavaThread "Direct Clip" daemon [_thread_blocked, id=79156, stack(0x000000b909400000,0x000000b909500000)]
  0x0000025a577fb5d0 JavaThread "Direct Clip" daemon [_thread_blocked, id=86476, stack(0x000000b909500000,0x000000b909600000)]
  0x0000025a578094f0 JavaThread "Direct Clip" daemon [_thread_blocked, id=77468, stack(0x000000b909600000,0x000000b909700000)]
  0x0000025a57806fc0 JavaThread "Direct Clip" daemon [_thread_blocked, id=84412, stack(0x000000b909700000,0x000000b909800000)]
  0x0000025a57807fb0 JavaThread "Direct Clip" daemon [_thread_blocked, id=87044, stack(0x000000b909800000,0x000000b909900000)]
  0x0000025a57809a40 JavaThread "Direct Clip" daemon [_thread_blocked, id=87048, stack(0x000000b909900000,0x000000b909a00000)]
  0x0000025a57803550 JavaThread "Direct Clip" daemon [_thread_blocked, id=87052, stack(0x000000b909a00000,0x000000b909b00000)]
  0x0000025a57808500 JavaThread "Direct Clip" daemon [_thread_blocked, id=87056, stack(0x000000b909b00000,0x000000b909c00000)]
  0x0000025a57805a80 JavaThread "Direct Clip" daemon [_thread_blocked, id=87060, stack(0x000000b909c00000,0x000000b909d00000)]
  0x0000025a57808a50 JavaThread "Direct Clip" daemon [_thread_blocked, id=87064, stack(0x000000b909d00000,0x000000b909e00000)]
  0x0000025a57807a60 JavaThread "Direct Clip" daemon [_thread_blocked, id=87068, stack(0x000000b909e00000,0x000000b909f00000)]
  0x0000025a57806a70 JavaThread "Direct Clip" daemon [_thread_blocked, id=87072, stack(0x000000b909f00000,0x000000b90a000000)]
  0x0000025a57808fa0 JavaThread "Direct Clip" daemon [_thread_blocked, id=87076, stack(0x000000b90a000000,0x000000b90a100000)]
  0x0000025a57804a90 JavaThread "Direct Clip" daemon [_thread_blocked, id=87080, stack(0x000000b90a100000,0x000000b90a200000)]
  0x0000025a57809f90 JavaThread "Direct Clip" daemon [_thread_blocked, id=87084, stack(0x000000b90a200000,0x000000b90a300000)]
  0x0000025a57805fd0 JavaThread "Direct Clip" daemon [_thread_blocked, id=87088, stack(0x000000b90a300000,0x000000b90a400000)]
  0x0000025a5780a4e0 JavaThread "Direct Clip" daemon [_thread_blocked, id=87092, stack(0x000000b90a400000,0x000000b90a500000)]
  0x0000025a5780aa30 JavaThread "Direct Clip" daemon [_thread_blocked, id=87096, stack(0x000000b90a500000,0x000000b90a600000)]
  0x0000025a5780b4d0 JavaThread "Direct Clip" daemon [_thread_blocked, id=87100, stack(0x000000b90a600000,0x000000b90a700000)]
  0x0000025a57804540 JavaThread "Direct Clip" daemon [_thread_blocked, id=87104, stack(0x000000b90a700000,0x000000b90a800000)]
  0x0000025a57807510 JavaThread "Direct Clip" daemon [_thread_blocked, id=87108, stack(0x000000b90a800000,0x000000b90a900000)]
  0x0000025a57805530 JavaThread "Direct Clip" daemon [_thread_blocked, id=87112, stack(0x000000b90a900000,0x000000b90aa00000)]
  0x0000025a5780af80 JavaThread "Direct Clip" daemon [_thread_blocked, id=87116, stack(0x000000b90aa00000,0x000000b90ab00000)]
  0x0000025a57803aa0 JavaThread "Direct Clip" daemon [_thread_blocked, id=87120, stack(0x000000b90ab00000,0x000000b90ac00000)]
  0x0000025a5780ba20 JavaThread "Direct Clip" daemon [_thread_blocked, id=87124, stack(0x000000b90ac00000,0x000000b90ad00000)]
  0x0000025a57803ff0 JavaThread "Direct Clip" daemon [_thread_blocked, id=87128, stack(0x000000b90ad00000,0x000000b90ae00000)]
  0x0000025a57804fe0 JavaThread "Direct Clip" daemon [_thread_blocked, id=87132, stack(0x000000b90ae00000,0x000000b90af00000)]
  0x0000025a5780bf70 JavaThread "Direct Clip" daemon [_thread_blocked, id=87136, stack(0x000000b90af00000,0x000000b90b000000)]
  0x0000025a5780c4c0 JavaThread "Direct Clip" daemon [_thread_blocked, id=87140, stack(0x000000b90b000000,0x000000b90b100000)]
  0x0000025a5780ca10 JavaThread "Direct Clip" daemon [_thread_blocked, id=87144, stack(0x000000b90b100000,0x000000b90b200000)]
  0x0000025a5780cf60 JavaThread "Direct Clip" daemon [_thread_blocked, id=87148, stack(0x000000b90b200000,0x000000b90b300000)]
  0x0000025a57806520 JavaThread "Direct Clip" daemon [_thread_blocked, id=87152, stack(0x000000b90b300000,0x000000b90b400000)]
  0x0000025a5780f490 JavaThread "Direct Clip" daemon [_thread_blocked, id=87156, stack(0x000000b90b400000,0x000000b90b500000)]
  0x0000025a578139a0 JavaThread "Direct Clip" daemon [_thread_blocked, id=87160, stack(0x000000b90b500000,0x000000b90b600000)]
  0x0000025a57812460 JavaThread "Direct Clip" daemon [_thread_blocked, id=87164, stack(0x000000b90b600000,0x000000b90b700000)]
  0x0000025a57814ee0 JavaThread "Direct Clip" daemon [_thread_blocked, id=87168, stack(0x000000b90b700000,0x000000b90b800000)]
  0x0000025a57814440 JavaThread "Direct Clip" daemon [_thread_blocked, id=87172, stack(0x000000b90b800000,0x000000b90b900000)]
  0x0000025a5780f9e0 JavaThread "Direct Clip" daemon [_thread_blocked, id=87176, stack(0x000000b90b900000,0x000000b90ba00000)]
  0x0000025a57814990 JavaThread "Direct Clip" daemon [_thread_blocked, id=87180, stack(0x000000b90ba00000,0x000000b90bb00000)]
  0x0000025a5780ff30 JavaThread "Direct Clip" daemon [_thread_blocked, id=87184, stack(0x000000b90bb00000,0x000000b90bc00000)]
  0x0000025a57811470 JavaThread "Direct Clip" daemon [_thread_blocked, id=87188, stack(0x000000b90bc00000,0x000000b90bd00000)]
  0x0000025a5780d4b0 JavaThread "Direct Clip" daemon [_thread_blocked, id=87192, stack(0x000000b90bd00000,0x000000b90be00000)]
  0x0000025a5780ef40 JavaThread "Direct Clip" daemon [_thread_blocked, id=87196, stack(0x000000b90be00000,0x000000b90bf00000)]
  0x0000025a57810480 JavaThread "Direct Clip" daemon [_thread_blocked, id=87200, stack(0x000000b90bf00000,0x000000b90c000000)]
  0x0000025a578129b0 JavaThread "Direct Clip" daemon [_thread_blocked, id=87204, stack(0x000000b90c000000,0x000000b90c100000)]
  0x0000025a578119c0 JavaThread "Direct Clip" daemon [_thread_blocked, id=87208, stack(0x000000b90c100000,0x000000b90c200000)]
  0x0000025a57811f10 JavaThread "Direct Clip" daemon [_thread_blocked, id=87212, stack(0x000000b90c200000,0x000000b90c300000)]
  0x0000025a578109d0 JavaThread "Direct Clip" daemon [_thread_blocked, id=87216, stack(0x000000b90c300000,0x000000b90c400000)]
  0x0000025a57812f00 JavaThread "Direct Clip" daemon [_thread_blocked, id=87220, stack(0x000000b90c400000,0x000000b90c500000)]
  0x0000025a57813ef0 JavaThread "Direct Clip" daemon [_thread_blocked, id=87224, stack(0x000000b90c500000,0x000000b90c600000)]
  0x0000025a57810f20 JavaThread "Direct Clip" daemon [_thread_blocked, id=87228, stack(0x000000b90c600000,0x000000b90c700000)]
  0x0000025a57813450 JavaThread "Direct Clip" daemon [_thread_blocked, id=87232, stack(0x000000b90c700000,0x000000b90c800000)]
  0x0000025a57815430 JavaThread "Direct Clip" daemon [_thread_blocked, id=87236, stack(0x000000b90c800000,0x000000b90c900000)]
  0x0000025a5780da00 JavaThread "Direct Clip" daemon [_thread_blocked, id=87240, stack(0x000000b90c900000,0x000000b90ca00000)]
  0x0000025a5780e4a0 JavaThread "Direct Clip" daemon [_thread_blocked, id=87252, stack(0x000000b90ca00000,0x000000b90cb00000)]
  0x0000025a57815980 JavaThread "Direct Clip" daemon [_thread_blocked, id=87272, stack(0x000000b90cb00000,0x000000b90cc00000)]
  0x0000025a5780df50 JavaThread "Direct Clip" daemon [_thread_blocked, id=87288, stack(0x000000b90cc00000,0x000000b90cd00000)]
  0x0000025a57815ed0 JavaThread "Direct Clip" daemon [_thread_blocked, id=87312, stack(0x000000b90cd00000,0x000000b90ce00000)]
  0x0000025a5780e9f0 JavaThread "Direct Clip" daemon [_thread_blocked, id=87336, stack(0x000000b90ce00000,0x000000b90cf00000)]
  0x0000025a57816420 JavaThread "Direct Clip" daemon [_thread_blocked, id=87344, stack(0x000000b90cf00000,0x000000b90d000000)]
  0x0000025a57816970 JavaThread "Direct Clip" daemon [_thread_blocked, id=87356, stack(0x000000b90d000000,0x000000b90d100000)]
  0x0000025a57816ec0 JavaThread "Direct Clip" daemon [_thread_blocked, id=87360, stack(0x000000b90d100000,0x000000b90d200000)]
  0x0000025a57817410 JavaThread "Direct Clip" daemon [_thread_blocked, id=87392, stack(0x000000b90d200000,0x000000b90d300000)]
  0x0000025a57817960 JavaThread "Direct Clip" daemon [_thread_blocked, id=87404, stack(0x000000b90d300000,0x000000b90d400000)]
  0x0000025a56cd2190 JavaThread "Direct Clip" daemon [_thread_blocked, id=87416, stack(0x000000b90d400000,0x000000b90d500000)]
  0x0000025a56cd01b0 JavaThread "Direct Clip" daemon [_thread_blocked, id=87420, stack(0x000000b90d500000,0x000000b90d600000)]
  0x0000025a56ccd730 JavaThread "Direct Clip" daemon [_thread_blocked, id=87428, stack(0x000000b90d600000,0x000000b90d700000)]
  0x0000025a56ccbca0 JavaThread "Direct Clip" daemon [_thread_blocked, id=87432, stack(0x000000b90d700000,0x000000b90d800000)]
  0x0000025a56cd2c30 JavaThread "Direct Clip" daemon [_thread_blocked, id=87436, stack(0x000000b90d800000,0x000000b90d900000)]
  0x0000025a56cd3180 JavaThread "Direct Clip" daemon [_thread_blocked, id=87440, stack(0x000000b90d900000,0x000000b90da00000)]
  0x0000025a56cd0c50 JavaThread "Direct Clip" daemon [_thread_blocked, id=87444, stack(0x000000b90da00000,0x000000b90db00000)]
  0x0000025a56ccb750 JavaThread "Direct Clip" daemon [_thread_blocked, id=87448, stack(0x000000b90db00000,0x000000b90dc00000)]
  0x0000025a56ccc740 JavaThread "Direct Clip" daemon [_thread_blocked, id=87460, stack(0x000000b90dc00000,0x000000b90dd00000)]
  0x0000025a56cd1c40 JavaThread "Direct Clip" daemon [_thread_blocked, id=87464, stack(0x000000b90dd00000,0x000000b90de00000)]
  0x0000025a56ccfc60 JavaThread "Direct Clip" daemon [_thread_blocked, id=87472, stack(0x000000b90de00000,0x000000b90df00000)]
  0x0000025a56ccd1e0 JavaThread "Direct Clip" daemon [_thread_blocked, id=87480, stack(0x000000b90df00000,0x000000b90e000000)]
  0x0000025a56cd36d0 JavaThread "Direct Clip" daemon [_thread_blocked, id=87484, stack(0x000000b90e000000,0x000000b90e100000)]
  0x0000025a56ccdc80 JavaThread "Direct Clip" daemon [_thread_blocked, id=87488, stack(0x000000b90e100000,0x000000b90e200000)]
  0x0000025a56cccc90 JavaThread "Direct Clip" daemon [_thread_blocked, id=87492, stack(0x000000b90e200000,0x000000b90e300000)]
  0x0000025a56cce1d0 JavaThread "Direct Clip" daemon [_thread_blocked, id=87496, stack(0x000000b90e300000,0x000000b90e400000)]
  0x0000025a56cd0700 JavaThread "Direct Clip" daemon [_thread_blocked, id=87500, stack(0x000000b90e400000,0x000000b90e500000)]
  0x0000025a56ccf1c0 JavaThread "Direct Clip" daemon [_thread_blocked, id=87504, stack(0x000000b90e500000,0x000000b90e600000)]
  0x0000025a56cce720 JavaThread "Direct Clip" daemon [_thread_blocked, id=87508, stack(0x000000b90e600000,0x000000b90e700000)]
  0x0000025a56ccec70 JavaThread "Direct Clip" daemon [_thread_blocked, id=87512, stack(0x000000b90e700000,0x000000b90e800000)]
  0x0000025a56cd26e0 JavaThread "Direct Clip" daemon [_thread_blocked, id=87516, stack(0x000000b90e800000,0x000000b90e900000)]
  0x0000025a56cd11a0 JavaThread "Direct Clip" daemon [_thread_blocked, id=87520, stack(0x000000b90e900000,0x000000b90ea00000)]
  0x0000025a56cd3c20 JavaThread "Direct Clip" daemon [_thread_blocked, id=87524, stack(0x000000b90ea00000,0x000000b90eb00000)]
  0x0000025a56ccf710 JavaThread "Direct Clip" daemon [_thread_blocked, id=87528, stack(0x000000b90eb00000,0x000000b90ec00000)]
  0x0000025a56ccc1f0 JavaThread "Direct Clip" daemon [_thread_blocked, id=87532, stack(0x000000b90ec00000,0x000000b90ed00000)]
  0x0000025a56cd4170 JavaThread "Direct Clip" daemon [_thread_blocked, id=87536, stack(0x000000b90ed00000,0x000000b90ee00000)]
  0x0000025a56cd46c0 JavaThread "Direct Clip" daemon [_thread_blocked, id=87540, stack(0x000000b90ee00000,0x000000b90ef00000)]
  0x0000025a56cd16f0 JavaThread "Direct Clip" daemon [_thread_blocked, id=87544, stack(0x000000b90ef00000,0x000000b90f000000)]
  0x0000025a56cd4c10 JavaThread "Direct Clip" daemon [_thread_blocked, id=87548, stack(0x000000b90f000000,0x000000b90f100000)]
  0x0000025a56cd5160 JavaThread "Direct Clip" daemon [_thread_blocked, id=87552, stack(0x000000b90f100000,0x000000b90f200000)]
  0x0000025a56cd56b0 JavaThread "Direct Clip" daemon [_thread_blocked, id=87556, stack(0x000000b90f200000,0x000000b90f300000)]
  0x0000025a56cd5c00 JavaThread "Direct Clip" daemon [_thread_blocked, id=87560, stack(0x000000b90f300000,0x000000b90f400000)]
  0x0000025a56cbc2f0 JavaThread "Direct Clip" daemon [_thread_blocked, id=87564, stack(0x000000b90f400000,0x000000b90f500000)]
  0x0000025a56cb68a0 JavaThread "Direct Clip" daemon [_thread_blocked, id=87568, stack(0x000000b90f500000,0x000000b90f600000)]
  0x0000025a56cb6df0 JavaThread "Direct Clip" daemon [_thread_blocked, id=87572, stack(0x000000b90f600000,0x000000b90f700000)]
  0x0000025a56cb7340 JavaThread "Direct Clip" daemon [_thread_blocked, id=87576, stack(0x000000b90f700000,0x000000b90f800000)]
  0x0000025a56cbd830 JavaThread "Direct Clip" daemon [_thread_blocked, id=87580, stack(0x000000b90f800000,0x000000b90f900000)]
  0x0000025a56cb6350 JavaThread "Direct Clip" daemon [_thread_blocked, id=87584, stack(0x000000b90f900000,0x000000b90fa00000)]
  0x0000025a56cb7890 JavaThread "Direct Clip" daemon [_thread_blocked, id=87588, stack(0x000000b90fa00000,0x000000b90fb00000)]
  0x0000025a56cbb850 JavaThread "Direct Clip" daemon [_thread_blocked, id=87592, stack(0x000000b90fb00000,0x000000b90fc00000)]
  0x0000025a56cbc840 JavaThread "Direct Clip" daemon [_thread_blocked, id=87596, stack(0x000000b90fc00000,0x000000b90fd00000)]
  0x0000025a56cb9870 JavaThread "Direct Clip" daemon [_thread_blocked, id=87600, stack(0x000000b90fd00000,0x000000b90fe00000)]
  0x0000025a56cbadb0 JavaThread "Direct Clip" daemon [_thread_blocked, id=87604, stack(0x000000b90fe00000,0x000000b90ff00000)]
  0x0000025a56cbbda0 JavaThread "Direct Clip" daemon [_thread_blocked, id=87608, stack(0x000000b90ff00000,0x000000b910000000)]
  0x0000025a56cbcd90 JavaThread "Direct Clip" daemon [_thread_blocked, id=87612, stack(0x000000b910000000,0x000000b910100000)]
  0x0000025a56cb9dc0 JavaThread "Direct Clip" daemon [_thread_blocked, id=87616, stack(0x000000b910100000,0x000000b910200000)]
  0x0000025a56cb8880 JavaThread "Direct Clip" daemon [_thread_blocked, id=87620, stack(0x000000b910200000,0x000000b910300000)]
  0x0000025a56cbe2d0 JavaThread "Direct Clip" daemon [_thread_blocked, id=87624, stack(0x000000b910300000,0x000000b910400000)]
  0x0000025a56cb7de0 JavaThread "Direct Clip" daemon [_thread_blocked, id=87628, stack(0x000000b910400000,0x000000b910500000)]
  0x0000025a56cbd2e0 JavaThread "Direct Clip" daemon [_thread_blocked, id=87632, stack(0x000000b910500000,0x000000b910600000)]
  0x0000025a56cbdd80 JavaThread "Direct Clip" daemon [_thread_blocked, id=87636, stack(0x000000b910600000,0x000000b910700000)]
  0x0000025a56cb8dd0 JavaThread "Direct Clip" daemon [_thread_blocked, id=87640, stack(0x000000b910700000,0x000000b910800000)]
  0x0000025a56cb9320 JavaThread "Direct Clip" daemon [_thread_blocked, id=87644, stack(0x000000b910800000,0x000000b910900000)]
  0x0000025a56cbe820 JavaThread "Direct Clip" daemon [_thread_blocked, id=87648, stack(0x000000b910900000,0x000000b910a00000)]
  0x0000025a56cbed70 JavaThread "Direct Clip" daemon [_thread_blocked, id=87652, stack(0x000000b910a00000,0x000000b910b00000)]
  0x0000025a56cba310 JavaThread "Direct Clip" daemon [_thread_blocked, id=87656, stack(0x000000b910b00000,0x000000b910c00000)]
  0x0000025a56cbf2c0 JavaThread "Direct Clip" daemon [_thread_blocked, id=87660, stack(0x000000b910c00000,0x000000b910d00000)]
  0x0000025a56cbf810 JavaThread "Direct Clip" daemon [_thread_blocked, id=87664, stack(0x000000b910d00000,0x000000b910e00000)]
  0x0000025a56cbfd60 JavaThread "Direct Clip" daemon [_thread_blocked, id=87668, stack(0x000000b910e00000,0x000000b910f00000)]
  0x0000025a56cba860 JavaThread "Direct Clip" daemon [_thread_blocked, id=87672, stack(0x000000b910f00000,0x000000b911000000)]
  0x0000025a56cbb300 JavaThread "Direct Clip" daemon [_thread_blocked, id=87676, stack(0x000000b911000000,0x000000b911100000)]
  0x0000025a56cb8330 JavaThread "Direct Clip" daemon [_thread_blocked, id=87680, stack(0x000000b911100000,0x000000b911200000)]
  0x0000025a56cc3d20 JavaThread "Direct Clip" daemon [_thread_blocked, id=87684, stack(0x000000b911200000,0x000000b911300000)]
  0x0000025a56cc67a0 JavaThread "Direct Clip" daemon [_thread_blocked, id=87692, stack(0x000000b911300000,0x000000b911400000)]
  0x0000025a56cc6250 JavaThread "Direct Clip" daemon [_thread_blocked, id=87696, stack(0x000000b911400000,0x000000b911500000)]
  0x0000025a56cc6cf0 JavaThread "Direct Clip" daemon [_thread_blocked, id=87700, stack(0x000000b911500000,0x000000b911600000)]
  0x0000025a56cc57b0 JavaThread "Direct Clip" daemon [_thread_blocked, id=87704, stack(0x000000b911600000,0x000000b911700000)]
  0x0000025a56cc17f0 JavaThread "Direct Clip" daemon [_thread_blocked, id=87708, stack(0x000000b911700000,0x000000b911800000)]
  0x0000025a56cc1d40 JavaThread "Direct Clip" daemon [_thread_blocked, id=87712, stack(0x000000b911800000,0x000000b911900000)]
  0x0000025a56cc7240 JavaThread "Direct Clip" daemon [_thread_blocked, id=87716, stack(0x000000b911900000,0x000000b911a00000)]
  0x0000025a56cc0800 JavaThread "Direct Clip" daemon [_thread_blocked, id=87720, stack(0x000000b911a00000,0x000000b911b00000)]
  0x0000025a56cc5d00 JavaThread "Direct Clip" daemon [_thread_blocked, id=87724, stack(0x000000b911b00000,0x000000b911c00000)]
  0x0000025a56cc3280 JavaThread "Direct Clip" daemon [_thread_blocked, id=87728, stack(0x000000b911c00000,0x000000b911d00000)]
  0x0000025a56cc37d0 JavaThread "Direct Clip" daemon [_thread_blocked, id=87732, stack(0x000000b911d00000,0x000000b911e00000)]
  0x0000025a56cc7790 JavaThread "Direct Clip" daemon [_thread_blocked, id=87736, stack(0x000000b911e00000,0x000000b911f00000)]
  0x0000025a56cc4d10 JavaThread "Direct Clip" daemon [_thread_blocked, id=87740, stack(0x000000b911f00000,0x000000b912000000)]
  0x0000025a56cc4270 JavaThread "Direct Clip" daemon [_thread_blocked, id=87744, stack(0x000000b912000000,0x000000b912100000)]
  0x0000025a56cc47c0 JavaThread "Direct Clip" daemon [_thread_blocked, id=87748, stack(0x000000b912100000,0x000000b912200000)]
  0x0000025a56cc7ce0 JavaThread "Image Fetcher 0" daemon [_thread_blocked, id=87752, stack(0x000000b912200000,0x000000b912300000)]
  0x0000025a56cc02b0 JavaThread "Direct Clip" daemon [_thread_blocked, id=87756, stack(0x000000b912300000,0x000000b912400000)]
  0x0000025a56cc2290 JavaThread "Direct Clip" daemon [_thread_blocked, id=87760, stack(0x000000b912400000,0x000000b912500000)]
  0x0000025a56cc27e0 JavaThread "Direct Clip" daemon [_thread_blocked, id=87764, stack(0x000000b912500000,0x000000b912600000)]
  0x0000025a56cc5260 JavaThread "Direct Clip" daemon [_thread_blocked, id=87772, stack(0x000000b912600000,0x000000b912700000)]
  0x0000025a56cc8230 JavaThread "Direct Clip" daemon [_thread_blocked, id=87776, stack(0x000000b912700000,0x000000b912800000)]
  0x0000025a56cc8780 JavaThread "Direct Clip" daemon [_thread_blocked, id=87800, stack(0x000000b912800000,0x000000b912900000)]
  0x0000025a56cc0d50 JavaThread "Direct Clip" daemon [_thread_blocked, id=87816, stack(0x000000b912900000,0x000000b912a00000)]
  0x0000025a56cc8cd0 JavaThread "Direct Clip" daemon [_thread_blocked, id=87836, stack(0x000000b912a00000,0x000000b912b00000)]
  0x0000025a56cc12a0 JavaThread "Direct Clip" daemon [_thread_blocked, id=87840, stack(0x000000b912b00000,0x000000b912c00000)]
  0x0000025a56cc9220 JavaThread "Direct Clip" daemon [_thread_blocked, id=87844, stack(0x000000b912c00000,0x000000b912d00000)]
  0x0000025a56cc9770 JavaThread "Direct Clip" daemon [_thread_blocked, id=87848, stack(0x000000b912d00000,0x000000b912e00000)]
  0x0000025a56cc9cc0 JavaThread "Direct Clip" daemon [_thread_blocked, id=87852, stack(0x000000b912e00000,0x000000b912f00000)]
  0x0000025a56cca210 JavaThread "Direct Clip" daemon [_thread_blocked, id=87856, stack(0x000000b912f00000,0x000000b913000000)]
  0x0000025a56cca760 JavaThread "Direct Clip" daemon [_thread_blocked, id=87860, stack(0x000000b913000000,0x000000b913100000)]
  0x0000025a56cc2d30 JavaThread "Direct Clip" daemon [_thread_blocked, id=87864, stack(0x000000b913100000,0x000000b913200000)]
  0x0000025a56ccacb0 JavaThread "Direct Clip" daemon [_thread_blocked, id=87868, stack(0x000000b913200000,0x000000b913300000)]
  0x0000025a56ccb200 JavaThread "Direct Clip" daemon [_thread_blocked, id=87872, stack(0x000000b913300000,0x000000b913400000)]
  0x0000025a56b68a40 JavaThread "C2 CompilerThread1" daemon [_thread_in_native, id=87880, stack(0x000000b913400000,0x000000b913500000)]

Other Threads:
  0x0000025a4d95e880 VMThread "VM Thread" [stack: 0x000000b966100000,0x000000b966200000] [id=86304]
  0x0000025a5222c410 WatcherThread "VM Periodic Task Thread" [stack: 0x000000b966c00000,0x000000b966d00000] [id=76772]
  0x0000025a2a834490 WorkerThread "GC Thread#0" [stack: 0x000000b965c00000,0x000000b965d00000] [id=84936]
  0x0000025a52c2f900 WorkerThread "GC Thread#1" [stack: 0x000000b968b00000,0x000000b968c00000] [id=76972]
  0x0000025a52c2f360 WorkerThread "GC Thread#2" [stack: 0x000000b968c00000,0x000000b968d00000] [id=79324]
  0x0000025a52c2fea0 WorkerThread "GC Thread#3" [stack: 0x000000b968d00000,0x000000b968e00000] [id=82488]
  0x0000025a52c309e0 WorkerThread "GC Thread#4" [stack: 0x000000b968e00000,0x000000b968f00000] [id=81000]
  0x0000025a52c2fbd0 WorkerThread "GC Thread#5" [stack: 0x000000b968f00000,0x000000b969000000] [id=83948]
  0x0000025a52c30440 WorkerThread "GC Thread#6" [stack: 0x000000b969000000,0x000000b969100000] [id=85232]
  0x0000025a52c30170 WorkerThread "GC Thread#7" [stack: 0x000000b969100000,0x000000b969200000] [id=86328]
  0x0000025a52c30710 WorkerThread "GC Thread#8" [stack: 0x000000b969200000,0x000000b969300000] [id=72940]
  0x0000025a52c30cb0 WorkerThread "GC Thread#9" [stack: 0x000000b969300000,0x000000b969400000] [id=85680]
  0x0000025a2a845390 ConcurrentGCThread "G1 Main Marker" [stack: 0x000000b965d00000,0x000000b965e00000] [id=86644]
  0x0000025a2a846560 WorkerThread "G1 Conc#0" [stack: 0x000000b965e00000,0x000000b965f00000] [id=82052]
  0x0000025a5685c090 WorkerThread "G1 Conc#1" [stack: 0x000000b974d00000,0x000000b974e00000] [id=86952]
  0x0000025a5685d710 WorkerThread "G1 Conc#2" [stack: 0x000000b974e00000,0x000000b974f00000] [id=73548]
  0x0000025a2a88e360 ConcurrentGCThread "G1 Refine#0" [stack: 0x000000b965f00000,0x000000b966000000] [id=84068]
  0x0000025a4d817ff0 ConcurrentGCThread "G1 Service" [stack: 0x000000b966000000,0x000000b966100000] [id=86508]

Threads with active compile tasks:
C2 CompilerThread0    15703 2971   !   4       javax.swing.RepaintManager::addDirtyRegion0 (205 bytes)
C2 CompilerThread1    15703 2982       4       javax.swing.ImageIcon::<init> (7 bytes)

VM state: not at safepoint (normal execution)

VM Mutex/Monitor currently owned by a thread: None

OutOfMemory and StackOverflow Exception counts:
OutOfMemoryError java_heap_errors=1
LinkageErrors=12

Heap address: 0x0000000702000000, size: 4064 MB, Compressed Oops mode: Zero based, Oop shift amount: 3

CDS archive(s) mapped at: [0x0000000800000000-0x0000000800c40000-0x0000000800c40000), size 12845056, SharedBaseAddress: 0x0000000800000000, ArchiveRelocationMode: 0.
Compressed class space mapped at: 0x0000000801000000-0x0000000841000000, reserved size: 1073741824
Narrow klass base: 0x0000000800000000, Narrow klass shift: 0, Narrow klass range: 0x100000000

GC Precious Log:
 CardTable entry size: 512
 Card Set container configuration: InlinePtr #cards 4 size 8 Array Of Cards #cards 16 size 48 Howl #buckets 8 coarsen threshold 3686 Howl Bitmap #cards 512 size 80 coarsen threshold 460 Card regions per heap region 1 cards per card region 4096
 CPUs: 12 total, 12 available
 Memory: 16252M
 Large Page Support: Disabled
 NUMA Support: Disabled
 Compressed Oops: Enabled (Zero based)
 Heap Region Size: 2M
 Heap Min Capacity: 8M
 Heap Initial Capacity: 254M
 Heap Max Capacity: 4064M
 Pre-touch: Disabled
 Parallel Workers: 10
 Concurrent Workers: 3
 Concurrent Refinement Workers: 10
 Periodic GC: Disabled

Heap:
 garbage-first heap   total 948224K, used 711385K [0x0000000702000000, 0x0000000800000000)
  region size 2048K, 35 young (71680K), 3 survivors (6144K)
 Metaspace       used 12826K, committed 13120K, reserved 1114112K
  class space    used 1388K, committed 1536K, reserved 1048576K

Heap Regions: E=young(eden), S=young(survivor), O=old, HS=humongous(starts), HC=humongous(continues), CS=collection set, F=free, OA=open archive, CA=closed archive, TAMS=top-at-mark-start (previous, next)
|   0|0x0000000702000000, 0x0000000702200000, 0x0000000702200000|100%|HS|  |TAMS 0x0000000702200000, 0x0000000702000000| Complete 
|   1|0x0000000702200000, 0x0000000702400000, 0x0000000702400000|100%|HC|  |TAMS 0x0000000702400000, 0x0000000702200000| Complete 
|   2|0x0000000702400000, 0x0000000702600000, 0x0000000702600000|100%|HC|  |TAMS 0x0000000702600000, 0x0000000702400000| Complete 
|   3|0x0000000702600000, 0x0000000702800000, 0x0000000702800000|100%|HS|  |TAMS 0x0000000702800000, 0x0000000702600000| Complete 
|   4|0x0000000702800000, 0x0000000702a00000, 0x0000000702a00000|100%|HC|  |TAMS 0x0000000702a00000, 0x0000000702800000| Complete 
|   5|0x0000000702a00000, 0x0000000702c00000, 0x0000000702c00000|100%|HC|  |TAMS 0x0000000702c00000, 0x0000000702a00000| Complete 
|   6|0x0000000702c00000, 0x0000000702e00000, 0x0000000702e00000|100%|HC|  |TAMS 0x0000000702e00000, 0x0000000702c00000| Complete 
|   7|0x0000000702e00000, 0x0000000703000000, 0x0000000703000000|100%|HS|  |TAMS 0x0000000703000000, 0x0000000702e00000| Complete 
|   8|0x0000000703000000, 0x0000000703200000, 0x0000000703200000|100%|HC|  |TAMS 0x0000000703200000, 0x0000000703000000| Complete 
|   9|0x0000000703200000, 0x0000000703400000, 0x0000000703400000|100%|HS|  |TAMS 0x0000000703400000, 0x0000000703200000| Complete 
|  10|0x0000000703400000, 0x0000000703600000, 0x0000000703600000|100%| O|  |TAMS 0x0000000703600000, 0x0000000703400000| Untracked 
|  11|0x0000000703600000, 0x0000000703800000, 0x0000000703800000|100%| O|  |TAMS 0x0000000703800000, 0x0000000703600000| Untracked 
|  12|0x0000000703800000, 0x0000000703a00000, 0x0000000703a00000|100%| O|  |TAMS 0x0000000703800000, 0x0000000703800000| Untracked 
|  13|0x0000000703a00000, 0x0000000703c00000, 0x0000000703c00000|100%| O|  |TAMS 0x0000000703a00000, 0x0000000703a00000| Untracked 
|  14|0x0000000703c00000, 0x0000000703e00000, 0x0000000703e00000|100%| O|  |TAMS 0x0000000703c00000, 0x0000000703c00000| Untracked 
|  15|0x0000000703e00000, 0x0000000704000000, 0x0000000704000000|100%| O|  |TAMS 0x0000000703e00000, 0x0000000703e00000| Untracked 
|  16|0x0000000704000000, 0x0000000704200000, 0x0000000704200000|100%| O|  |TAMS 0x0000000704000000, 0x0000000704000000| Untracked 
|  17|0x0000000704200000, 0x0000000704400000, 0x0000000704400000|100%| O|  |TAMS 0x0000000704200000, 0x0000000704200000| Untracked 
|  18|0x0000000704400000, 0x0000000704600000, 0x0000000704600000|100%| O|  |TAMS 0x0000000704400000, 0x0000000704400000| Untracked 
|  19|0x0000000704600000, 0x0000000704800000, 0x0000000704800000|100%| O|  |TAMS 0x0000000704800000, 0x0000000704600000| Untracked 
|  20|0x0000000704800000, 0x0000000704a00000, 0x0000000704a00000|100%| O|  |TAMS 0x0000000704800000, 0x0000000704800000| Untracked 
|  21|0x0000000704a00000, 0x0000000704c00000, 0x0000000704c00000|100%| O|  |TAMS 0x0000000704a00000, 0x0000000704a00000| Untracked 
|  22|0x0000000704c00000, 0x0000000704e00000, 0x0000000704e00000|100%| O|  |TAMS 0x0000000704c00000, 0x0000000704c00000| Untracked 
|  23|0x0000000704e00000, 0x0000000705000000, 0x0000000705000000|100%| O|  |TAMS 0x0000000705000000, 0x0000000704e00000| Untracked 
|  24|0x0000000705000000, 0x0000000705200000, 0x0000000705200000|100%| O|  |TAMS 0x0000000705200000, 0x0000000705000000| Untracked 
|  25|0x0000000705200000, 0x0000000705400000, 0x0000000705400000|100%| O|  |TAMS 0x0000000705200000, 0x0000000705200000| Untracked 
|  26|0x0000000705400000, 0x0000000705600000, 0x0000000705600000|100%| O|  |TAMS 0x0000000705400000, 0x0000000705400000| Untracked 
|  27|0x0000000705600000, 0x0000000705800000, 0x0000000705800000|100%| O|  |TAMS 0x0000000705800000, 0x0000000705600000| Untracked 
|  28|0x0000000705800000, 0x0000000705a00000, 0x0000000705a00000|100%| O|  |TAMS 0x0000000705a00000, 0x0000000705800000| Untracked 
|  29|0x0000000705a00000, 0x0000000705c00000, 0x0000000705c00000|100%| O|  |TAMS 0x0000000705a00000, 0x0000000705a00000| Untracked 
|  30|0x0000000705c00000, 0x0000000705e00000, 0x0000000705e00000|100%| O|  |TAMS 0x0000000705c00000, 0x0000000705c00000| Untracked 
|  31|0x0000000705e00000, 0x0000000706000000, 0x0000000706000000|100%| O|  |TAMS 0x0000000705e00000, 0x0000000705e00000| Untracked 
|  32|0x0000000706000000, 0x0000000706200000, 0x0000000706200000|100%| O|  |TAMS 0x0000000706200000, 0x0000000706000000| Untracked 
|  33|0x0000000706200000, 0x0000000706400000, 0x0000000706400000|100%| O|  |TAMS 0x0000000706200000, 0x0000000706200000| Untracked 
|  34|0x0000000706400000, 0x0000000706600000, 0x0000000706600000|100%| O|  |TAMS 0x0000000706400000, 0x0000000706400000| Untracked 
|  35|0x0000000706600000, 0x0000000706800000, 0x0000000706800000|100%| O|  |TAMS 0x0000000706600000, 0x0000000706600000| Untracked 
|  36|0x0000000706800000, 0x0000000706a00000, 0x0000000706a00000|100%| O|  |TAMS 0x0000000706a00000, 0x0000000706800000| Untracked 
|  37|0x0000000706a00000, 0x0000000706c00000, 0x0000000706c00000|100%| O|  |TAMS 0x0000000706c00000, 0x0000000706a00000| Untracked 
|  38|0x0000000706c00000, 0x0000000706e00000, 0x0000000706e00000|100%| O|  |TAMS 0x0000000706e00000, 0x0000000706c00000| Untracked 
|  39|0x0000000706e00000, 0x0000000707000000, 0x0000000707000000|100%| O|  |TAMS 0x0000000706e00000, 0x0000000706e00000| Untracked 
|  40|0x0000000707000000, 0x0000000707200000, 0x0000000707200000|100%| O|  |TAMS 0x0000000707200000, 0x0000000707000000| Untracked 
|  41|0x0000000707200000, 0x0000000707400000, 0x0000000707400000|100%| O|  |TAMS 0x0000000707200000, 0x0000000707200000| Untracked 
|  42|0x0000000707400000, 0x0000000707600000, 0x0000000707600000|100%| O|  |TAMS 0x0000000707600000, 0x0000000707400000| Untracked 
|  43|0x0000000707600000, 0x0000000707800000, 0x0000000707800000|100%| O|  |TAMS 0x0000000707800000, 0x0000000707600000| Untracked 
|  44|0x0000000707800000, 0x0000000707a00000, 0x0000000707a00000|100%| O|  |TAMS 0x0000000707a00000, 0x0000000707800000| Untracked 
|  45|0x0000000707a00000, 0x0000000707c00000, 0x0000000707c00000|100%| O|  |TAMS 0x0000000707a00000, 0x0000000707a00000| Untracked 
|  46|0x0000000707c00000, 0x0000000707e00000, 0x0000000707e00000|100%| O|  |TAMS 0x0000000707c00000, 0x0000000707c00000| Untracked 
|  47|0x0000000707e00000, 0x0000000708000000, 0x0000000708000000|100%| O|  |TAMS 0x0000000708000000, 0x0000000707e00000| Untracked 
|  48|0x0000000708000000, 0x0000000708200000, 0x0000000708200000|100%| O|  |TAMS 0x0000000708000000, 0x0000000708000000| Untracked 
|  49|0x0000000708200000, 0x0000000708400000, 0x0000000708400000|100%| O|  |TAMS 0x0000000708400000, 0x0000000708200000| Untracked 
|  50|0x0000000708400000, 0x0000000708400000, 0x0000000708600000|  0%| F|  |TAMS 0x0000000708400000, 0x0000000708400000| Untracked 
|  51|0x0000000708600000, 0x0000000708800000, 0x0000000708800000|100%| O|  |TAMS 0x0000000708800000, 0x0000000708600000| Untracked 
|  52|0x0000000708800000, 0x0000000708a00000, 0x0000000708a00000|100%| O|  |TAMS 0x0000000708800000, 0x0000000708800000| Untracked 
|  53|0x0000000708a00000, 0x0000000708c00000, 0x0000000708c00000|100%| O|  |TAMS 0x0000000708c00000, 0x0000000708a00000| Untracked 
|  54|0x0000000708c00000, 0x0000000708e00000, 0x0000000708e00000|100%| O|  |TAMS 0x0000000708c00000, 0x0000000708c00000| Untracked 
|  55|0x0000000708e00000, 0x0000000709000000, 0x0000000709000000|100%| O|  |TAMS 0x0000000709000000, 0x0000000708e00000| Untracked 
|  56|0x0000000709000000, 0x0000000709200000, 0x0000000709200000|100%| O|  |TAMS 0x0000000709000000, 0x0000000709000000| Untracked 
|  57|0x0000000709200000, 0x0000000709200000, 0x0000000709400000|  0%| F|  |TAMS 0x0000000709200000, 0x0000000709200000| Untracked 
|  58|0x0000000709400000, 0x0000000709600000, 0x0000000709600000|100%| O|  |TAMS 0x0000000709400000, 0x0000000709400000| Untracked 
|  59|0x0000000709600000, 0x0000000709800000, 0x0000000709800000|100%| O|  |TAMS 0x0000000709600000, 0x0000000709600000| Untracked 
|  60|0x0000000709800000, 0x0000000709a00000, 0x0000000709a00000|100%| O|  |TAMS 0x0000000709a00000, 0x0000000709800000| Untracked 
|  61|0x0000000709a00000, 0x0000000709c00000, 0x0000000709c00000|100%| O|  |TAMS 0x0000000709a00000, 0x0000000709a00000| Untracked 
|  62|0x0000000709c00000, 0x0000000709e00000, 0x0000000709e00000|100%| O|  |TAMS 0x0000000709c00000, 0x0000000709c00000| Untracked 
|  63|0x0000000709e00000, 0x000000070a000000, 0x000000070a000000|100%| O|  |TAMS 0x000000070a000000, 0x0000000709e00000| Untracked 
|  64|0x000000070a000000, 0x000000070a200000, 0x000000070a200000|100%| O|  |TAMS 0x000000070a200000, 0x000000070a000000| Untracked 
|  65|0x000000070a200000, 0x000000070a400000, 0x000000070a400000|100%| O|  |TAMS 0x000000070a200000, 0x000000070a200000| Untracked 
|  66|0x000000070a400000, 0x000000070a600000, 0x000000070a600000|100%| O|  |TAMS 0x000000070a400000, 0x000000070a400000| Untracked 
|  67|0x000000070a600000, 0x000000070a800000, 0x000000070a800000|100%| O|  |TAMS 0x000000070a600000, 0x000000070a600000| Untracked 
|  68|0x000000070a800000, 0x000000070aa00000, 0x000000070aa00000|100%| O|  |TAMS 0x000000070a800000, 0x000000070a800000| Untracked 
|  69|0x000000070aa00000, 0x000000070aa00000, 0x000000070ac00000|  0%| F|  |TAMS 0x000000070aa00000, 0x000000070aa00000| Untracked 
|  70|0x000000070ac00000, 0x000000070ae00000, 0x000000070ae00000|100%| O|  |TAMS 0x000000070ae00000, 0x000000070ac00000| Untracked 
|  71|0x000000070ae00000, 0x000000070ae00000, 0x000000070b000000|  0%| F|  |TAMS 0x000000070ae00000, 0x000000070ae00000| Untracked 
|  72|0x000000070b000000, 0x000000070b200000, 0x000000070b200000|100%| O|  |TAMS 0x000000070b000000, 0x000000070b000000| Untracked 
|  73|0x000000070b200000, 0x000000070b400000, 0x000000070b400000|100%| O|  |TAMS 0x000000070b200000, 0x000000070b200000| Untracked 
|  74|0x000000070b400000, 0x000000070b600000, 0x000000070b600000|100%| O|  |TAMS 0x000000070b400000, 0x000000070b400000| Untracked 
|  75|0x000000070b600000, 0x000000070b800000, 0x000000070b800000|100%| O|  |TAMS 0x000000070b800000, 0x000000070b600000| Untracked 
|  76|0x000000070b800000, 0x000000070ba00000, 0x000000070ba00000|100%| O|  |TAMS 0x000000070ba00000, 0x000000070b800000| Untracked 
|  77|0x000000070ba00000, 0x000000070bc00000, 0x000000070bc00000|100%| O|  |TAMS 0x000000070ba00000, 0x000000070ba00000| Untracked 
|  78|0x000000070bc00000, 0x000000070be00000, 0x000000070be00000|100%| O|  |TAMS 0x000000070bc00000, 0x000000070bc00000| Untracked 
|  79|0x000000070be00000, 0x000000070be00000, 0x000000070c000000|  0%| F|  |TAMS 0x000000070be00000, 0x000000070be00000| Untracked 
|  80|0x000000070c000000, 0x000000070c200000, 0x000000070c200000|100%| O|  |TAMS 0x000000070c200000, 0x000000070c000000| Untracked 
|  81|0x000000070c200000, 0x000000070c400000, 0x000000070c400000|100%| O|  |TAMS 0x000000070c200000, 0x000000070c200000| Untracked 
|  82|0x000000070c400000, 0x000000070c600000, 0x000000070c600000|100%| O|  |TAMS 0x000000070c400000, 0x000000070c400000| Untracked 
|  83|0x000000070c600000, 0x000000070c800000, 0x000000070c800000|100%| O|  |TAMS 0x000000070c6c5e00, 0x000000070c600000| Untracked 
|  84|0x000000070c800000, 0x000000070ca00000, 0x000000070ca00000|100%| O|  |TAMS 0x000000070c800000, 0x000000070c800000| Untracked 
|  85|0x000000070ca00000, 0x000000070cc00000, 0x000000070cc00000|100%| O|  |TAMS 0x000000070ca00000, 0x000000070ca00000| Untracked 
|  86|0x000000070cc00000, 0x000000070ce00000, 0x000000070ce00000|100%| O|  |TAMS 0x000000070cc00000, 0x000000070cc00000| Untracked 
|  87|0x000000070ce00000, 0x000000070d000000, 0x000000070d000000|100%| O|  |TAMS 0x000000070ce00000, 0x000000070ce00000| Untracked 
|  88|0x000000070d000000, 0x000000070d200000, 0x000000070d200000|100%| O|  |TAMS 0x000000070d200000, 0x000000070d000000| Untracked 
|  89|0x000000070d200000, 0x000000070d400000, 0x000000070d400000|100%| O|  |TAMS 0x000000070d200000, 0x000000070d200000| Untracked 
|  90|0x000000070d400000, 0x000000070d600000, 0x000000070d600000|100%| O|  |TAMS 0x000000070d400000, 0x000000070d400000| Untracked 
|  91|0x000000070d600000, 0x000000070d600000, 0x000000070d800000|  0%| F|  |TAMS 0x000000070d600000, 0x000000070d600000| Untracked 
|  92|0x000000070d800000, 0x000000070d800000, 0x000000070da00000|  0%| F|  |TAMS 0x000000070d800000, 0x000000070d800000| Untracked 
|  93|0x000000070da00000, 0x000000070dc00000, 0x000000070dc00000|100%| O|  |TAMS 0x000000070da00000, 0x000000070da00000| Untracked 
|  94|0x000000070dc00000, 0x000000070de00000, 0x000000070de00000|100%| O|  |TAMS 0x000000070dc00000, 0x000000070dc00000| Untracked 
|  95|0x000000070de00000, 0x000000070e000000, 0x000000070e000000|100%| O|  |TAMS 0x000000070de00000, 0x000000070de00000| Untracked 
|  96|0x000000070e000000, 0x000000070e200000, 0x000000070e200000|100%| O|  |TAMS 0x000000070e000000, 0x000000070e000000| Untracked 
|  97|0x000000070e200000, 0x000000070e400000, 0x000000070e400000|100%| O|  |TAMS 0x000000070e200000, 0x000000070e200000| Untracked 
|  98|0x000000070e400000, 0x000000070e600000, 0x000000070e600000|100%| O|  |TAMS 0x000000070e600000, 0x000000070e400000| Untracked 
|  99|0x000000070e600000, 0x000000070e800000, 0x000000070e800000|100%| O|  |TAMS 0x000000070e800000, 0x000000070e600000| Untracked 
| 100|0x000000070e800000, 0x000000070ea00000, 0x000000070ea00000|100%| O|  |TAMS 0x000000070ea00000, 0x000000070e800000| Untracked 
| 101|0x000000070ea00000, 0x000000070ec00000, 0x000000070ec00000|100%| O|  |TAMS 0x000000070ec00000, 0x000000070ea00000| Untracked 
| 102|0x000000070ec00000, 0x000000070ee00000, 0x000000070ee00000|100%| O|  |TAMS 0x000000070ec00000, 0x000000070ec00000| Untracked 
| 103|0x000000070ee00000, 0x000000070f000000, 0x000000070f000000|100%| O|  |TAMS 0x000000070ee00000, 0x000000070ee00000| Untracked 
| 104|0x000000070f000000, 0x000000070f200000, 0x000000070f200000|100%| O|  |TAMS 0x000000070f200000, 0x000000070f000000| Untracked 
| 105|0x000000070f200000, 0x000000070f400000, 0x000000070f400000|100%| O|  |TAMS 0x000000070f200000, 0x000000070f200000| Untracked 
| 106|0x000000070f400000, 0x000000070f600000, 0x000000070f600000|100%| O|  |TAMS 0x000000070f600000, 0x000000070f400000| Untracked 
| 107|0x000000070f600000, 0x000000070f800000, 0x000000070f800000|100%| O|  |TAMS 0x000000070f800000, 0x000000070f600000| Untracked 
| 108|0x000000070f800000, 0x000000070fa00000, 0x000000070fa00000|100%| O|  |TAMS 0x000000070fa00000, 0x000000070f800000| Untracked 
| 109|0x000000070fa00000, 0x000000070fc00000, 0x000000070fc00000|100%| O|  |TAMS 0x000000070fc00000, 0x000000070fa00000| Untracked 
| 110|0x000000070fc00000, 0x000000070fc00000, 0x000000070fe00000|  0%| F|  |TAMS 0x000000070fc00000, 0x000000070fc00000| Untracked 
| 111|0x000000070fe00000, 0x0000000710000000, 0x0000000710000000|100%| O|  |TAMS 0x0000000710000000, 0x000000070fe00000| Untracked 
| 112|0x0000000710000000, 0x0000000710000000, 0x0000000710200000|  0%| F|  |TAMS 0x0000000710000000, 0x0000000710000000| Untracked 
| 113|0x0000000710200000, 0x0000000710400000, 0x0000000710400000|100%| O|  |TAMS 0x0000000710400000, 0x0000000710200000| Untracked 
| 114|0x0000000710400000, 0x0000000710600000, 0x0000000710600000|100%| O|  |TAMS 0x0000000710600000, 0x0000000710400000| Untracked 
| 115|0x0000000710600000, 0x0000000710800000, 0x0000000710800000|100%| O|  |TAMS 0x0000000710600000, 0x0000000710600000| Untracked 
| 116|0x0000000710800000, 0x0000000710a00000, 0x0000000710a00000|100%| O|  |TAMS 0x0000000710a00000, 0x0000000710800000| Untracked 
| 117|0x0000000710a00000, 0x0000000710c00000, 0x0000000710c00000|100%| O|  |TAMS 0x0000000710a00000, 0x0000000710a00000| Untracked 
| 118|0x0000000710c00000, 0x0000000710e00000, 0x0000000710e00000|100%| O|  |TAMS 0x0000000710c00000, 0x0000000710c00000| Untracked 
| 119|0x0000000710e00000, 0x0000000711000000, 0x0000000711000000|100%| O|  |TAMS 0x0000000711000000, 0x0000000710e00000| Untracked 
| 120|0x0000000711000000, 0x0000000711000000, 0x0000000711200000|  0%| F|  |TAMS 0x0000000711000000, 0x0000000711000000| Untracked 
| 121|0x0000000711200000, 0x0000000711400000, 0x0000000711400000|100%| O|  |TAMS 0x0000000711400000, 0x0000000711200000| Untracked 
| 122|0x0000000711400000, 0x0000000711600000, 0x0000000711600000|100%| O|  |TAMS 0x0000000711600000, 0x0000000711400000| Untracked 
| 123|0x0000000711600000, 0x0000000711800000, 0x0000000711800000|100%| O|  |TAMS 0x0000000711800000, 0x0000000711600000| Untracked 
| 124|0x0000000711800000, 0x0000000711a00000, 0x0000000711a00000|100%| O|  |TAMS 0x0000000711800000, 0x0000000711800000| Untracked 
| 125|0x0000000711a00000, 0x0000000711c00000, 0x0000000711c00000|100%| O|  |TAMS 0x0000000711c00000, 0x0000000711a00000| Untracked 
| 126|0x0000000711c00000, 0x0000000711e00000, 0x0000000711e00000|100%| O|  |TAMS 0x0000000711c00000, 0x0000000711c00000| Untracked 
| 127|0x0000000711e00000, 0x0000000712000000, 0x0000000712000000|100%| O|  |TAMS 0x0000000712000000, 0x0000000711e00000| Untracked 
| 128|0x0000000712000000, 0x0000000712200000, 0x0000000712200000|100%| O|  |TAMS 0x0000000712200000, 0x0000000712000000| Untracked 
| 129|0x0000000712200000, 0x0000000712200000, 0x0000000712400000|  0%| F|  |TAMS 0x0000000712200000, 0x0000000712200000| Untracked 
| 130|0x0000000712400000, 0x0000000712600000, 0x0000000712600000|100%| O|  |TAMS 0x0000000712600000, 0x0000000712400000| Untracked 
| 131|0x0000000712600000, 0x0000000712600000, 0x0000000712800000|  0%| F|  |TAMS 0x0000000712600000, 0x0000000712600000| Untracked 
| 132|0x0000000712800000, 0x0000000712800000, 0x0000000712a00000|  0%| F|  |TAMS 0x0000000712800000, 0x0000000712800000| Untracked 
| 133|0x0000000712a00000, 0x0000000712c00000, 0x0000000712c00000|100%| O|  |TAMS 0x0000000712c00000, 0x0000000712a00000| Untracked 
| 134|0x0000000712c00000, 0x0000000712e00000, 0x0000000712e00000|100%| O|  |TAMS 0x0000000712e00000, 0x0000000712c00000| Untracked 
| 135|0x0000000712e00000, 0x0000000713000000, 0x0000000713000000|100%| O|  |TAMS 0x0000000713000000, 0x0000000712e00000| Untracked 
| 136|0x0000000713000000, 0x0000000713200000, 0x0000000713200000|100%| O|  |TAMS 0x0000000713000000, 0x0000000713000000| Untracked 
| 137|0x0000000713200000, 0x0000000713400000, 0x0000000713400000|100%| O|  |TAMS 0x0000000713400000, 0x0000000713200000| Untracked 
| 138|0x0000000713400000, 0x0000000713600000, 0x0000000713600000|100%| O|  |TAMS 0x0000000713600000, 0x0000000713400000| Untracked 
| 139|0x0000000713600000, 0x0000000713800000, 0x0000000713800000|100%| O|  |TAMS 0x0000000713600000, 0x0000000713600000| Untracked 
| 140|0x0000000713800000, 0x0000000713a00000, 0x0000000713a00000|100%| O|  |TAMS 0x0000000713800000, 0x0000000713800000| Untracked 
| 141|0x0000000713a00000, 0x0000000713c00000, 0x0000000713c00000|100%| O|  |TAMS 0x0000000713c00000, 0x0000000713a00000| Untracked 
| 142|0x0000000713c00000, 0x0000000713e00000, 0x0000000713e00000|100%| O|  |TAMS 0x0000000713e00000, 0x0000000713c00000| Untracked 
| 143|0x0000000713e00000, 0x0000000714000000, 0x0000000714000000|100%| O|  |TAMS 0x0000000713e00000, 0x0000000713e00000| Untracked 
| 144|0x0000000714000000, 0x0000000714200000, 0x0000000714200000|100%| O|  |TAMS 0x0000000714200000, 0x0000000714000000| Untracked 
| 145|0x0000000714200000, 0x0000000714200000, 0x0000000714400000|  0%| F|  |TAMS 0x0000000714200000, 0x0000000714200000| Untracked 
| 146|0x0000000714400000, 0x0000000714400000, 0x0000000714600000|  0%| F|  |TAMS 0x0000000714400000, 0x0000000714400000| Untracked 
| 147|0x0000000714600000, 0x0000000714800000, 0x0000000714800000|100%| O|  |TAMS 0x0000000714600000, 0x0000000714600000| Untracked 
| 148|0x0000000714800000, 0x0000000714800000, 0x0000000714a00000|  0%| F|  |TAMS 0x0000000714800000, 0x0000000714800000| Untracked 
| 149|0x0000000714a00000, 0x0000000714a00000, 0x0000000714c00000|  0%| F|  |TAMS 0x0000000714a00000, 0x0000000714a00000| Untracked 
| 150|0x0000000714c00000, 0x0000000714e00000, 0x0000000714e00000|100%| O|  |TAMS 0x0000000714c00000, 0x0000000714c00000| Untracked 
| 151|0x0000000714e00000, 0x0000000715000000, 0x0000000715000000|100%| O|  |TAMS 0x0000000714e00000, 0x0000000714e00000| Untracked 
| 152|0x0000000715000000, 0x0000000715200000, 0x0000000715200000|100%| O|  |TAMS 0x0000000715200000, 0x0000000715000000| Untracked 
| 153|0x0000000715200000, 0x0000000715400000, 0x0000000715400000|100%| O|  |TAMS 0x0000000715400000, 0x0000000715200000| Untracked 
| 154|0x0000000715400000, 0x0000000715600000, 0x0000000715600000|100%| O|  |TAMS 0x0000000715400000, 0x0000000715400000| Untracked 
| 155|0x0000000715600000, 0x0000000715800000, 0x0000000715800000|100%| O|  |TAMS 0x0000000715800000, 0x0000000715600000| Untracked 
| 156|0x0000000715800000, 0x0000000715800000, 0x0000000715a00000|  0%| F|  |TAMS 0x0000000715800000, 0x0000000715800000| Untracked 
| 157|0x0000000715a00000, 0x0000000715c00000, 0x0000000715c00000|100%| O|  |TAMS 0x0000000715a00000, 0x0000000715a00000| Untracked 
| 158|0x0000000715c00000, 0x0000000715e00000, 0x0000000715e00000|100%| O|  |TAMS 0x0000000715c00000, 0x0000000715c00000| Untracked 
| 159|0x0000000715e00000, 0x0000000716000000, 0x0000000716000000|100%| O|  |TAMS 0x0000000716000000, 0x0000000715e00000| Untracked 
| 160|0x0000000716000000, 0x0000000716200000, 0x0000000716200000|100%| O|  |TAMS 0x0000000716200000, 0x0000000716000000| Untracked 
| 161|0x0000000716200000, 0x0000000716400000, 0x0000000716400000|100%| O|  |TAMS 0x0000000716400000, 0x0000000716200000| Untracked 
| 162|0x0000000716400000, 0x0000000716400000, 0x0000000716600000|  0%| F|  |TAMS 0x0000000716400000, 0x0000000716400000| Untracked 
| 163|0x0000000716600000, 0x0000000716800000, 0x0000000716800000|100%| O|  |TAMS 0x0000000716800000, 0x0000000716600000| Untracked 
| 164|0x0000000716800000, 0x0000000716a00000, 0x0000000716a00000|100%| O|  |TAMS 0x0000000716800000, 0x0000000716800000| Untracked 
| 165|0x0000000716a00000, 0x0000000716c00000, 0x0000000716c00000|100%| O|  |TAMS 0x0000000716a00000, 0x0000000716a00000| Untracked 
| 166|0x0000000716c00000, 0x0000000716e00000, 0x0000000716e00000|100%| O|  |TAMS 0x0000000716c00000, 0x0000000716c00000| Untracked 
| 167|0x0000000716e00000, 0x0000000717000000, 0x0000000717000000|100%| O|  |TAMS 0x0000000716e00000, 0x0000000716e00000| Untracked 
| 168|0x0000000717000000, 0x0000000717200000, 0x0000000717200000|100%| O|  |TAMS 0x0000000717000000, 0x0000000717000000| Untracked 
| 169|0x0000000717200000, 0x0000000717400000, 0x0000000717400000|100%| O|  |TAMS 0x0000000717200000, 0x0000000717200000| Untracked 
| 170|0x0000000717400000, 0x0000000717400000, 0x0000000717600000|  0%| F|  |TAMS 0x0000000717400000, 0x0000000717400000| Untracked 
| 171|0x0000000717600000, 0x0000000717800000, 0x0000000717800000|100%| O|  |TAMS 0x0000000717600000, 0x0000000717600000| Untracked 
| 172|0x0000000717800000, 0x0000000717800000, 0x0000000717a00000|  0%| F|  |TAMS 0x0000000717800000, 0x0000000717800000| Untracked 
| 173|0x0000000717a00000, 0x0000000717c00000, 0x0000000717c00000|100%| O|  |TAMS 0x0000000717c00000, 0x0000000717a00000| Untracked 
| 174|0x0000000717c00000, 0x0000000717e00000, 0x0000000717e00000|100%| O|  |TAMS 0x0000000717e00000, 0x0000000717c00000| Untracked 
| 175|0x0000000717e00000, 0x0000000718000000, 0x0000000718000000|100%| O|  |TAMS 0x0000000718000000, 0x0000000717e00000| Untracked 
| 176|0x0000000718000000, 0x0000000718200000, 0x0000000718200000|100%| O|  |TAMS 0x0000000718000000, 0x0000000718000000| Untracked 
| 177|0x0000000718200000, 0x0000000718400000, 0x0000000718400000|100%| O|  |TAMS 0x0000000718200000, 0x0000000718200000| Untracked 
| 178|0x0000000718400000, 0x0000000718600000, 0x0000000718600000|100%| O|  |TAMS 0x0000000718400000, 0x0000000718400000| Untracked 
| 179|0x0000000718600000, 0x0000000718800000, 0x0000000718800000|100%| O|  |TAMS 0x0000000718600000, 0x0000000718600000| Untracked 
| 180|0x0000000718800000, 0x0000000718a00000, 0x0000000718a00000|100%| O|  |TAMS 0x0000000718800000, 0x0000000718800000| Untracked 
| 181|0x0000000718a00000, 0x0000000718c00000, 0x0000000718c00000|100%| O|  |TAMS 0x0000000718a00000, 0x0000000718a00000| Untracked 
| 182|0x0000000718c00000, 0x0000000718e00000, 0x0000000718e00000|100%| O|  |TAMS 0x0000000718c00000, 0x0000000718c00000| Untracked 
| 183|0x0000000718e00000, 0x0000000719000000, 0x0000000719000000|100%| O|  |TAMS 0x0000000718e00000, 0x0000000718e00000| Untracked 
| 184|0x0000000719000000, 0x0000000719200000, 0x0000000719200000|100%| O|  |TAMS 0x0000000719000000, 0x0000000719000000| Untracked 
| 185|0x0000000719200000, 0x0000000719400000, 0x0000000719400000|100%| O|  |TAMS 0x0000000719200000, 0x0000000719200000| Untracked 
| 186|0x0000000719400000, 0x0000000719600000, 0x0000000719600000|100%| O|  |TAMS 0x0000000719400000, 0x0000000719400000| Untracked 
| 187|0x0000000719600000, 0x0000000719800000, 0x0000000719800000|100%| O|  |TAMS 0x0000000719600000, 0x0000000719600000| Untracked 
| 188|0x0000000719800000, 0x0000000719a00000, 0x0000000719a00000|100%| O|  |TAMS 0x0000000719a00000, 0x0000000719800000| Untracked 
| 189|0x0000000719a00000, 0x0000000719c00000, 0x0000000719c00000|100%| O|  |TAMS 0x0000000719a00000, 0x0000000719a00000| Untracked 
| 190|0x0000000719c00000, 0x0000000719e00000, 0x0000000719e00000|100%| O|  |TAMS 0x0000000719c00000, 0x0000000719c00000| Untracked 
| 191|0x0000000719e00000, 0x000000071a000000, 0x000000071a000000|100%| O|  |TAMS 0x0000000719e00000, 0x0000000719e00000| Untracked 
| 192|0x000000071a000000, 0x000000071a200000, 0x000000071a200000|100%| O|  |TAMS 0x000000071a000000, 0x000000071a000000| Untracked 
| 193|0x000000071a200000, 0x000000071a400000, 0x000000071a400000|100%| O|  |TAMS 0x000000071a200000, 0x000000071a200000| Untracked 
| 194|0x000000071a400000, 0x000000071a600000, 0x000000071a600000|100%| O|  |TAMS 0x000000071a400000, 0x000000071a400000| Untracked 
| 195|0x000000071a600000, 0x000000071a800000, 0x000000071a800000|100%| O|  |TAMS 0x000000071a600000, 0x000000071a600000| Untracked 
| 196|0x000000071a800000, 0x000000071aa00000, 0x000000071aa00000|100%| O|  |TAMS 0x000000071a800000, 0x000000071a800000| Untracked 
| 197|0x000000071aa00000, 0x000000071ac00000, 0x000000071ac00000|100%| O|  |TAMS 0x000000071aa00000, 0x000000071aa00000| Untracked 
| 198|0x000000071ac00000, 0x000000071ae00000, 0x000000071ae00000|100%| O|  |TAMS 0x000000071ac00000, 0x000000071ac00000| Untracked 
| 199|0x000000071ae00000, 0x000000071b000000, 0x000000071b000000|100%| O|  |TAMS 0x000000071ae00000, 0x000000071ae00000| Untracked 
| 200|0x000000071b000000, 0x000000071b200000, 0x000000071b200000|100%| O|  |TAMS 0x000000071b000000, 0x000000071b000000| Untracked 
| 201|0x000000071b200000, 0x000000071b400000, 0x000000071b400000|100%| O|  |TAMS 0x000000071b200000, 0x000000071b200000| Untracked 
| 202|0x000000071b400000, 0x000000071b600000, 0x000000071b600000|100%| O|  |TAMS 0x000000071b400000, 0x000000071b400000| Untracked 
| 203|0x000000071b600000, 0x000000071b800000, 0x000000071b800000|100%| O|  |TAMS 0x000000071b600000, 0x000000071b600000| Untracked 
| 204|0x000000071b800000, 0x000000071ba00000, 0x000000071ba00000|100%| O|  |TAMS 0x000000071b800000, 0x000000071b800000| Untracked 
| 205|0x000000071ba00000, 0x000000071bc00000, 0x000000071bc00000|100%| O|  |TAMS 0x000000071ba00000, 0x000000071ba00000| Untracked 
| 206|0x000000071bc00000, 0x000000071be00000, 0x000000071be00000|100%| O|  |TAMS 0x000000071bc00000, 0x000000071bc00000| Untracked 
| 207|0x000000071be00000, 0x000000071c000000, 0x000000071c000000|100%| O|  |TAMS 0x000000071be00000, 0x000000071be00000| Untracked 
| 208|0x000000071c000000, 0x000000071c200000, 0x000000071c200000|100%| O|  |TAMS 0x000000071c000000, 0x000000071c000000| Untracked 
| 209|0x000000071c200000, 0x000000071c400000, 0x000000071c400000|100%| O|  |TAMS 0x000000071c200000, 0x000000071c200000| Untracked 
| 210|0x000000071c400000, 0x000000071c600000, 0x000000071c600000|100%| O|  |TAMS 0x000000071c400000, 0x000000071c400000| Untracked 
| 211|0x000000071c600000, 0x000000071c800000, 0x000000071c800000|100%| O|  |TAMS 0x000000071c600000, 0x000000071c600000| Untracked 
| 212|0x000000071c800000, 0x000000071ca00000, 0x000000071ca00000|100%| O|  |TAMS 0x000000071c800000, 0x000000071c800000| Untracked 
| 213|0x000000071ca00000, 0x000000071cc00000, 0x000000071cc00000|100%| O|  |TAMS 0x000000071ca00000, 0x000000071ca00000| Untracked 
| 214|0x000000071cc00000, 0x000000071ce00000, 0x000000071ce00000|100%| O|  |TAMS 0x000000071cc00000, 0x000000071cc00000| Untracked 
| 215|0x000000071ce00000, 0x000000071d000000, 0x000000071d000000|100%| O|  |TAMS 0x000000071ce00000, 0x000000071ce00000| Untracked 
| 216|0x000000071d000000, 0x000000071d200000, 0x000000071d200000|100%| O|  |TAMS 0x000000071d000000, 0x000000071d000000| Untracked 
| 217|0x000000071d200000, 0x000000071d400000, 0x000000071d400000|100%| O|  |TAMS 0x000000071d200000, 0x000000071d200000| Untracked 
| 218|0x000000071d400000, 0x000000071d600000, 0x000000071d600000|100%| O|  |TAMS 0x000000071d400000, 0x000000071d400000| Untracked 
| 219|0x000000071d600000, 0x000000071d800000, 0x000000071d800000|100%| O|  |TAMS 0x000000071d600000, 0x000000071d600000| Untracked 
| 220|0x000000071d800000, 0x000000071da00000, 0x000000071da00000|100%| O|  |TAMS 0x000000071d800000, 0x000000071d800000| Untracked 
| 221|0x000000071da00000, 0x000000071dc00000, 0x000000071dc00000|100%| O|  |TAMS 0x000000071da00000, 0x000000071da00000| Untracked 
| 222|0x000000071dc00000, 0x000000071de00000, 0x000000071de00000|100%| O|  |TAMS 0x000000071dc00000, 0x000000071dc00000| Untracked 
| 223|0x000000071de00000, 0x000000071e000000, 0x000000071e000000|100%| O|  |TAMS 0x000000071de00000, 0x000000071de00000| Untracked 
| 224|0x000000071e000000, 0x000000071e200000, 0x000000071e200000|100%| O|  |TAMS 0x000000071e000000, 0x000000071e000000| Untracked 
| 225|0x000000071e200000, 0x000000071e400000, 0x000000071e400000|100%| O|  |TAMS 0x000000071e200000, 0x000000071e200000| Untracked 
| 226|0x000000071e400000, 0x000000071e600000, 0x000000071e600000|100%| O|  |TAMS 0x000000071e400000, 0x000000071e400000| Untracked 
| 227|0x000000071e600000, 0x000000071e800000, 0x000000071e800000|100%| O|  |TAMS 0x000000071e600000, 0x000000071e600000| Untracked 
| 228|0x000000071e800000, 0x000000071ea00000, 0x000000071ea00000|100%| O|  |TAMS 0x000000071e800000, 0x000000071e800000| Untracked 
| 229|0x000000071ea00000, 0x000000071ec00000, 0x000000071ec00000|100%| O|  |TAMS 0x000000071ea00000, 0x000000071ea00000| Untracked 
| 230|0x000000071ec00000, 0x000000071ee00000, 0x000000071ee00000|100%| O|  |TAMS 0x000000071ec00000, 0x000000071ec00000| Untracked 
| 231|0x000000071ee00000, 0x000000071f000000, 0x000000071f000000|100%| O|  |TAMS 0x000000071ee00000, 0x000000071ee00000| Untracked 
| 232|0x000000071f000000, 0x000000071f200000, 0x000000071f200000|100%| O|  |TAMS 0x000000071f000000, 0x000000071f000000| Untracked 
| 233|0x000000071f200000, 0x000000071f400000, 0x000000071f400000|100%| O|  |TAMS 0x000000071f200000, 0x000000071f200000| Untracked 
| 234|0x000000071f400000, 0x000000071f600000, 0x000000071f600000|100%| O|  |TAMS 0x000000071f400000, 0x000000071f400000| Untracked 
| 235|0x000000071f600000, 0x000000071f800000, 0x000000071f800000|100%| O|  |TAMS 0x000000071f600000, 0x000000071f600000| Untracked 
| 236|0x000000071f800000, 0x000000071fa00000, 0x000000071fa00000|100%| O|  |TAMS 0x000000071f800000, 0x000000071f800000| Untracked 
| 237|0x000000071fa00000, 0x000000071fc00000, 0x000000071fc00000|100%| O|  |TAMS 0x000000071fa00000, 0x000000071fa00000| Untracked 
| 238|0x000000071fc00000, 0x000000071fe00000, 0x000000071fe00000|100%| O|  |TAMS 0x000000071fc00000, 0x000000071fc00000| Untracked 
| 239|0x000000071fe00000, 0x0000000720000000, 0x0000000720000000|100%| O|  |TAMS 0x000000071fe00000, 0x000000071fe00000| Untracked 
| 240|0x0000000720000000, 0x0000000720200000, 0x0000000720200000|100%| O|  |TAMS 0x0000000720000000, 0x0000000720000000| Untracked 
| 241|0x0000000720200000, 0x0000000720400000, 0x0000000720400000|100%| O|  |TAMS 0x0000000720200000, 0x0000000720200000| Untracked 
| 242|0x0000000720400000, 0x0000000720600000, 0x0000000720600000|100%| O|  |TAMS 0x0000000720400000, 0x0000000720400000| Untracked 
| 243|0x0000000720600000, 0x0000000720800000, 0x0000000720800000|100%| O|  |TAMS 0x0000000720600000, 0x0000000720600000| Untracked 
| 244|0x0000000720800000, 0x0000000720a00000, 0x0000000720a00000|100%| O|  |TAMS 0x0000000720800000, 0x0000000720800000| Untracked 
| 245|0x0000000720a00000, 0x0000000720c00000, 0x0000000720c00000|100%| O|  |TAMS 0x0000000720a00000, 0x0000000720a00000| Untracked 
| 246|0x0000000720c00000, 0x0000000720e00000, 0x0000000720e00000|100%| O|  |TAMS 0x0000000720c00000, 0x0000000720c00000| Untracked 
| 247|0x0000000720e00000, 0x0000000721000000, 0x0000000721000000|100%| O|  |TAMS 0x0000000720e00000, 0x0000000720e00000| Untracked 
| 248|0x0000000721000000, 0x0000000721200000, 0x0000000721200000|100%| O|  |TAMS 0x0000000721000000, 0x0000000721000000| Untracked 
| 249|0x0000000721200000, 0x0000000721400000, 0x0000000721400000|100%| O|  |TAMS 0x0000000721200000, 0x0000000721200000| Untracked 
| 250|0x0000000721400000, 0x0000000721600000, 0x0000000721600000|100%| O|  |TAMS 0x0000000721400000, 0x0000000721400000| Untracked 
| 251|0x0000000721600000, 0x0000000721800000, 0x0000000721800000|100%| O|  |TAMS 0x0000000721600000, 0x0000000721600000| Untracked 
| 252|0x0000000721800000, 0x0000000721a00000, 0x0000000721a00000|100%| O|  |TAMS 0x0000000721800000, 0x0000000721800000| Untracked 
| 253|0x0000000721a00000, 0x0000000721c00000, 0x0000000721c00000|100%| O|  |TAMS 0x0000000721a00000, 0x0000000721a00000| Untracked 
| 254|0x0000000721c00000, 0x0000000721e00000, 0x0000000721e00000|100%| O|  |TAMS 0x0000000721c00000, 0x0000000721c00000| Untracked 
| 255|0x0000000721e00000, 0x0000000722000000, 0x0000000722000000|100%| O|  |TAMS 0x0000000721e00000, 0x0000000721e00000| Untracked 
| 256|0x0000000722000000, 0x0000000722200000, 0x0000000722200000|100%| O|  |TAMS 0x0000000722000000, 0x0000000722000000| Untracked 
| 257|0x0000000722200000, 0x0000000722400000, 0x0000000722400000|100%| O|  |TAMS 0x0000000722200000, 0x0000000722200000| Untracked 
| 258|0x0000000722400000, 0x0000000722600000, 0x0000000722600000|100%| O|  |TAMS 0x0000000722400000, 0x0000000722400000| Untracked 
| 259|0x0000000722600000, 0x0000000722800000, 0x0000000722800000|100%| O|  |TAMS 0x0000000722600000, 0x0000000722600000| Untracked 
| 260|0x0000000722800000, 0x0000000722a00000, 0x0000000722a00000|100%| O|  |TAMS 0x0000000722800000, 0x0000000722800000| Untracked 
| 261|0x0000000722a00000, 0x0000000722c00000, 0x0000000722c00000|100%| O|  |TAMS 0x0000000722a00000, 0x0000000722a00000| Untracked 
| 262|0x0000000722c00000, 0x0000000722e00000, 0x0000000722e00000|100%| O|  |TAMS 0x0000000722c00000, 0x0000000722c00000| Untracked 
| 263|0x0000000722e00000, 0x0000000723000000, 0x0000000723000000|100%| O|  |TAMS 0x0000000722e00000, 0x0000000722e00000| Untracked 
| 264|0x0000000723000000, 0x0000000723200000, 0x0000000723200000|100%| O|  |TAMS 0x0000000723000000, 0x0000000723000000| Untracked 
| 265|0x0000000723200000, 0x0000000723400000, 0x0000000723400000|100%| O|  |TAMS 0x0000000723200000, 0x0000000723200000| Untracked 
| 266|0x0000000723400000, 0x0000000723600000, 0x0000000723600000|100%| O|  |TAMS 0x0000000723400000, 0x0000000723400000| Untracked 
| 267|0x0000000723600000, 0x0000000723800000, 0x0000000723800000|100%| O|  |TAMS 0x0000000723600000, 0x0000000723600000| Untracked 
| 268|0x0000000723800000, 0x0000000723a00000, 0x0000000723a00000|100%| O|  |TAMS 0x0000000723800000, 0x0000000723800000| Untracked 
| 269|0x0000000723a00000, 0x0000000723c00000, 0x0000000723c00000|100%| O|  |TAMS 0x0000000723a00000, 0x0000000723a00000| Untracked 
| 270|0x0000000723c00000, 0x0000000723e00000, 0x0000000723e00000|100%| O|  |TAMS 0x0000000723c00000, 0x0000000723c00000| Untracked 
| 271|0x0000000723e00000, 0x0000000724000000, 0x0000000724000000|100%| O|  |TAMS 0x0000000723e00000, 0x0000000723e00000| Untracked 
| 272|0x0000000724000000, 0x0000000724200000, 0x0000000724200000|100%| O|  |TAMS 0x0000000724000000, 0x0000000724000000| Untracked 
| 273|0x0000000724200000, 0x0000000724400000, 0x0000000724400000|100%| O|  |TAMS 0x0000000724200000, 0x0000000724200000| Untracked 
| 274|0x0000000724400000, 0x0000000724600000, 0x0000000724600000|100%| O|  |TAMS 0x0000000724400000, 0x0000000724400000| Untracked 
| 275|0x0000000724600000, 0x0000000724800000, 0x0000000724800000|100%| O|  |TAMS 0x0000000724600000, 0x0000000724600000| Untracked 
| 276|0x0000000724800000, 0x0000000724a00000, 0x0000000724a00000|100%| O|  |TAMS 0x0000000724800000, 0x0000000724800000| Untracked 
| 277|0x0000000724a00000, 0x0000000724c00000, 0x0000000724c00000|100%| O|  |TAMS 0x0000000724a00000, 0x0000000724a00000| Untracked 
| 278|0x0000000724c00000, 0x0000000724e00000, 0x0000000724e00000|100%| O|  |TAMS 0x0000000724c00000, 0x0000000724c00000| Untracked 
| 279|0x0000000724e00000, 0x0000000725000000, 0x0000000725000000|100%| O|  |TAMS 0x0000000724e00000, 0x0000000724e00000| Untracked 
| 280|0x0000000725000000, 0x0000000725200000, 0x0000000725200000|100%| O|  |TAMS 0x0000000725000000, 0x0000000725000000| Untracked 
| 281|0x0000000725200000, 0x0000000725400000, 0x0000000725400000|100%| O|  |TAMS 0x0000000725200000, 0x0000000725200000| Untracked 
| 282|0x0000000725400000, 0x0000000725600000, 0x0000000725600000|100%| O|  |TAMS 0x0000000725400000, 0x0000000725400000| Untracked 
| 283|0x0000000725600000, 0x0000000725800000, 0x0000000725800000|100%| O|  |TAMS 0x0000000725600000, 0x0000000725600000| Untracked 
| 284|0x0000000725800000, 0x0000000725a00000, 0x0000000725a00000|100%| O|  |TAMS 0x0000000725800000, 0x0000000725800000| Untracked 
| 285|0x0000000725a00000, 0x0000000725c00000, 0x0000000725c00000|100%| O|  |TAMS 0x0000000725a00000, 0x0000000725a00000| Untracked 
| 286|0x0000000725c00000, 0x0000000725e00000, 0x0000000725e00000|100%| O|  |TAMS 0x0000000725c00000, 0x0000000725c00000| Untracked 
| 287|0x0000000725e00000, 0x0000000726000000, 0x0000000726000000|100%| O|  |TAMS 0x0000000725e00000, 0x0000000725e00000| Untracked 
| 288|0x0000000726000000, 0x0000000726200000, 0x0000000726200000|100%| O|  |TAMS 0x0000000726000000, 0x0000000726000000| Untracked 
| 289|0x0000000726200000, 0x0000000726400000, 0x0000000726400000|100%| O|  |TAMS 0x0000000726200000, 0x0000000726200000| Untracked 
| 290|0x0000000726400000, 0x0000000726600000, 0x0000000726600000|100%| O|  |TAMS 0x0000000726400000, 0x0000000726400000| Untracked 
| 291|0x0000000726600000, 0x0000000726800000, 0x0000000726800000|100%| O|  |TAMS 0x0000000726600000, 0x0000000726600000| Untracked 
| 292|0x0000000726800000, 0x0000000726a00000, 0x0000000726a00000|100%| O|  |TAMS 0x0000000726800000, 0x0000000726800000| Untracked 
| 293|0x0000000726a00000, 0x0000000726c00000, 0x0000000726c00000|100%| O|  |TAMS 0x0000000726a00000, 0x0000000726a00000| Untracked 
| 294|0x0000000726c00000, 0x0000000726e00000, 0x0000000726e00000|100%| O|  |TAMS 0x0000000726c00000, 0x0000000726c00000| Untracked 
| 295|0x0000000726e00000, 0x0000000727000000, 0x0000000727000000|100%| O|  |TAMS 0x0000000726e00000, 0x0000000726e00000| Untracked 
| 296|0x0000000727000000, 0x0000000727200000, 0x0000000727200000|100%| O|  |TAMS 0x0000000727000000, 0x0000000727000000| Untracked 
| 297|0x0000000727200000, 0x0000000727400000, 0x0000000727400000|100%| O|  |TAMS 0x0000000727200000, 0x0000000727200000| Untracked 
| 298|0x0000000727400000, 0x0000000727600000, 0x0000000727600000|100%| O|  |TAMS 0x0000000727400000, 0x0000000727400000| Untracked 
| 299|0x0000000727600000, 0x0000000727800000, 0x0000000727800000|100%| O|  |TAMS 0x0000000727600000, 0x0000000727600000| Untracked 
| 300|0x0000000727800000, 0x0000000727a00000, 0x0000000727a00000|100%| O|  |TAMS 0x0000000727800000, 0x0000000727800000| Untracked 
| 301|0x0000000727a00000, 0x0000000727c00000, 0x0000000727c00000|100%| O|  |TAMS 0x0000000727a00000, 0x0000000727a00000| Untracked 
| 302|0x0000000727c00000, 0x0000000727e00000, 0x0000000727e00000|100%| O|  |TAMS 0x0000000727c00000, 0x0000000727c00000| Untracked 
| 303|0x0000000727e00000, 0x0000000728000000, 0x0000000728000000|100%| O|  |TAMS 0x0000000727e00000, 0x0000000727e00000| Untracked 
| 304|0x0000000728000000, 0x0000000728200000, 0x0000000728200000|100%| O|  |TAMS 0x0000000728000000, 0x0000000728000000| Untracked 
| 305|0x0000000728200000, 0x0000000728400000, 0x0000000728400000|100%| O|  |TAMS 0x0000000728200000, 0x0000000728200000| Untracked 
| 306|0x0000000728400000, 0x0000000728600000, 0x0000000728600000|100%| O|  |TAMS 0x0000000728400000, 0x0000000728400000| Untracked 
| 307|0x0000000728600000, 0x0000000728800000, 0x0000000728800000|100%| O|  |TAMS 0x0000000728600000, 0x0000000728600000| Untracked 
| 308|0x0000000728800000, 0x0000000728a00000, 0x0000000728a00000|100%| O|  |TAMS 0x0000000728800000, 0x0000000728800000| Untracked 
| 309|0x0000000728a00000, 0x0000000728c00000, 0x0000000728c00000|100%| O|  |TAMS 0x0000000728a00000, 0x0000000728a00000| Untracked 
| 310|0x0000000728c00000, 0x0000000728e00000, 0x0000000728e00000|100%| O|  |TAMS 0x0000000728c00000, 0x0000000728c00000| Untracked 
| 311|0x0000000728e00000, 0x0000000729000000, 0x0000000729000000|100%| O|  |TAMS 0x0000000728e00000, 0x0000000728e00000| Untracked 
| 312|0x0000000729000000, 0x0000000729200000, 0x0000000729200000|100%| O|  |TAMS 0x0000000729000000, 0x0000000729000000| Untracked 
| 313|0x0000000729200000, 0x0000000729400000, 0x0000000729400000|100%| O|  |TAMS 0x0000000729200000, 0x0000000729200000| Untracked 
| 314|0x0000000729400000, 0x0000000729600000, 0x0000000729600000|100%| O|  |TAMS 0x0000000729400000, 0x0000000729400000| Untracked 
| 315|0x0000000729600000, 0x0000000729800000, 0x0000000729800000|100%| O|  |TAMS 0x0000000729600000, 0x0000000729600000| Untracked 
| 316|0x0000000729800000, 0x0000000729a00000, 0x0000000729a00000|100%| O|  |TAMS 0x0000000729800000, 0x0000000729800000| Untracked 
| 317|0x0000000729a00000, 0x0000000729c00000, 0x0000000729c00000|100%| O|  |TAMS 0x0000000729a00000, 0x0000000729a00000| Untracked 
| 318|0x0000000729c00000, 0x0000000729e00000, 0x0000000729e00000|100%| O|  |TAMS 0x0000000729c00000, 0x0000000729c00000| Untracked 
| 319|0x0000000729e00000, 0x000000072a000000, 0x000000072a000000|100%| O|  |TAMS 0x0000000729e00000, 0x0000000729e00000| Untracked 
| 320|0x000000072a000000, 0x000000072a200000, 0x000000072a200000|100%| O|  |TAMS 0x000000072a000000, 0x000000072a000000| Untracked 
| 321|0x000000072a200000, 0x000000072a400000, 0x000000072a400000|100%| O|  |TAMS 0x000000072a200000, 0x000000072a200000| Untracked 
| 322|0x000000072a400000, 0x000000072a600000, 0x000000072a600000|100%| O|  |TAMS 0x000000072a400000, 0x000000072a400000| Untracked 
| 323|0x000000072a600000, 0x000000072a800000, 0x000000072a800000|100%| O|  |TAMS 0x000000072a600000, 0x000000072a600000| Untracked 
| 324|0x000000072a800000, 0x000000072aa00000, 0x000000072aa00000|100%| O|  |TAMS 0x000000072a800000, 0x000000072a800000| Untracked 
| 325|0x000000072aa00000, 0x000000072ac00000, 0x000000072ac00000|100%| O|  |TAMS 0x000000072aa00000, 0x000000072aa00000| Untracked 
| 326|0x000000072ac00000, 0x000000072ae00000, 0x000000072ae00000|100%| O|  |TAMS 0x000000072ac00000, 0x000000072ac00000| Untracked 
| 327|0x000000072ae00000, 0x000000072b000000, 0x000000072b000000|100%| O|  |TAMS 0x000000072ae00000, 0x000000072ae00000| Untracked 
| 328|0x000000072b000000, 0x000000072b200000, 0x000000072b200000|100%| O|  |TAMS 0x000000072b000000, 0x000000072b000000| Untracked 
| 329|0x000000072b200000, 0x000000072b400000, 0x000000072b400000|100%| O|  |TAMS 0x000000072b200000, 0x000000072b200000| Untracked 
| 330|0x000000072b400000, 0x000000072b600000, 0x000000072b600000|100%| O|  |TAMS 0x000000072b400000, 0x000000072b400000| Untracked 
| 331|0x000000072b600000, 0x000000072b6b6600, 0x000000072b800000| 35%| O|  |TAMS 0x000000072b600000, 0x000000072b600000| Untracked 
| 332|0x000000072b800000, 0x000000072b800000, 0x000000072ba00000|  0%| F|  |TAMS 0x000000072b800000, 0x000000072b800000| Untracked 
| 333|0x000000072ba00000, 0x000000072ba00000, 0x000000072bc00000|  0%| F|  |TAMS 0x000000072ba00000, 0x000000072ba00000| Untracked 
| 334|0x000000072bc00000, 0x000000072bc00000, 0x000000072be00000|  0%| F|  |TAMS 0x000000072bc00000, 0x000000072bc00000| Untracked 
| 335|0x000000072be00000, 0x000000072be00000, 0x000000072c000000|  0%| F|  |TAMS 0x000000072be00000, 0x000000072be00000| Untracked 
| 336|0x000000072c000000, 0x000000072c000000, 0x000000072c200000|  0%| F|  |TAMS 0x000000072c000000, 0x000000072c000000| Untracked 
| 337|0x000000072c200000, 0x000000072c200000, 0x000000072c400000|  0%| F|  |TAMS 0x000000072c200000, 0x000000072c200000| Untracked 
| 338|0x000000072c400000, 0x000000072c400000, 0x000000072c600000|  0%| F|  |TAMS 0x000000072c400000, 0x000000072c400000| Untracked 
| 339|0x000000072c600000, 0x000000072c600000, 0x000000072c800000|  0%| F|  |TAMS 0x000000072c600000, 0x000000072c600000| Untracked 
| 340|0x000000072c800000, 0x000000072c800000, 0x000000072ca00000|  0%| F|  |TAMS 0x000000072c800000, 0x000000072c800000| Untracked 
| 341|0x000000072ca00000, 0x000000072ca00000, 0x000000072cc00000|  0%| F|  |TAMS 0x000000072ca00000, 0x000000072ca00000| Untracked 
| 342|0x000000072cc00000, 0x000000072cc00000, 0x000000072ce00000|  0%| F|  |TAMS 0x000000072cc00000, 0x000000072cc00000| Untracked 
| 343|0x000000072ce00000, 0x000000072ce00000, 0x000000072d000000|  0%| F|  |TAMS 0x000000072ce00000, 0x000000072ce00000| Untracked 
| 344|0x000000072d000000, 0x000000072d000000, 0x000000072d200000|  0%| F|  |TAMS 0x000000072d000000, 0x000000072d000000| Untracked 
| 345|0x000000072d200000, 0x000000072d200000, 0x000000072d400000|  0%| F|  |TAMS 0x000000072d200000, 0x000000072d200000| Untracked 
| 346|0x000000072d400000, 0x000000072d400000, 0x000000072d600000|  0%| F|  |TAMS 0x000000072d400000, 0x000000072d400000| Untracked 
| 347|0x000000072d600000, 0x000000072d600000, 0x000000072d800000|  0%| F|  |TAMS 0x000000072d600000, 0x000000072d600000| Untracked 
| 348|0x000000072d800000, 0x000000072d800000, 0x000000072da00000|  0%| F|  |TAMS 0x000000072d800000, 0x000000072d800000| Untracked 
| 349|0x000000072da00000, 0x000000072da00000, 0x000000072dc00000|  0%| F|  |TAMS 0x000000072da00000, 0x000000072da00000| Untracked 
| 350|0x000000072dc00000, 0x000000072dc00000, 0x000000072de00000|  0%| F|  |TAMS 0x000000072dc00000, 0x000000072dc00000| Untracked 
| 351|0x000000072de00000, 0x000000072de00000, 0x000000072e000000|  0%| F|  |TAMS 0x000000072de00000, 0x000000072de00000| Untracked 
| 352|0x000000072e000000, 0x000000072e000000, 0x000000072e200000|  0%| F|  |TAMS 0x000000072e000000, 0x000000072e000000| Untracked 
| 353|0x000000072e200000, 0x000000072e200000, 0x000000072e400000|  0%| F|  |TAMS 0x000000072e200000, 0x000000072e200000| Untracked 
| 354|0x000000072e400000, 0x000000072e400000, 0x000000072e600000|  0%| F|  |TAMS 0x000000072e400000, 0x000000072e400000| Untracked 
| 355|0x000000072e600000, 0x000000072e600000, 0x000000072e800000|  0%| F|  |TAMS 0x000000072e600000, 0x000000072e600000| Untracked 
| 356|0x000000072e800000, 0x000000072e800000, 0x000000072ea00000|  0%| F|  |TAMS 0x000000072e800000, 0x000000072e800000| Untracked 
| 357|0x000000072ea00000, 0x000000072ea00000, 0x000000072ec00000|  0%| F|  |TAMS 0x000000072ea00000, 0x000000072ea00000| Untracked 
| 358|0x000000072ec00000, 0x000000072ec00000, 0x000000072ee00000|  0%| F|  |TAMS 0x000000072ec00000, 0x000000072ec00000| Untracked 
| 359|0x000000072ee00000, 0x000000072ee00000, 0x000000072f000000|  0%| F|  |TAMS 0x000000072ee00000, 0x000000072ee00000| Untracked 
| 360|0x000000072f000000, 0x000000072f000000, 0x000000072f200000|  0%| F|  |TAMS 0x000000072f000000, 0x000000072f000000| Untracked 
| 361|0x000000072f200000, 0x000000072f200000, 0x000000072f400000|  0%| F|  |TAMS 0x000000072f200000, 0x000000072f200000| Untracked 
| 362|0x000000072f400000, 0x000000072f400000, 0x000000072f600000|  0%| F|  |TAMS 0x000000072f400000, 0x000000072f400000| Untracked 
| 363|0x000000072f600000, 0x000000072f600000, 0x000000072f800000|  0%| F|  |TAMS 0x000000072f600000, 0x000000072f600000| Untracked 
| 364|0x000000072f800000, 0x000000072f800000, 0x000000072fa00000|  0%| F|  |TAMS 0x000000072f800000, 0x000000072f800000| Untracked 
| 365|0x000000072fa00000, 0x000000072fa00000, 0x000000072fc00000|  0%| F|  |TAMS 0x000000072fa00000, 0x000000072fa00000| Untracked 
| 366|0x000000072fc00000, 0x000000072fc00000, 0x000000072fe00000|  0%| F|  |TAMS 0x000000072fc00000, 0x000000072fc00000| Untracked 
| 367|0x000000072fe00000, 0x000000072fe00000, 0x0000000730000000|  0%| F|  |TAMS 0x000000072fe00000, 0x000000072fe00000| Untracked 
| 368|0x0000000730000000, 0x0000000730000000, 0x0000000730200000|  0%| F|  |TAMS 0x0000000730000000, 0x0000000730000000| Untracked 
| 369|0x0000000730200000, 0x0000000730200000, 0x0000000730400000|  0%| F|  |TAMS 0x0000000730200000, 0x0000000730200000| Untracked 
| 370|0x0000000730400000, 0x0000000730400000, 0x0000000730600000|  0%| F|  |TAMS 0x0000000730400000, 0x0000000730400000| Untracked 
| 371|0x0000000730600000, 0x0000000730600000, 0x0000000730800000|  0%| F|  |TAMS 0x0000000730600000, 0x0000000730600000| Untracked 
| 372|0x0000000730800000, 0x0000000730800000, 0x0000000730a00000|  0%| F|  |TAMS 0x0000000730800000, 0x0000000730800000| Untracked 
| 373|0x0000000730a00000, 0x0000000730a00000, 0x0000000730c00000|  0%| F|  |TAMS 0x0000000730a00000, 0x0000000730a00000| Untracked 
| 374|0x0000000730c00000, 0x0000000730c00000, 0x0000000730e00000|  0%| F|  |TAMS 0x0000000730c00000, 0x0000000730c00000| Untracked 
| 375|0x0000000730e00000, 0x0000000730e00000, 0x0000000731000000|  0%| F|  |TAMS 0x0000000730e00000, 0x0000000730e00000| Untracked 
| 376|0x0000000731000000, 0x0000000731000000, 0x0000000731200000|  0%| F|  |TAMS 0x0000000731000000, 0x0000000731000000| Untracked 
| 377|0x0000000731200000, 0x0000000731200000, 0x0000000731400000|  0%| F|  |TAMS 0x0000000731200000, 0x0000000731200000| Untracked 
| 378|0x0000000731400000, 0x0000000731400000, 0x0000000731600000|  0%| F|  |TAMS 0x0000000731400000, 0x0000000731400000| Untracked 
| 379|0x0000000731600000, 0x0000000731600000, 0x0000000731800000|  0%| F|  |TAMS 0x0000000731600000, 0x0000000731600000| Untracked 
| 380|0x0000000731800000, 0x0000000731800000, 0x0000000731a00000|  0%| F|  |TAMS 0x0000000731800000, 0x0000000731800000| Untracked 
| 381|0x0000000731a00000, 0x0000000731a00000, 0x0000000731c00000|  0%| F|  |TAMS 0x0000000731a00000, 0x0000000731a00000| Untracked 
| 382|0x0000000731c00000, 0x0000000731c00000, 0x0000000731e00000|  0%| F|  |TAMS 0x0000000731c00000, 0x0000000731c00000| Untracked 
| 383|0x0000000731e00000, 0x0000000731e00000, 0x0000000732000000|  0%| F|  |TAMS 0x0000000731e00000, 0x0000000731e00000| Untracked 
| 384|0x0000000732000000, 0x0000000732000000, 0x0000000732200000|  0%| F|  |TAMS 0x0000000732000000, 0x0000000732000000| Untracked 
| 385|0x0000000732200000, 0x0000000732200000, 0x0000000732400000|  0%| F|  |TAMS 0x0000000732200000, 0x0000000732200000| Untracked 
| 386|0x0000000732400000, 0x0000000732400000, 0x0000000732600000|  0%| F|  |TAMS 0x0000000732400000, 0x0000000732400000| Untracked 
| 387|0x0000000732600000, 0x0000000732600000, 0x0000000732800000|  0%| F|  |TAMS 0x0000000732600000, 0x0000000732600000| Untracked 
| 388|0x0000000732800000, 0x0000000732800000, 0x0000000732a00000|  0%| F|  |TAMS 0x0000000732800000, 0x0000000732800000| Untracked 
| 389|0x0000000732a00000, 0x0000000732a00000, 0x0000000732c00000|  0%| F|  |TAMS 0x0000000732a00000, 0x0000000732a00000| Untracked 
| 390|0x0000000732c00000, 0x0000000732c00000, 0x0000000732e00000|  0%| F|  |TAMS 0x0000000732c00000, 0x0000000732c00000| Untracked 
| 391|0x0000000732e00000, 0x0000000732e00000, 0x0000000733000000|  0%| F|  |TAMS 0x0000000732e00000, 0x0000000732e00000| Untracked 
| 392|0x0000000733000000, 0x0000000733000000, 0x0000000733200000|  0%| F|  |TAMS 0x0000000733000000, 0x0000000733000000| Untracked 
| 393|0x0000000733200000, 0x0000000733200000, 0x0000000733400000|  0%| F|  |TAMS 0x0000000733200000, 0x0000000733200000| Untracked 
| 394|0x0000000733400000, 0x0000000733400000, 0x0000000733600000|  0%| F|  |TAMS 0x0000000733400000, 0x0000000733400000| Untracked 
| 395|0x0000000733600000, 0x0000000733600000, 0x0000000733800000|  0%| F|  |TAMS 0x0000000733600000, 0x0000000733600000| Untracked 
| 396|0x0000000733800000, 0x0000000733800000, 0x0000000733a00000|  0%| F|  |TAMS 0x0000000733800000, 0x0000000733800000| Untracked 
| 397|0x0000000733a00000, 0x0000000733a00000, 0x0000000733c00000|  0%| F|  |TAMS 0x0000000733a00000, 0x0000000733a00000| Untracked 
| 398|0x0000000733c00000, 0x0000000733c00000, 0x0000000733e00000|  0%| F|  |TAMS 0x0000000733c00000, 0x0000000733c00000| Untracked 
| 399|0x0000000733e00000, 0x0000000733e00000, 0x0000000734000000|  0%| F|  |TAMS 0x0000000733e00000, 0x0000000733e00000| Untracked 
| 400|0x0000000734000000, 0x0000000734000000, 0x0000000734200000|  0%| F|  |TAMS 0x0000000734000000, 0x0000000734000000| Untracked 
| 401|0x0000000734200000, 0x0000000734200000, 0x0000000734400000|  0%| F|  |TAMS 0x0000000734200000, 0x0000000734200000| Untracked 
| 402|0x0000000734400000, 0x0000000734400000, 0x0000000734600000|  0%| F|  |TAMS 0x0000000734400000, 0x0000000734400000| Untracked 
| 403|0x0000000734600000, 0x0000000734600000, 0x0000000734800000|  0%| F|  |TAMS 0x0000000734600000, 0x0000000734600000| Untracked 
| 404|0x0000000734800000, 0x0000000734800000, 0x0000000734a00000|  0%| F|  |TAMS 0x0000000734800000, 0x0000000734800000| Untracked 
| 405|0x0000000734a00000, 0x0000000734a00000, 0x0000000734c00000|  0%| F|  |TAMS 0x0000000734a00000, 0x0000000734a00000| Untracked 
| 406|0x0000000734c00000, 0x0000000734c00000, 0x0000000734e00000|  0%| F|  |TAMS 0x0000000734c00000, 0x0000000734c00000| Untracked 
| 407|0x0000000734e00000, 0x0000000734e00000, 0x0000000735000000|  0%| F|  |TAMS 0x0000000734e00000, 0x0000000734e00000| Untracked 
| 408|0x0000000735000000, 0x0000000735000000, 0x0000000735200000|  0%| F|  |TAMS 0x0000000735000000, 0x0000000735000000| Untracked 
| 409|0x0000000735200000, 0x0000000735200000, 0x0000000735400000|  0%| F|  |TAMS 0x0000000735200000, 0x0000000735200000| Untracked 
| 410|0x0000000735400000, 0x0000000735400000, 0x0000000735600000|  0%| F|  |TAMS 0x0000000735400000, 0x0000000735400000| Untracked 
| 411|0x0000000735600000, 0x0000000735600000, 0x0000000735800000|  0%| F|  |TAMS 0x0000000735600000, 0x0000000735600000| Untracked 
| 412|0x0000000735800000, 0x0000000735800000, 0x0000000735a00000|  0%| F|  |TAMS 0x0000000735800000, 0x0000000735800000| Untracked 
| 413|0x0000000735a00000, 0x0000000735a00000, 0x0000000735c00000|  0%| F|  |TAMS 0x0000000735a00000, 0x0000000735a00000| Untracked 
| 414|0x0000000735c00000, 0x0000000735c00000, 0x0000000735e00000|  0%| F|  |TAMS 0x0000000735c00000, 0x0000000735c00000| Untracked 
| 415|0x0000000735e00000, 0x0000000735e00000, 0x0000000736000000|  0%| F|  |TAMS 0x0000000735e00000, 0x0000000735e00000| Untracked 
| 416|0x0000000736000000, 0x0000000736000000, 0x0000000736200000|  0%| F|  |TAMS 0x0000000736000000, 0x0000000736000000| Untracked 
| 417|0x0000000736200000, 0x0000000736200000, 0x0000000736400000|  0%| F|  |TAMS 0x0000000736200000, 0x0000000736200000| Untracked 
| 418|0x0000000736400000, 0x0000000736400000, 0x0000000736600000|  0%| F|  |TAMS 0x0000000736400000, 0x0000000736400000| Untracked 
| 419|0x0000000736600000, 0x0000000736600000, 0x0000000736800000|  0%| F|  |TAMS 0x0000000736600000, 0x0000000736600000| Untracked 
| 420|0x0000000736800000, 0x0000000736800000, 0x0000000736a00000|  0%| F|  |TAMS 0x0000000736800000, 0x0000000736800000| Untracked 
| 421|0x0000000736a00000, 0x0000000736a00000, 0x0000000736c00000|  0%| F|  |TAMS 0x0000000736a00000, 0x0000000736a00000| Untracked 
| 422|0x0000000736c00000, 0x0000000736c00000, 0x0000000736e00000|  0%| F|  |TAMS 0x0000000736c00000, 0x0000000736c00000| Untracked 
| 423|0x0000000736e00000, 0x0000000736e00000, 0x0000000737000000|  0%| F|  |TAMS 0x0000000736e00000, 0x0000000736e00000| Untracked 
| 424|0x0000000737000000, 0x00000007370c8840, 0x0000000737200000| 39%| E|  |TAMS 0x0000000737000000, 0x0000000737000000| Complete 
| 425|0x0000000737200000, 0x0000000737400000, 0x0000000737400000|100%| E|  |TAMS 0x0000000737200000, 0x0000000737200000| Complete 
| 426|0x0000000737400000, 0x0000000737600000, 0x0000000737600000|100%| E|CS|TAMS 0x0000000737400000, 0x0000000737400000| Complete 
| 427|0x0000000737600000, 0x0000000737800000, 0x0000000737800000|100%| E|CS|TAMS 0x0000000737600000, 0x0000000737600000| Complete 
| 428|0x0000000737800000, 0x0000000737a00000, 0x0000000737a00000|100%| E|CS|TAMS 0x0000000737800000, 0x0000000737800000| Complete 
|1998|0x00000007fbc00000, 0x00000007fbe00000, 0x00000007fbe00000|100%| E|CS|TAMS 0x00000007fbc00000, 0x00000007fbc00000| Complete 
|1999|0x00000007fbe00000, 0x00000007fc000000, 0x00000007fc000000|100%| E|CS|TAMS 0x00000007fbe00000, 0x00000007fbe00000| Complete 
|2000|0x00000007fc000000, 0x00000007fc200000, 0x00000007fc200000|100%| O|  |TAMS 0x00000007fc200000, 0x00000007fc000000| Untracked 
|2001|0x00000007fc200000, 0x00000007fc400000, 0x00000007fc400000|100%| E|CS|TAMS 0x00000007fc200000, 0x00000007fc200000| Complete 
|2002|0x00000007fc400000, 0x00000007fc600000, 0x00000007fc600000|100%| S|CS|TAMS 0x00000007fc400000, 0x00000007fc400000| Complete 
|2003|0x00000007fc600000, 0x00000007fc800000, 0x00000007fc800000|100%| E|CS|TAMS 0x00000007fc600000, 0x00000007fc600000| Complete 
|2004|0x00000007fc800000, 0x00000007fca00000, 0x00000007fca00000|100%| O|  |TAMS 0x00000007fca00000, 0x00000007fc800000| Untracked 
|2005|0x00000007fca00000, 0x00000007fcc00000, 0x00000007fcc00000|100%| E|CS|TAMS 0x00000007fca00000, 0x00000007fca00000| Complete 
|2006|0x00000007fcc00000, 0x00000007fce00000, 0x00000007fce00000|100%| E|CS|TAMS 0x00000007fcc00000, 0x00000007fcc00000| Complete 
|2007|0x00000007fce00000, 0x00000007fd000000, 0x00000007fd000000|100%| S|CS|TAMS 0x00000007fce00000, 0x00000007fce00000| Complete 
|2008|0x00000007fd000000, 0x00000007fd200000, 0x00000007fd200000|100%| S|CS|TAMS 0x00000007fd000000, 0x00000007fd000000| Complete 
|2009|0x00000007fd200000, 0x00000007fd400000, 0x00000007fd400000|100%| E|CS|TAMS 0x00000007fd200000, 0x00000007fd200000| Complete 
|2010|0x00000007fd400000, 0x00000007fd600000, 0x00000007fd600000|100%| E|CS|TAMS 0x00000007fd400000, 0x00000007fd400000| Complete 
|2011|0x00000007fd600000, 0x00000007fd800000, 0x00000007fd800000|100%| O|  |TAMS 0x00000007fd800000, 0x00000007fd600000| Untracked 
|2012|0x00000007fd800000, 0x00000007fda00000, 0x00000007fda00000|100%| E|CS|TAMS 0x00000007fd800000, 0x00000007fd800000| Complete 
|2013|0x00000007fda00000, 0x00000007fdc00000, 0x00000007fdc00000|100%| E|CS|TAMS 0x00000007fda00000, 0x00000007fda00000| Complete 
|2014|0x00000007fdc00000, 0x00000007fde00000, 0x00000007fde00000|100%| O|  |TAMS 0x00000007fde00000, 0x00000007fdc00000| Untracked 
|2015|0x00000007fde00000, 0x00000007fe000000, 0x00000007fe000000|100%| E|CS|TAMS 0x00000007fde00000, 0x00000007fde00000| Complete 
|2016|0x00000007fe000000, 0x00000007fe200000, 0x00000007fe200000|100%| E|CS|TAMS 0x00000007fe000000, 0x00000007fe000000| Complete 
|2017|0x00000007fe200000, 0x00000007fe400000, 0x00000007fe400000|100%| E|CS|TAMS 0x00000007fe200000, 0x00000007fe200000| Complete 
|2018|0x00000007fe400000, 0x00000007fe600000, 0x00000007fe600000|100%| E|CS|TAMS 0x00000007fe400000, 0x00000007fe400000| Complete 
|2019|0x00000007fe600000, 0x00000007fe800000, 0x00000007fe800000|100%| E|CS|TAMS 0x00000007fe600000, 0x00000007fe600000| Complete 
|2020|0x00000007fe800000, 0x00000007fea00000, 0x00000007fea00000|100%| E|CS|TAMS 0x00000007fe800000, 0x00000007fe800000| Complete 
|2021|0x00000007fea00000, 0x00000007fec00000, 0x00000007fec00000|100%| E|CS|TAMS 0x00000007fea00000, 0x00000007fea00000| Complete 
|2022|0x00000007fec00000, 0x00000007fee00000, 0x00000007fee00000|100%| E|CS|TAMS 0x00000007fec00000, 0x00000007fec00000| Complete 
|2023|0x00000007fee00000, 0x00000007ff000000, 0x00000007ff000000|100%| E|CS|TAMS 0x00000007fee00000, 0x00000007fee00000| Complete 
|2024|0x00000007ff000000, 0x00000007ff200000, 0x00000007ff200000|100%| E|CS|TAMS 0x00000007ff000000, 0x00000007ff000000| Complete 
|2025|0x00000007ff200000, 0x00000007ff400000, 0x00000007ff400000|100%| E|CS|TAMS 0x00000007ff200000, 0x00000007ff200000| Complete 
|2026|0x00000007ff400000, 0x00000007ff600000, 0x00000007ff600000|100%| E|CS|TAMS 0x00000007ff400000, 0x00000007ff400000| Complete 
|2027|0x00000007ff600000, 0x00000007ff800000, 0x00000007ff800000|100%| E|CS|TAMS 0x00000007ff600000, 0x00000007ff600000| Complete 
|2028|0x00000007ff800000, 0x00000007ffa00000, 0x00000007ffa00000|100%| E|CS|TAMS 0x00000007ff800000, 0x00000007ff800000| Complete 
|2029|0x00000007ffa00000, 0x00000007ffc00000, 0x00000007ffc00000|100%| E|CS|TAMS 0x00000007ffa00000, 0x00000007ffa00000| Complete 
|2030|0x00000007ffc00000, 0x00000007ffe00000, 0x00000007ffe00000|100%| E|CS|TAMS 0x00000007ffc00000, 0x00000007ffc00000| Complete 
|2031|0x00000007ffe00000, 0x0000000800000000, 0x0000000800000000|100%| E|CS|TAMS 0x00000007ffe00000, 0x00000007ffe00000| Complete 

Card table byte_map: [0x0000025a42480000,0x0000025a42c70000] _byte_map_base: 0x0000025a3ec70000

Marking Bits (Prev, Next): (CMBitMap*) 0x0000025a2a834b00, (CMBitMap*) 0x0000025a2a834ac0
 Prev Bits: [0x0000025a473e0000, 0x0000025a4b360000)
 Next Bits: [0x0000025a43460000, 0x0000025a473e0000)

Polling page: 0x0000025a29f90000

Metaspace:

Usage:
  Non-class:     11.17 MB used.
      Class:      1.36 MB used.
       Both:     12.53 MB used.

Virtual space:
  Non-class space:       64.00 MB reserved,      11.31 MB ( 18%) committed,  1 nodes.
      Class space:        1.00 GB reserved,       1.50 MB ( <1%) committed,  1 nodes.
             Both:        1.06 GB reserved,      12.81 MB (  1%) committed. 

Chunk freelists:
   Non-Class:  316.00 KB
       Class:  2.53 MB
        Both:  2.84 MB

MaxMetaspaceSize: unlimited
CompressedClassSpaceSize: 1.00 GB
Initial GC threshold: 21.00 MB
Current GC threshold: 21.00 MB
CDS: on
MetaspaceReclaimPolicy: balanced
 - commit_granule_bytes: 65536.
 - commit_granule_words: 8192.
 - virtual_space_node_default_size: 8388608.
 - enlarge_chunks_in_place: 1.
 - new_chunks_are_fully_committed: 0.
 - uncommit_free_chunks: 1.
 - use_allocation_guard: 0.


Internal statistics:

num_allocs_failed_limit: 0.
num_arena_births: 200.
num_arena_deaths: 0.
num_vsnodes_births: 2.
num_vsnodes_deaths: 0.
num_space_committed: 205.
num_space_uncommitted: 0.
num_chunks_returned_to_freelist: 0.
num_chunks_taken_from_freelist: 277.
num_chunk_merges: 0.
num_chunk_splits: 183.
num_chunks_enlarged: 122.
num_inconsistent_stats: 0.

CodeHeap 'non-profiled nmethods': size=120000Kb used=1746Kb max_used=1746Kb free=118253Kb
 bounds [0x0000025a3a200000, 0x0000025a3a470000, 0x0000025a41730000]
CodeHeap 'profiled nmethods': size=120000Kb used=6052Kb max_used=6052Kb free=113948Kb
 bounds [0x0000025a32730000, 0x0000025a32d20000, 0x0000025a39c60000]
CodeHeap 'non-nmethods': size=5760Kb used=1397Kb max_used=1454Kb free=4362Kb
 bounds [0x0000025a39c60000, 0x0000025a39ed0000, 0x0000025a3a200000]
 total_blobs=3657 nmethods=3013 adapters=553
 compilation: enabled
              stopped_count=0, restarted_count=0
 full_count=0

Compilation events (20 events):
Event: 15.514 Thread 0x0000025a4d988500 nmethod 2994 0x0000025a32cfb010 code [0x0000025a32cfb480, 0x0000025a32cfc9a8]
Event: 15.514 Thread 0x0000025a4d988500 2989  s    2       sun.awt.image.ToolkitImage::getHeight (48 bytes)
Event: 15.514 Thread 0x0000025a4d988500 nmethod 2989 0x0000025a32cfce90 code [0x0000025a32cfd060, 0x0000025a32cfd318]
Event: 15.514 Thread 0x0000025a4d988500 2990  s    2       sun.awt.image.ToolkitImage::getWidth (48 bytes)
Event: 15.514 Thread 0x0000025a4d988500 nmethod 2990 0x0000025a32cfd410 code [0x0000025a32cfd5e0, 0x0000025a32cfd898]
Event: 15.514 Thread 0x0000025a4d988500 2992       3       sun.awt.windows.TranslucentWindowPainter$BIWindowPainter::getBackBuffer (122 bytes)
Event: 15.515 Thread 0x0000025a4d988500 nmethod 2992 0x0000025a32cfd990 code [0x0000025a32cfdc00, 0x0000025a32cfea98]
Event: 15.515 Thread 0x0000025a4d988500 2991       3       sun.nio.cs.SingleByte$Encoder::encode (32 bytes)
Event: 15.515 Thread 0x0000025a4d988500 nmethod 2991 0x0000025a32cfef10 code [0x0000025a32cff0c0, 0x0000025a32cff2b8]
Event: 15.523 Thread 0x0000025a4d988500 2996       3       sun.java2d.SurfaceData::validatePipe (785 bytes)
Event: 15.524 Thread 0x0000025a4d988500 nmethod 2996 0x0000025a32cff410 code [0x0000025a32cff8a0, 0x0000025a32d02b08]
Event: 15.534 Thread 0x0000025a4d988500 2997       3       java.awt.EventQueue::eventToCacheIndex (80 bytes)
Event: 15.535 Thread 0x0000025a4d988500 nmethod 2997 0x0000025a32d02d10 code [0x0000025a32d02f00, 0x0000025a32d034d8]
Event: 15.541 Thread 0x0000025a4d988500 2999   !   3       sun.java2d.SunGraphics2D::validateCompClip (186 bytes)
Event: 15.542 Thread 0x0000025a4d988500 nmethod 2999 0x0000025a32d03590 code [0x0000025a32d03820, 0x0000025a32d04618]
Event: 15.545 Thread 0x0000025a4d988500 3000       3       java.awt.geom.AffineTransform::equals (92 bytes)
Event: 15.546 Thread 0x0000025a4d988500 nmethod 3000 0x0000025a32d04a10 code [0x0000025a32d04be0, 0x0000025a32d051d8]
Event: 15.546 Thread 0x0000025a4d988500 3001       3       sun.java2d.SunGraphics2D::validateBasicStroke (332 bytes)
Event: 15.548 Thread 0x0000025a4d988500 nmethod 3001 0x0000025a32d05290 code [0x0000025a32d055e0, 0x0000025a32d06868]
Event: 15.549 Thread 0x0000025a4d988500 3002   !   3       javax.swing.JComponent::paint (409 bytes)

GC Heap History (20 events):
Event: 10.723 GC heap before
{Heap before GC invocations=8 (full 0):
 garbage-first heap   total 358400K, used 286130K [0x0000000702000000, 0x0000000800000000)
  region size 2048K, 10 young (20480K), 1 survivors (2048K)
 Metaspace       used 12316K, committed 12544K, reserved 1114112K
  class space    used 1329K, committed 1472K, reserved 1048576K
}
Event: 10.725 GC heap after
{Heap after GC invocations=9 (full 0):
 garbage-first heap   total 358400K, used 288230K [0x0000000702000000, 0x0000000800000000)
  region size 2048K, 2 young (4096K), 2 survivors (4096K)
 Metaspace       used 12316K, committed 12544K, reserved 1114112K
  class space    used 1329K, committed 1472K, reserved 1048576K
}
Event: 10.855 GC heap before
{Heap before GC invocations=10 (full 0):
 garbage-first heap   total 485376K, used 298470K [0x0000000702000000, 0x0000000800000000)
  region size 2048K, 8 young (16384K), 2 survivors (4096K)
 Metaspace       used 12326K, committed 12608K, reserved 1114112K
  class space    used 1329K, committed 1472K, reserved 1048576K
}
Event: 10.858 GC heap after
{Heap after GC invocations=11 (full 0):
 garbage-first heap   total 729088K, used 303833K [0x0000000702000000, 0x0000000800000000)
  region size 2048K, 1 young (2048K), 1 survivors (2048K)
 Metaspace       used 12326K, committed 12608K, reserved 1114112K
  class space    used 1329K, committed 1472K, reserved 1048576K
}
Event: 11.197 GC heap before
{Heap before GC invocations=11 (full 0):
 garbage-first heap   total 729088K, used 334553K [0x0000000702000000, 0x0000000800000000)
  region size 2048K, 17 young (34816K), 1 survivors (2048K)
 Metaspace       used 12326K, committed 12608K, reserved 1114112K
  class space    used 1329K, committed 1472K, reserved 1048576K
}
Event: 11.208 GC heap after
{Heap after GC invocations=12 (full 0):
 garbage-first heap   total 729088K, used 329138K [0x0000000702000000, 0x0000000800000000)
  region size 2048K, 3 young (6144K), 3 survivors (6144K)
 Metaspace       used 12326K, committed 12608K, reserved 1114112K
  class space    used 1329K, committed 1472K, reserved 1048576K
}
Event: 11.532 GC heap before
{Heap before GC invocations=12 (full 0):
 garbage-first heap   total 729088K, used 355762K [0x0000000702000000, 0x0000000800000000)
  region size 2048K, 17 young (34816K), 3 survivors (6144K)
 Metaspace       used 12328K, committed 12608K, reserved 1114112K
  class space    used 1329K, committed 1472K, reserved 1048576K
}
Event: 11.543 GC heap after
{Heap after GC invocations=13 (full 0):
 garbage-first heap   total 729088K, used 363229K [0x0000000702000000, 0x0000000800000000)
  region size 2048K, 3 young (6144K), 3 survivors (6144K)
 Metaspace       used 12328K, committed 12608K, reserved 1114112K
  class space    used 1329K, committed 1472K, reserved 1048576K
}
Event: 11.840 GC heap before
{Heap before GC invocations=13 (full 0):
 garbage-first heap   total 729088K, used 389853K [0x0000000702000000, 0x0000000800000000)
  region size 2048K, 17 young (34816K), 3 survivors (6144K)
 Metaspace       used 12332K, committed 12608K, reserved 1114112K
  class space    used 1329K, committed 1472K, reserved 1048576K
}
Event: 11.844 GC heap after
{Heap after GC invocations=14 (full 0):
 garbage-first heap   total 729088K, used 391959K [0x0000000702000000, 0x0000000800000000)
  region size 2048K, 3 young (6144K), 3 survivors (6144K)
 Metaspace       used 12332K, committed 12608K, reserved 1114112K
  class space    used 1329K, committed 1472K, reserved 1048576K
}
Event: 12.918 GC heap before
{Heap before GC invocations=14 (full 0):
 garbage-first heap   total 729088K, used 488215K [0x0000000702000000, 0x0000000800000000)
  region size 2048K, 51 young (104448K), 3 survivors (6144K)
 Metaspace       used 12365K, committed 12608K, reserved 1114112K
  class space    used 1329K, committed 1472K, reserved 1048576K
}
Event: 12.930 GC heap after
{Heap after GC invocations=15 (full 0):
 garbage-first heap   total 729088K, used 492980K [0x0000000702000000, 0x0000000800000000)
  region size 2048K, 7 young (14336K), 7 survivors (14336K)
 Metaspace       used 12365K, committed 12608K, reserved 1114112K
  class space    used 1329K, committed 1472K, reserved 1048576K
}
Event: 13.517 GC heap before
{Heap before GC invocations=16 (full 0):
 garbage-first heap   total 813056K, used 538036K [0x0000000702000000, 0x0000000800000000)
  region size 2048K, 35 young (71680K), 7 survivors (14336K)
 Metaspace       used 12371K, committed 12608K, reserved 1114112K
  class space    used 1329K, committed 1472K, reserved 1048576K
}
Event: 13.525 GC heap after
{Heap after GC invocations=17 (full 0):
 garbage-first heap   total 813056K, used 542186K [0x0000000702000000, 0x0000000800000000)
  region size 2048K, 5 young (10240K), 5 survivors (10240K)
 Metaspace       used 12371K, committed 12608K, reserved 1114112K
  class space    used 1329K, committed 1472K, reserved 1048576K
}
Event: 13.830 GC heap before
{Heap before GC invocations=17 (full 0):
 garbage-first heap   total 813056K, used 568810K [0x0000000702000000, 0x0000000800000000)
  region size 2048K, 19 young (38912K), 5 survivors (10240K)
 Metaspace       used 12399K, committed 12672K, reserved 1114112K
  class space    used 1329K, committed 1472K, reserved 1048576K
}
Event: 13.845 GC heap after
{Heap after GC invocations=18 (full 0):
 garbage-first heap   total 813056K, used 570073K [0x0000000702000000, 0x0000000800000000)
  region size 2048K, 3 young (6144K), 3 survivors (6144K)
 Metaspace       used 12399K, committed 12672K, reserved 1114112K
  class space    used 1329K, committed 1472K, reserved 1048576K
}
Event: 14.237 GC heap before
{Heap before GC invocations=18 (full 0):
 garbage-first heap   total 813056K, used 600793K [0x0000000702000000, 0x0000000800000000)
  region size 2048K, 19 young (38912K), 3 survivors (6144K)
 Metaspace       used 12399K, committed 12672K, reserved 1114112K
  class space    used 1329K, committed 1472K, reserved 1048576K
}
Event: 14.247 GC heap after
{Heap after GC invocations=19 (full 0):
 garbage-first heap   total 948224K, used 605620K [0x0000000702000000, 0x0000000800000000)
  region size 2048K, 3 young (6144K), 3 survivors (6144K)
 Metaspace       used 12399K, committed 12672K, reserved 1114112K
  class space    used 1329K, committed 1472K, reserved 1048576K
}
Event: 14.718 GC heap before
{Heap before GC invocations=19 (full 0):
 garbage-first heap   total 948224K, used 644532K [0x0000000702000000, 0x0000000800000000)
  region size 2048K, 23 young (47104K), 3 survivors (6144K)
 Metaspace       used 12399K, committed 12672K, reserved 1114112K
  class space    used 1329K, committed 1472K, reserved 1048576K
}
Event: 14.726 GC heap after
{Heap after GC invocations=20 (full 0):
 garbage-first heap   total 948224K, used 649945K [0x0000000702000000, 0x0000000800000000)
  region size 2048K, 3 young (6144K), 3 survivors (6144K)
 Metaspace       used 12399K, committed 12672K, reserved 1114112K
  class space    used 1329K, committed 1472K, reserved 1048576K
}

Dll operation events (12 events):
Event: 0.004 Loaded shared library E:\jdk-19.0.2\bin\java.dll
Event: 0.010 Loaded shared library E:\jdk-19.0.2\bin\jsvml.dll
Event: 0.154 Loaded shared library E:\jdk-19.0.2\bin\jimage.dll
Event: 0.180 Loaded shared library E:\jdk-19.0.2\bin\awt.dll
Event: 0.231 Loaded shared library E:\jdk-19.0.2\bin\net.dll
Event: 0.232 Loaded shared library E:\jdk-19.0.2\bin\nio.dll
Event: 0.236 Loaded shared library E:\jdk-19.0.2\bin\zip.dll
Event: 0.486 Loaded shared library E:\jdk-19.0.2\bin\verify.dll
Event: 0.582 Loaded shared library E:\jdk-19.0.2\bin\jsound.dll
Event: 1.226 Loaded shared library E:\jdk-19.0.2\bin\freetype.dll
Event: 1.237 Loaded shared library E:\jdk-19.0.2\bin\fontmanager.dll
Event: 1.880 Loaded shared library E:\jdk-19.0.2\bin\javajpeg.dll

Deoptimization events (20 events):
Event: 15.393 Thread 0x0000025a524a4f80 DEOPT PACKING pc=0x0000025a3a2aeb50 sp=0x000000b9671fc0c0
Event: 15.393 Thread 0x0000025a524a4f80 DEOPT UNPACKING pc=0x0000025a39cc6da3 sp=0x000000b9671fbff8 mode 2
Event: 15.393 Thread 0x0000025a524a4f80 Uncommon trap: trap_request=0xffffff45 fr.pc=0x0000025a3a36677c relative=0x000000000000015c
Event: 15.393 Thread 0x0000025a524a4f80 Uncommon trap: reason=unstable_if action=reinterpret pc=0x0000025a3a36677c method=sun.java2d.SunGraphics2D.getFontInfo()Lsun/java2d/loops/FontInfo; @ 4 c2
Event: 15.393 Thread 0x0000025a524a4f80 DEOPT PACKING pc=0x0000025a3a36677c sp=0x000000b9671fc9c0
Event: 15.393 Thread 0x0000025a524a4f80 DEOPT UNPACKING pc=0x0000025a39cc6da3 sp=0x000000b9671fc978 mode 2
Event: 15.394 Thread 0x0000025a524a4f80 Uncommon trap: trap_request=0xffffffde fr.pc=0x0000025a3a33d11c relative=0x000000000000161c
Event: 15.394 Thread 0x0000025a524a4f80 Uncommon trap: reason=class_check action=maybe_recompile pc=0x0000025a3a33d11c method=javax.swing.JComponent.paintBorder(Ljava/awt/Graphics;)V @ 22 c2
Event: 15.394 Thread 0x0000025a524a4f80 DEOPT PACKING pc=0x0000025a3a33d11c sp=0x000000b9671fd0e0
Event: 15.394 Thread 0x0000025a524a4f80 DEOPT UNPACKING pc=0x0000025a39cc6da3 sp=0x000000b9671fd0d8 mode 2
Event: 15.394 Thread 0x0000025a524a4f80 Uncommon trap: trap_request=0xffffffde fr.pc=0x0000025a3a33d11c relative=0x000000000000161c
Event: 15.394 Thread 0x0000025a524a4f80 Uncommon trap: reason=class_check action=maybe_recompile pc=0x0000025a3a33d11c method=javax.swing.JComponent.paintBorder(Ljava/awt/Graphics;)V @ 22 c2
Event: 15.394 Thread 0x0000025a524a4f80 DEOPT PACKING pc=0x0000025a3a33d11c sp=0x000000b9671fd340
Event: 15.394 Thread 0x0000025a524a4f80 DEOPT UNPACKING pc=0x0000025a39cc6da3 sp=0x000000b9671fd338 mode 2
Event: 15.397 Thread 0x0000025a52c76c90 DEOPT PACKING pc=0x0000025a32cdfcbc sp=0x000000b9688fedc0
Event: 15.397 Thread 0x0000025a52c76c90 DEOPT UNPACKING pc=0x0000025a39cc7543 sp=0x000000b9688fe258 mode 0
Event: 15.479 Thread 0x0000025a52c76c90 Uncommon trap: trap_request=0xffffff45 fr.pc=0x0000025a3a383ff8 relative=0x0000000000000058
Event: 15.479 Thread 0x0000025a52c76c90 Uncommon trap: reason=unstable_if action=reinterpret pc=0x0000025a3a383ff8 method=java.util.IdentityHashMap.isEmpty()Z @ 4 c2
Event: 15.479 Thread 0x0000025a52c76c90 DEOPT PACKING pc=0x0000025a3a383ff8 sp=0x000000b9688ff2d0
Event: 15.479 Thread 0x0000025a52c76c90 DEOPT UNPACKING pc=0x0000025a39cc6da3 sp=0x000000b9688ff260 mode 2

Classes loaded (20 events):
Event: 15.357 Loading class sun/java2d/opengl/OGLGraphicsConfig done
Event: 15.357 Loading class sun/java2d/opengl/WGLGraphicsConfig done
Event: 15.357 Loading class sun/awt/image/BufImgVolatileSurfaceManager
Event: 15.357 Loading class sun/awt/image/BufImgVolatileSurfaceManager done
Event: 15.364 Loading class javax/swing/plaf/metal/MetalUtils
Event: 15.365 Loading class javax/swing/plaf/metal/MetalUtils done
Event: 15.365 Loading class javax/swing/plaf/metal/MetalUtils$GradientPainter
Event: 15.365 Loading class javax/swing/plaf/metal/MetalUtils$GradientPainter done
Event: 15.365 Loading class sun/swing/ImageCache$Entry
Event: 15.368 Loading class sun/swing/ImageCache$Entry done
Event: 15.369 Loading class java/awt/GradientPaint
Event: 15.369 Loading class java/awt/GradientPaint done
Event: 15.372 Loading class java/awt/GradientPaintContext
Event: 15.373 Loading class java/awt/GradientPaintContext done
Event: 15.478 Loading class java/lang/Throwable$WrappedPrintStream
Event: 15.479 Loading class java/lang/Throwable$PrintStreamOrWriter
Event: 15.479 Loading class java/lang/Throwable$PrintStreamOrWriter done
Event: 15.479 Loading class java/lang/Throwable$WrappedPrintStream done
Event: 15.480 Loading class java/lang/StackTraceElement$HashedModules
Event: 15.482 Loading class java/lang/StackTraceElement$HashedModules done

Classes unloaded (0 events):
No events

Classes redefined (0 events):
No events

Internal exceptions (20 events):
Event: 0.459 Thread 0x0000025a2a7c2f90 Exception <a 'java/lang/NoSuchMethodError'{0x0000000711bc61e8}: 'java.lang.Object java.lang.invoke.DirectMethodHandle$Holder.invokeStaticInit(java.lang.Object)'> (0x0000000711bc61e8) 
thrown [s\open\src\hotspot\share\interpreter\linkResolver.cpp, line 774]
Event: 0.923 Thread 0x0000025a524a4f80 Exception <a 'java/lang/NoSuchMethodError'{0x00000007116488b8}: 'void java.lang.invoke.DirectMethodHandle$Holder.invokeSpecial(java.lang.Object, java.lang.Object, java.lang.Object)'> (0x00000007116488b8) 
thrown [s\open\src\hotspot\share\interpreter\linkResolver.cpp, line 774]
Event: 1.033 Thread 0x0000025a524a4f80 Exception <a 'java/lang/NoSuchMethodError'{0x00000007116735a0}: 'java.lang.Object java.lang.invoke.DirectMethodHandle$Holder.newInvokeSpecial(java.lang.Object, java.lang.Object, java.lang.Object, java.lang.Object, java.lang.Object)'> (0x00000007116735a0) 
thrown [s\open\src\hotspot\share\interpreter\linkResolver.cpp, line 774]
Event: 1.039 Thread 0x0000025a524a4f80 Exception <a 'java/lang/NoSuchMethodError'{0x00000007116a4c88}: 'java.lang.Object java.lang.invoke.DirectMethodHandle$Holder.invokeStatic(java.lang.Object, int, java.lang.Object)'> (0x00000007116a4c88) 
thrown [s\open\src\hotspot\share\interpreter\linkResolver.cpp, line 774]
Event: 1.084 Thread 0x0000025a524a4f80 Exception <a 'java/lang/ClassNotFoundException'{0x0000000711760840}: com/sun/swing/internal/plaf/metal/resources/spi/metalProvider> (0x0000000711760840) 
thrown [s\open\src\hotspot\share\classfile\systemDictionary.cpp, line 255]
Event: 1.119 Thread 0x0000025a524a4f80 Exception <a 'java/lang/ClassNotFoundException'{0x0000000711764770}: com/sun/swing/internal/plaf/basic/resources/spi/basicProvider> (0x0000000711764770) 
thrown [s\open\src\hotspot\share\classfile\systemDictionary.cpp, line 255]
Event: 1.155 Thread 0x0000025a524a4f80 Exception <a 'java/lang/NoSuchMethodError'{0x0000000711781800}: 'int java.lang.invoke.Invokers$Holder.invokeExact_MT(java.lang.Object, java.lang.Object)'> (0x0000000711781800) 
thrown [s\open\src\hotspot\share\interpreter\linkResolver.cpp, line 774]
Event: 1.185 Thread 0x0000025a52481640 Exception <a 'java/lang/NoSuchMethodError'{0x00000007118806b0}: 'void java.lang.invoke.DirectMethodHandle$Holder.invokeVirtual(java.lang.Object, java.lang.Object)'> (0x00000007118806b0) 
thrown [s\open\src\hotspot\share\interpreter\linkResolver.cpp, line 774]
Event: 1.197 Thread 0x0000025a524a4f80 Exception <a 'java/lang/NoSuchMethodError'{0x00000007117acbd0}: 'void java.lang.invoke.DirectMethodHandle$Holder.invokeStaticInit(java.lang.Object)'> (0x00000007117acbd0) 
thrown [s\open\src\hotspot\share\interpreter\linkResolver.cpp, line 774]
Event: 1.457 Thread 0x0000025a528fa520 Exception <a 'java/lang/NoSuchMethodError'{0x00000007114829e8}: 'java.lang.Object java.lang.invoke.DirectMethodHandle$Holder.newInvokeSpecial(java.lang.Object, java.lang.Object, java.lang.Object, int, int, int, int, int)'> (0x00000007114829e8) 
thrown [s\open\src\hotspot\share\interpreter\linkResolver.cpp, line 774]
Event: 2.448 Thread 0x0000025a524a4f80 Exception <a 'java/lang/NoSuchMethodError'{0x0000000710ff27f0}: 'java.lang.Object java.lang.invoke.DirectMethodHandle$Holder.invokeStaticInit(java.lang.Object, int, int, int, int)'> (0x0000000710ff27f0) 
thrown [s\open\src\hotspot\share\interpreter\linkResolver.cpp, line 774]
Event: 2.531 Thread 0x0000025a524a4f80 Exception <a 'java/lang/NoSuchMethodError'{0x0000000710c5ea40}: 'java.lang.Object java.lang.invoke.DirectMethodHandle$Holder.invokeStaticInit(java.lang.Object, java.lang.Object, int, int, int, int)'> (0x0000000710c5ea40) 
thrown [s\open\src\hotspot\share\interpreter\linkResolver.cpp, line 774]
Event: 3.987 Thread 0x0000025a528fa520 Implicit null exception at 0x0000025a3a2820d0 to 0x0000025a3a284b50
Event: 15.241 Thread 0x0000025a56cc7ce0 Implicit null exception at 0x0000025a3a26c16f to 0x0000025a3a26cbe4
Event: 15.256 Thread 0x0000025a524a4f80 Implicit null exception at 0x0000025a3a35fd6f to 0x0000025a3a3626c4
Event: 15.277 Thread 0x0000025a524a4f80 Exception <a 'java/lang/NoSuchMethodError'{0x00000007fcb715f8}: 'void java.lang.invoke.DirectMethodHandle$Holder.invokeStatic(java.lang.Object, java.lang.Object)'> (0x00000007fcb715f8) 
thrown [s\open\src\hotspot\share\interpreter\linkResolver.cpp, line 774]
Event: 15.280 Thread 0x0000025a524a4f80 Implicit null exception at 0x0000025a3a2dab00 to 0x0000025a3a2dabb0
Event: 15.332 Thread 0x0000025a524a4f80 Exception <a 'java/lang/NoSuchMethodError'{0x00000007fcba8658}: 'int java.lang.invoke.DirectMethodHandle$Holder.invokeStatic(java.lang.Object)'> (0x00000007fcba8658) 
thrown [s\open\src\hotspot\share\interpreter\linkResolver.cpp, line 774]
Event: 15.392 Thread 0x0000025a524a4f80 Implicit null exception at 0x0000025a3a274d92 to 0x0000025a3a27657c
Event: 15.478 Thread 0x0000025a52c76c90 Exception <a 'java/lang/OutOfMemoryError'{0x0000000737589688}> (0x0000000737589688) 
thrown [s\open\src\hotspot\share\prims\jni.cpp, line 536]

VM Operations (20 events):
Event: 14.237 Executing VM operation: G1CollectForAllocation
Event: 14.248 Executing VM operation: G1CollectForAllocation done
Event: 14.718 Executing VM operation: G1CollectForAllocation
Event: 14.728 Executing VM operation: G1CollectForAllocation done
Event: 15.235 Executing VM operation: HandshakeAllThreads
Event: 15.237 Executing VM operation: HandshakeAllThreads done
Event: 15.237 Executing VM operation: HandshakeAllThreads
Event: 15.239 Executing VM operation: HandshakeAllThreads done
Event: 15.239 Executing VM operation: HandshakeAllThreads
Event: 15.240 Executing VM operation: HandshakeAllThreads done
Event: 15.305 Executing VM operation: HandshakeAllThreads
Event: 15.306 Executing VM operation: HandshakeAllThreads done
Event: 15.358 Executing VM operation: HandshakeAllThreads
Event: 15.360 Executing VM operation: HandshakeAllThreads done
Event: 15.360 Executing VM operation: HandshakeAllThreads
Event: 15.363 Executing VM operation: HandshakeAllThreads done
Event: 15.370 Executing VM operation: HandshakeAllThreads
Event: 15.372 Executing VM operation: HandshakeAllThreads done
Event: 15.373 Executing VM operation: HandshakeAllThreads
Event: 15.374 Executing VM operation: HandshakeAllThreads done

Events (20 events):
Event: 15.235 Thread 0x0000025a56cc47c0 Thread added: 0x0000025a56cc47c0
Event: 15.241 Thread 0x0000025a56cc7ce0 Thread added: 0x0000025a56cc7ce0
Event: 15.243 Thread 0x0000025a56cc02b0 Thread added: 0x0000025a56cc02b0
Event: 15.258 Thread 0x0000025a56cc2290 Thread added: 0x0000025a56cc2290
Event: 15.268 Thread 0x0000025a56cc27e0 Thread added: 0x0000025a56cc27e0
Event: 15.285 Thread 0x0000025a56cc5260 Thread added: 0x0000025a56cc5260
Event: 15.292 Thread 0x0000025a56cc8230 Thread added: 0x0000025a56cc8230
Event: 15.309 Thread 0x0000025a56cc8780 Thread added: 0x0000025a56cc8780
Event: 15.317 Thread 0x0000025a56cc0d50 Thread added: 0x0000025a56cc0d50
Event: 15.323 Thread 0x0000025a56cc8cd0 Thread added: 0x0000025a56cc8cd0
Event: 15.328 Thread 0x0000025a56cc12a0 Thread added: 0x0000025a56cc12a0
Event: 15.342 Thread 0x0000025a56cc9220 Thread added: 0x0000025a56cc9220
Event: 15.349 Thread 0x0000025a56cc9770 Thread added: 0x0000025a56cc9770
Event: 15.356 Thread 0x0000025a56cc9cc0 Thread added: 0x0000025a56cc9cc0
Event: 15.397 Thread 0x0000025a56cca210 Thread added: 0x0000025a56cca210
Event: 15.407 Thread 0x0000025a56cca760 Thread added: 0x0000025a56cca760
Event: 15.418 Thread 0x0000025a56cc2d30 Thread added: 0x0000025a56cc2d30
Event: 15.424 Thread 0x0000025a56ccacb0 Thread added: 0x0000025a56ccacb0
Event: 15.433 Thread 0x0000025a56ccb200 Thread added: 0x0000025a56ccb200
Event: 15.517 Thread 0x0000025a52c76c90 Thread exited: 0x0000025a52c76c90


Dynamic libraries:
0x00007ff6ed840000 - 0x00007ff6ed850000 	E:\jdk-19.0.2\bin\java.exe
0x00007ffecba80000 - 0x00007ffecbc89000 	C:\WINDOWS\SYSTEM32\ntdll.dll
0x00007ffecaa40000 - 0x00007ffecaafd000 	C:\WINDOWS\System32\KERNEL32.DLL
0x00007ffec9080000 - 0x00007ffec9404000 	C:\WINDOWS\System32\KERNELBASE.dll
0x00007ffec9410000 - 0x00007ffec9521000 	C:\WINDOWS\System32\ucrtbase.dll
0x00007ffec32d0000 - 0x00007ffec32e8000 	E:\jdk-19.0.2\bin\jli.dll
0x00007ffec25d0000 - 0x00007ffec25eb000 	E:\jdk-19.0.2\bin\VCRUNTIME140.dll
0x00007ffecb4a0000 - 0x00007ffecb54e000 	C:\WINDOWS\System32\ADVAPI32.dll
0x00007ffecad10000 - 0x00007ffecadb3000 	C:\WINDOWS\System32\msvcrt.dll
0x00007ffec9d60000 - 0x00007ffec9dfe000 	C:\WINDOWS\System32\sechost.dll
0x00007ffecaef0000 - 0x00007ffecb011000 	C:\WINDOWS\System32\RPCRT4.dll
0x00007ffecab60000 - 0x00007ffecad0d000 	C:\WINDOWS\System32\USER32.dll
0x00007ffeb2a20000 - 0x00007ffeb2cc5000 	C:\WINDOWS\WinSxS\amd64_microsoft.windows.common-controls_6595b64144ccf1df_6.0.22000.120_none_9d947278b86cc467\COMCTL32.dll
0x00007ffec98a0000 - 0x00007ffec98c6000 	C:\WINDOWS\System32\win32u.dll
0x00007ffecaeb0000 - 0x00007ffecaeda000 	C:\WINDOWS\System32\GDI32.dll
0x00007ffec9710000 - 0x00007ffec982e000 	C:\WINDOWS\System32\gdi32full.dll
0x00007ffec9670000 - 0x00007ffec970d000 	C:\WINDOWS\System32\msvcp_win.dll
0x00007ffec1f30000 - 0x00007ffec1f3a000 	C:\WINDOWS\SYSTEM32\VERSION.dll
0x00007ffecab00000 - 0x00007ffecab31000 	C:\WINDOWS\System32\IMM32.DLL
0x00007ffec44d0000 - 0x00007ffec44dc000 	E:\jdk-19.0.2\bin\vcruntime140_1.dll
0x00007ffec2460000 - 0x00007ffec24ee000 	E:\jdk-19.0.2\bin\msvcp140.dll
0x00007ffe83190000 - 0x00007ffe83e50000 	E:\jdk-19.0.2\bin\server\jvm.dll
0x00007ffeac8a0000 - 0x00007ffeac8a9000 	C:\WINDOWS\SYSTEM32\WSOCK32.dll
0x00007ffec2320000 - 0x00007ffec2353000 	C:\WINDOWS\SYSTEM32\WINMM.dll
0x00007ffecb020000 - 0x00007ffecb08f000 	C:\WINDOWS\System32\WS2_32.dll
0x00007ffec8030000 - 0x00007ffec8048000 	C:\WINDOWS\SYSTEM32\kernel.appcore.dll
0x00007ffec44a0000 - 0x00007ffec44aa000 	E:\jdk-19.0.2\bin\jimage.dll
0x00007ffec6a70000 - 0x00007ffec6c91000 	C:\WINDOWS\SYSTEM32\DBGHELP.DLL
0x00007ffeb2610000 - 0x00007ffeb2641000 	C:\WINDOWS\SYSTEM32\dbgcore.DLL
0x00007ffec9530000 - 0x00007ffec95af000 	C:\WINDOWS\System32\bcryptPrimitives.dll
0x00007ffec25a0000 - 0x00007ffec25c6000 	E:\jdk-19.0.2\bin\java.dll
0x00007ffeb3720000 - 0x00007ffeb37f7000 	E:\jdk-19.0.2\bin\jsvml.dll
0x00007ffeca270000 - 0x00007ffecaa35000 	C:\WINDOWS\System32\SHELL32.dll
0x00007ffec6fa0000 - 0x00007ffec7802000 	C:\WINDOWS\SYSTEM32\windows.storage.dll
0x00007ffec9970000 - 0x00007ffec9ce6000 	C:\WINDOWS\System32\combase.dll
0x00007ffec6e30000 - 0x00007ffec6f97000 	C:\WINDOWS\SYSTEM32\wintypes.dll
0x00007ffecb090000 - 0x00007ffecb17a000 	C:\WINDOWS\System32\SHCORE.dll
0x00007ffecb180000 - 0x00007ffecb1dd000 	C:\WINDOWS\System32\shlwapi.dll
0x00007ffec8e40000 - 0x00007ffec8e65000 	C:\WINDOWS\SYSTEM32\profapi.dll
0x00007ffe9d340000 - 0x00007ffe9d4d1000 	E:\jdk-19.0.2\bin\awt.dll
0x00007ffecadc0000 - 0x00007ffecae96000 	C:\WINDOWS\System32\OLEAUT32.dll
0x00007ffec60e0000 - 0x00007ffec6172000 	C:\WINDOWS\SYSTEM32\apphelp.dll
0x00007ffec2580000 - 0x00007ffec2593000 	E:\jdk-19.0.2\bin\net.dll
0x00007ffec35d0000 - 0x00007ffec36e4000 	C:\WINDOWS\SYSTEM32\WINHTTP.dll
0x00007ffec84d0000 - 0x00007ffec8537000 	C:\WINDOWS\system32\mswsock.dll
0x00007ffec2560000 - 0x00007ffec2576000 	E:\jdk-19.0.2\bin\nio.dll
0x00007ffec2440000 - 0x00007ffec2458000 	E:\jdk-19.0.2\bin\zip.dll
0x00007ffec6260000 - 0x00007ffec630c000 	C:\WINDOWS\system32\uxtheme.dll
0x00007ffec9e00000 - 0x00007ffec9f1d000 	C:\WINDOWS\System32\MSCTF.dll
0x00007ffecb1e0000 - 0x00007ffecb37a000 	C:\WINDOWS\System32\ole32.dll
0x00007ffec32c0000 - 0x00007ffec32d0000 	E:\jdk-19.0.2\bin\verify.dll
0x00007ffeb8a80000 - 0x00007ffeb8a92000 	E:\jdk-19.0.2\bin\jsound.dll
0x00007ffe9d580000 - 0x00007ffe9d622000 	C:\WINDOWS\SYSTEM32\DSOUND.dll
0x00007ffe9d170000 - 0x00007ffe9d221000 	C:\WINDOWS\SYSTEM32\ResampleDmo.DLL
0x00007ffeb16e0000 - 0x00007ffeb1709000 	C:\WINDOWS\SYSTEM32\winmmbase.dll
0x00007ffeb62e0000 - 0x00007ffeb62eb000 	C:\WINDOWS\SYSTEM32\msdmo.dll
0x00007ffec7f80000 - 0x00007ffec7fcd000 	C:\WINDOWS\SYSTEM32\powrprof.dll
0x00007ffec7ec0000 - 0x00007ffec7ed3000 	C:\WINDOWS\SYSTEM32\UMPDC.dll
0x00007ffecb3f0000 - 0x00007ffecb49f000 	C:\WINDOWS\System32\clbcatq.dll
0x00007ffeb7710000 - 0x00007ffeb77ab000 	C:\WINDOWS\System32\MMDevApi.dll
0x00007ffec8bd0000 - 0x00007ffec8c03000 	C:\WINDOWS\System32\DEVOBJ.dll
0x00007ffec8c30000 - 0x00007ffec8c7c000 	C:\WINDOWS\SYSTEM32\cfgmgr32.dll
0x00007ffeb6680000 - 0x00007ffeb66c6000 	C:\WINDOWS\SYSTEM32\wdmaud.drv
0x00007ffec5470000 - 0x00007ffec5479000 	C:\WINDOWS\SYSTEM32\ksuser.dll
0x00007ffec2d30000 - 0x00007ffec2d3b000 	C:\WINDOWS\SYSTEM32\AVRT.dll
0x00007ffeaff40000 - 0x00007ffeb0113000 	C:\WINDOWS\SYSTEM32\AUDIOSES.DLL
0x00007ffec5420000 - 0x00007ffec542d000 	C:\WINDOWS\SYSTEM32\msacm32.drv
0x00007ffec43f0000 - 0x00007ffec440e000 	C:\WINDOWS\SYSTEM32\MSACM32.dll
0x00007ffeb65f0000 - 0x00007ffeb65fb000 	C:\WINDOWS\SYSTEM32\midimap.dll
0x00007ffec6500000 - 0x00007ffec6515000 	C:\WINDOWS\SYSTEM32\resourcepolicyclient.dll
0x00007ffec6600000 - 0x00007ffec662f000 	C:\WINDOWS\system32\DWMAPI.DLL
0x00007ffe93570000 - 0x00007ffe93671000 	C:\WINDOWS\system32\opengl32.dll
0x00007ffe93500000 - 0x00007ffe9352d000 	C:\WINDOWS\SYSTEM32\GLU32.dll
0x00007ffec6380000 - 0x00007ffec63b8000 	C:\WINDOWS\SYSTEM32\dxcore.dll
0x00007ffeb5820000 - 0x00007ffeb59a8000 	C:\Windows\System32\Windows.UI.dll
0x00007ffe9d0e0000 - 0x00007ffe9d166000 	E:\jdk-19.0.2\bin\freetype.dll
0x00007ffe8e970000 - 0x00007ffe8ea36000 	E:\jdk-19.0.2\bin\fontmanager.dll
0x00007ffeaeaa0000 - 0x00007ffeaebcc000 	C:\WINDOWS\SYSTEM32\textinputframework.dll
0x00007ffead700000 - 0x00007ffead72e000 	E:\jdk-19.0.2\bin\javajpeg.dll
0x00007ffec5df0000 - 0x00007ffec5f21000 	C:\WINDOWS\SYSTEM32\CoreMessaging.dll
0x00007ffec13e0000 - 0x00007ffec174d000 	C:\WINDOWS\SYSTEM32\CoreUIComponents.dll
0x00007ffec86c0000 - 0x00007ffec86cc000 	C:\WINDOWS\SYSTEM32\CRYPTBASE.DLL
0x00007ffec87a0000 - 0x00007ffec87b8000 	C:\WINDOWS\SYSTEM32\CRYPTSP.dll
0x00007ffec7f40000 - 0x00007ffec7f75000 	C:\WINDOWS\system32\rsaenh.dll
0x00007ffec8570000 - 0x00007ffec859c000 	C:\WINDOWS\SYSTEM32\USERENV.dll
0x00007ffec88e0000 - 0x00007ffec8907000 	C:\WINDOWS\SYSTEM32\bcrypt.dll
0x00007ffec7b10000 - 0x00007ffec7b3d000 	C:\WINDOWS\SYSTEM32\IPHLPAPI.DLL
0x00007ffecaee0000 - 0x00007ffecaee9000 	C:\WINDOWS\System32\NSI.dll
0x00007ffec3080000 - 0x00007ffec3099000 	C:\WINDOWS\SYSTEM32\dhcpcsvc6.DLL
0x00007ffec4120000 - 0x00007ffec413e000 	C:\WINDOWS\SYSTEM32\dhcpcsvc.DLL
0x00007ffec7b40000 - 0x00007ffec7c27000 	C:\WINDOWS\SYSTEM32\DNSAPI.dll

dbghelp: loaded successfully - version: 4.0.5 - missing functions: none
symbol engine: initialized successfully - sym options: 0x614 - pdb path: .;E:\jdk-19.0.2\bin;C:\WINDOWS\SYSTEM32;C:\WINDOWS\WinSxS\amd64_microsoft.windows.common-controls_6595b64144ccf1df_6.0.22000.120_none_9d947278b86cc467;E:\jdk-19.0.2\bin\server

VM Arguments:
jvm_args: -XX:+ShowCodeDetailsInExceptionMessages 
java_command: gradle.App
java_class_path (initial): E:\university\AP\project\gradle\app\build\resources\main;E:\university\AP\project\gradle\app\build\classes\java\main;C:\Users\user\.gradle\caches\modules-2\files-2.1\com.google.guava\guava\31.1-jre\60458f877d055d0c9114d9e1a2efb737b4bc282c\guava-31.1-jre.jar;C:\Users\user\.gradle\caches\modules-2\files-2.1\net.java.dev.jna\jna-platform\5.12.1\97406a297c852f4a41e688a176ec675f72e8329\jna-platform-5.12.1.jar;C:\Users\user\.gradle\caches\modules-2\files-2.1\com.google.guava\listenablefuture\9999.0-empty-to-avoid-conflict-with-guava\b421526c5f297295adef1c886e5246c39d4ac629\listenablefuture-9999.0-empty-to-avoid-conflict-with-guava.jar;C:\Users\user\.gradle\caches\modules-2\files-2.1\com.google.code.findbugs\jsr305\3.0.2\25ea2e8b0c338a877313bd4672d3fe056ea78f0d\jsr305-3.0.2.jar;C:\Users\user\.gradle\caches\modules-2\files-2.1\com.google.errorprone\error_prone_annotations\2.11.0\c5a0ace696d3f8b1c1d8cc036d8c03cc0cbe6b69\error_prone_annotations-2.11.0.jar;C:\Users\user\.gradle\caches\modules-2\files-2.1\com.googlecode.json-simple\json-simple\1.1.1\c9ad4a0850ab676c5c64461a05ca524cdfff59f1\json-simple-1.1.1.jar;C:\Users\user\.gradle\caches\modules-2\files-2.1\net.java.dev.jna\jna\5.12.1\b1e93a735caea94f503e95e6fe79bf9cdc1e985d\jna-5.12.1.jar;C:\Users\user\.gradle\caches\modules-2\files-2.1\org.hamcrest\hamcrest-core\1.1\860340562250678d1a344907ac75754e259cdb14\hamcrest-core-1.1.jar;C:\Users\user\.gradle\caches\modules-2\files-2.1\junit\junit\4.10\e4f1766ce7404a08f45d859fb9c226fc9e41a861\junit-4.10.jar;C:\Users\user\.gradle\caches\modules-2\files-2.1\com.google.j2objc\j2objc-annotations\1.3\ba035118bc8bac37d7eff77700720999acd9986d\j2objc-annotations-1.3.jar;C:\Users\user\.gradle\caches\modules-2\files-2.1\com.google.guava\failureaccess\1.0.1\1dcf1de382a0bf95a3d8b0849546c88bac1292c9\failureaccess-1.0.1.jar;C:\Users\user\.gradle\caches\modules-2\files-2.1\org.locationtech.jts\jts-core\1.18.2\cf69824dabd57099eff3bceb1a93a2061cc9a0ff\jts-core-1.18.2.jar;C:\Users\user\.gradle\caches\modules-2\files-2.1\org.checkerframework\checker-qual\3.12.0\d5692f0526415fcc6de94bb5bfbd3afd9dd3b3e5\checker-qual-3.12.0.jar
Launcher Type: SUN_STANDARD

[Global flags]
     intx CICompilerCount                          = 4                                         {product} {ergonomic}
     uint ConcGCThreads                            = 3                                         {product} {ergonomic}
     uint G1ConcRefinementThreads                  = 10                                        {product} {ergonomic}
   size_t G1HeapRegionSize                         = 2097152                                   {product} {ergonomic}
    uintx GCDrainStackTargetSize                   = 64                                        {product} {ergonomic}
   size_t InitialHeapSize                          = 266338304                                 {product} {ergonomic}
   size_t MarkStackSize                            = 4194304                                   {product} {ergonomic}
   size_t MaxHeapSize                              = 4261412864                                {product} {ergonomic}
   size_t MaxNewSize                               = 2556428288                                {product} {ergonomic}
   size_t MinHeapDeltaBytes                        = 2097152                                   {product} {ergonomic}
   size_t MinHeapSize                              = 8388608                                   {product} {ergonomic}
    uintx NonNMethodCodeHeapSize                   = 5839372                                {pd product} {ergonomic}
    uintx NonProfiledCodeHeapSize                  = 122909434                              {pd product} {ergonomic}
    uintx ProfiledCodeHeapSize                     = 122909434                              {pd product} {ergonomic}
    uintx ReservedCodeCacheSize                    = 251658240                              {pd product} {ergonomic}
     bool SegmentedCodeCache                       = true                                      {product} {ergonomic}
     bool ShowCodeDetailsInExceptionMessages       = true                                   {manageable} {command line}
   size_t SoftMaxHeapSize                          = 4261412864                             {manageable} {ergonomic}
     bool UseCompressedClassPointers               = true                           {product lp64_product} {ergonomic}
     bool UseCompressedOops                        = true                           {product lp64_product} {ergonomic}
     bool UseG1GC                                  = true                                      {product} {ergonomic}
     bool UseLargePagesIndividualAllocation        = false                                  {pd product} {ergonomic}

Logging:
Log output configuration:
 #0: stdout all=warning uptime,level,tags foldmultilines=false
 #1: stderr all=off uptime,level,tags foldmultilines=false

Environment Variables:
PATH=C:\Program Files\Common Files\Oracle\Java\javapath;C:\Program Files (x86)\Common Files\Intel\Shared Libraries\redist\intel64\compiler;C:\Windows\system32;C:\Windows;C:\Windows\System32\Wbem;C:\Windows\System32\WindowsPowerShell\v1.0\;C:\Windows\System32\OpenSSH\;C:\Program Files (x86)\NVIDIA Corporation\PhysX\Common;D:\program\Microsoft VS Code\bin;C:\WINDOWS\system32;C:\WINDOWS;C:\WINDOWS\System32\Wbem;C:\WINDOWS\System32\WindowsPowerShell\v1.0\;C:\WINDOWS\System32\OpenSSH\;D:\wamp64\bin\php\php8.2.0;C:\wamp64\bin\mysql\mysql8.0.21\bin;C:\Program Files\Git\cmd;E:\flutter\bin;C:\Dart\dart-sdk\bin;C:\Users\user\AppData\Local\Android\Sdk\bin;C:\Users\user\AppData\Local\Android\Sdk;E:\jdk-19.0.2\bin;C:\Program Files\dotnet\;C:\Program Files\nodejs\;C:\Program Files\PuTTY\;C:\Program Files\SlikSvn\bin;C:\Program Files\TortoiseSVN\bin;C:\Program Files\Docker\Docker\resources\bin;C:\Program Files\Microsoft SQL Server\Client SDK\ODBC\170\Tools\Binn\;C:\Program Files\Microsoft SQL Server\150\Tools\Binn\;C:\Program Files (x86)\Windows Kits\10\Windows Performance Toolkit\;C:\Program Files\Docker\Docker\resources\bin;D:\apps\Azure Data Studio\bin;E:\Go\bin;E:\packages\protoc-25.3-win64\bin;E:\Gradle\gradle-8.7\bin;C:\TDM-GCC-64\bin;E:\app;C:\Users\user\.goenv\bin;C:\Program Files\Common Files\Oracle\Java\javapath;C:\Program Files (x86)\Common Files\Intel\Shared Libraries\redist\intel64\compiler;C:\Windows\system32;C:\Windows;C:\Windows\System32\Wbem;C:\Windows\System32\WindowsPowerShell\v1.0\;C:\Windows\System32\OpenSSH\;C:\Program Files (x86)\NVIDIA Corporation\PhysX\Common;D:\program\Microsoft VS Code\bin;C:\WINDOWS\system32;C:\WINDOWS;C:\WINDOWS\System32\Wbem;C:\WINDOWS\System32\WindowsPowerShell\v1.0\;C:\WINDOWS\System32\OpenSSH\;D:\wamp64\bin\php\php8.2.0;C:\ProgramData\ComposerSetup\bin;C:\wamp64\bin\mysql\mysql8.0.21\bin;C:\Program Files\Git\cmd;E:\flutter\bin;C:\Dart\dart-sdk\bin;C:\Users\user\AppData\Local\Android\Sdk\bin;C:\Users\user\AppData\Local\Android\Sdk;E:\jdk-19.0.2\bin;C:\Program Files\dotnet\;C:\Program Files\nodejs\;C:\Program Files\PuTTY\;C:\Program Files\SlikSvn\bin;C:\Program Files\TortoiseSVN\bin;C:\Program Files\Docker\Docker\resources\bin;C:\Program Files\Microsoft SQL Server\Client SDK\ODBC\170\Tools\Binn\;C:\Prog;C:\Users\user\AppData\Local\Programs\Microsoft VS Code\bin;D:\apps\GnuWin32\bin;C:\Users\user\AppData\Roaming\Composer\vendor\bin;;D:\GoLand 2024.1.4\bin;;C:\Users\user\goenv\bin
USERNAME=user
LANG=en_US.UTF-8
OS=Windows_NT
PROCESSOR_IDENTIFIER=Intel64 Family 6 Model 165 Stepping 2, GenuineIntel
TMP=C:\Users\user\AppData\Local\Temp
TEMP=C:\Users\user\AppData\Local\Temp



---------------  S Y S T E M  ---------------

OS:
 Windows 11 , 64 bit Build 22000 (10.0.22000.2538)
OS uptime: 0 days 22:32 hours
Hyper-V role detected

CPU: total 12 (initial active 12) (6 cores per cpu, 2 threads per core) family 6 model 165 stepping 2 microcode 0xe0, cx8, cmov, fxsr, ht, mmx, 3dnowpref, sse, sse2, sse3, ssse3, sse4.1, sse4.2, popcnt, lzcnt, tsc, tscinvbit, avx, avx2, aes, erms, clmul, bmi1, bmi2, adx, fma, vzeroupper, clflush, clflushopt, hv, rdtscp

Memory: 4k page, system-wide physical 16252M (377M free)
TotalPageFile size 46657M (AvailPageFile size 12M)
current process WorkingSet (physical memory assigned to process): 960M, peak: 1005M
current process commit charge ("private bytes"): 1391M, peak: 1445M

vm_info: Java HotSpot(TM) 64-Bit Server VM (19.0.2+7-44) for windows-amd64 JRE (19.0.2+7-44), built on 2022-11-30T18:02:09Z by "mach5one" with MS VC++ 17.1 (VS2022)

END.
